,daily_ann,intra_ann,ovrnt_ann,close,daily_dollar_vol,1y Target Est,Beta,Days Since Last Earnings,Div,EPS (TTM),Earnings Date,Ex-Dividend Date,Market Cap (B),PE Ratio (TTM),Yield
A,0.20078306861525136,0.27669183144253706,0.10699468763065731,62.79,0.8034101356581488,77.50,1.48,38.0,0.6,0.73,,2018-07-02,20.09,86.13,0.9
AA,0.34357741369342937,0.5666453838554024,0.21166631251615406,45.27,0.9624794491612619,66.00,N/A,63.0,,0.76,,N/A,8.441,59.64,
AABA,0.167111140418392,0.2832427405259191,0.15597247345741969,81.11,0.8439505803962427,88.00,2.02,59.0,,29.96,,N/A,64.929,2.71,
AAL,0.2582096508070856,0.4378505483035993,0.11316328224144621,42.03,0.6751883393939324,57.59,1.31,56.0,0.4,3.65,,2018-05-07,19.676,11.53,0.93
AAOI,0.7868911318915465,1.326711780126633,0.250430866459033,42.15,2.0868751920668425,37.29,1.35,119.0,,2.79,,N/A,0.825255,15.10,
AAP,0.2735688023628755,0.5045204466427976,0.08265252181364113,139.16,2.3833535933983847,125.50,0.94,30.0,0.24,6.80,,2018-06-21,10.302,20.46,0.17
AAPL,0.12197387130867919,0.15312051501348078,0.11757802282036244,186.5,1.426773563876333,199.68,1.15,51.0,2.92,10.34,,2018-05-11,918.787,18.08,1.57
AAXN,0.39612415706121284,0.582264188523902,0.19175288511589902,68.45,1.6354508418344995,52.33,0.96,113.0,,0.25,N/A,N/A,3.935,271.63,
ABBV,0.25442887871416675,0.27672986200097227,0.1621545355329359,98.25,1.57085653380007,113.86,1.63,56.0,3.84,3.98,,2018-07-12,148.756,24.70,3.86
ABC,0.3007082735064689,0.5142734327766435,0.09244882705697616,93.23,1.745961626172821,102.87,1.18,50.0,1.52,3.86,,2018-05-18,20.492,24.16,1.6
ABMD,0.24474602254733657,0.4075837569338981,0.11277412892004325,446.21,6.778171787015965,405.00,0.00,49.0,,2.45,,N/A,19.846,182.13,
ABT,0.1277818532618417,0.17552974457150192,0.08866179035096546,62.14,0.5018058386055633,68.40,1.68,64.0,1.12,0.27,,2018-07-12,108.401,231.58,1.78
ACIA,0.31209403225940413,0.6720185218908578,0.2979868666045806,34.65,0.6672629818850966,35.54,1.15,48.0,,-0.17,,N/A,1.391,N/A,
ACN,0.14430132529770986,0.22316599034618484,0.08347256898090528,161.77,1.4845089770793456,168.35,1.07,91.0,2.66,5.69,,2018-04-11,103.788,28.36,1.63
ADBE,0.21081958693664243,0.3540085024928443,0.15917322612900345,251.24,3.343204290937653,271.96,0.80,-84.0,,4.34,,2005-03-24,123.728,57.90,
ADI,0.16025183535766707,0.2270653486612014,0.13208972051465054,101.0,1.0100973700003653,107.00,1.12,22.0,1.92,2.84,,2018-06-07,37.461,35.55,1.88
ADM,0.13857051329672276,0.2615611501405183,0.07848648346077082,46.17,0.402150643113623,47.92,0.87,-40.0,1.34,2.90,,2018-05-16,25.818,15.91,2.97
ADNT,0.6821194817678785,0.6682543053806878,0.4737481484150575,49.72,2.1050752371709813,57.10,N/A,48.0,1.1,1.72,,2018-07-17,4.642,28.92,2.29
ADP,0.1845391179992179,0.2361011163736189,0.13461279284694624,137.79,1.611207224184142,140.75,0.89,50.0,2.76,3.99,,2018-06-07,60.7,34.50,1.98
ADSK,0.28419964121299984,0.4465808357314536,0.22258946332410048,140.94,2.5250242548654853,153.48,1.80,28.0,,-2.37,,2005-03-22,30.886,N/A,
AEM,0.2251046156112437,0.3949955238862242,0.10839803367144847,43.97,0.6307378714768707,,,,,,,,,,
AEP,0.19272618444559228,0.37180863290115596,0.054150589313806674,66.9,0.8118424874867949,73.03,0.05,56.0,2.48,3.60,,2018-05-09,32.95,18.58,3.81
AET,0.17687612073961048,0.23381971999395756,0.10962873110787932,190.23,2.1089858290650803,203.19,0.65,51.0,2.0,10.54,,2018-07-24,62.224,18.06,1.06
AFL,0.12892772551183154,0.15706834877891646,0.09058122748285775,44.72,0.3654757487201828,46.67,0.79,-35.0,1.04,5.97,,2018-05-22,34.443,7.45,2.27
AGIO,0.3131796954644056,0.5611872023566901,0.1062207035742349,99.55,1.9099128346590175,99.25,2.52,47.0,,-6.80,,N/A,5.735,N/A,
AGN,0.3010136880865663,0.4788568627257224,0.15186109619127444,175.19,3.28138794360207,208.43,1.22,52.0,2.88,-6.30,,2018-05-17,59.401,N/A,1.66
AGO,0.1493200317876057,0.27073473100341794,0.08192983506264503,36.77,0.3480322805999945,50.00,0.85,49.0,0.64,5.08,,2018-05-15,4.13,7.23,1.71
AIG,0.1690111527749082,0.26306651376763535,0.12166258884370781,55.21,0.5908919544440641,62.87,1.13,50.0,1.28,-6.94,,2018-06-13,49.561,N/A,2.34
AIMT,0.22782744794036505,0.5489092247316728,0.1325628929455078,30.2,0.4403126170361721,59.75,-0.41,316.0,,-3.02,,N/A,1.754,N/A,
AKAM,0.16342280405517043,0.29665514557927275,0.07671075428789005,82.3,0.840868564088842,79.32,-0.05,52.0,,1.14,,N/A,14.043,72.32,
ALB,0.2689021440184704,0.376531521425765,0.14939730648151858,91.61,1.5482467973277187,128.47,1.65,43.0,1.34,1.22,,2018-06-14,10.147,75.40,1.44
ALGN,0.23949014608090158,0.44345391268534773,0.09068468594689534,364.7,5.510179067648399,327.50,1.81,57.0,,3.15,,N/A,29.231,115.81,
ALK,0.2034932838839083,0.3334475262283441,0.1126895789500294,63.2,0.8007949318003386,79.00,0.51,-35.0,1.28,7.64,,2018-05-21,7.79,8.27,2.03
ALKS,0.27865292328196106,0.448056440077725,0.13516141557544262,51.36,0.894701090529846,55.58,2.45,56.0,,-0.99,,N/A,7.963,N/A,
ALL,0.10274294871625171,0.21479871303697307,0.0831413536373336,92.18,0.6050210139951143,106.13,0.90,-132.0,1.84,9.20,,2018-05-30,32.295,9.99,1.96
ALXN,0.22671545624397324,0.38114805372497534,0.09974041878755392,124.52,1.7410858656742958,158.79,1.05,56.0,,2.33,,N/A,27.706,53.56,
AMAT,0.24737650136584086,0.4303882401583804,0.1616333084725921,48.58,0.7565670219447651,67.32,1.31,-147.0,0.8,2.98,,2018-08-22,48.971,16.31,1.62
AMBA,0.5288091999711971,0.4396103512826016,0.4476691100943562,44.32,1.4364069043701935,55.38,1.02,16.0,,0.19,,N/A,1.481,234.50,
AMGN,0.15839625738931667,0.2619469888167912,0.0902995982165645,186.51,1.8578087214761714,195.30,1.71,58.0,5.28,3.05,,2018-05-16,123.415,61.11,2.85
AMT,0.17110867584883385,0.32745479023522894,0.07176324242166514,140.54,1.499120151462769,158.32,0.86,51.0,3.08,2.63,,2018-06-18,62.071,53.44,2.22
AMTD,0.21809003527639725,0.3147560175237285,0.14541835756158297,59.46,0.8135869154353377,68.25,1.40,-33.0,0.84,1.84,,2018-05-07,33.741,32.39,1.41
AMZN,0.09636681701375444,0.18629024966272134,0.08557765260769773,1750.08,10.531049417481178,"1,837.65",1.70,56.0,,7.95,,N/A,845.358,219.14,
ANET,0.31627767036164345,0.5220222372325393,0.13454039601998016,283.74,5.455087293028899,286.58,1.49,49.0,,6.07,,N/A,21.108,46.75,
ANTM,0.23932107488432455,0.43031719089309073,0.07139080170483751,243.95,3.685884947801132,283.47,1.01,-34.0,3.0,15.59,,2018-06-07,62.256,15.65,1.22
APA,0.5045710704683951,0.7869067188939106,0.21119921216665302,45.68,1.3750186583535309,46.55,1.63,49.0,1.0,3.23,,2018-07-20,17.457,14.15,2.4
APC,0.3027105881627255,0.4659111339299247,0.179719026034932,70.1,1.317284769158624,81.48,1.90,51.0,1.0,-0.06,,2018-06-12,36.108,N/A,1.46
APD,0.16105393313778876,0.22768696229028235,0.09959631447001617,157.58,1.618705615847334,184.40,0.99,56.0,4.4,5.18,,2018-06-29,34.541,30.42,2.68
ASH,0.12209021197790199,0.23684454722959147,0.07265801130137922,78.3,0.6031251175716502,86.22,1.28,143.0,1.0,-0.34,,2018-05-31,4.886,N/A,1.28
ASML,0.2650892817677089,0.21934341410509142,0.2917179833731692,205.5,3.4430111833951265,,,,,,,,,,
ATHN,0.17125813033645443,0.35351393919540514,0.34239805617726427,161.76,1.7320532426543014,157.26,0.88,56.0,,2.09,,N/A,6.537,77.51,
ATVI,0.18559590014915323,0.3060848952452915,0.10565068724947924,76.84,0.9030470392013993,77.00,0.80,49.0,0.34,0.46,,2018-03-28,58.491,168.51,0.44
AVGO,0.2040241257930355,0.28156524556792967,0.20462247673229023,261.22,3.353810781020962,313.36,0.65,22.0,7.0,26.53,,2018-06-19,112.764,9.85,2.59
AXP,0.1732107174888154,0.2281528020089544,0.13335408253777772,96.42,1.0599187854188539,109.22,0.95,64.0,1.4,3.44,,2018-07-05,82.956,28.01,1.42
AXTA,0.16036030660793593,0.274555679140997,0.11815301773344622,30.48,0.3082043862895197,34.33,1.31,57.0,,0.17,,N/A,7.476,179.29,
AYX,0.4033659782075915,0.7302312610310375,0.17564961481559754,39.84,1.004952378516827,40.14,N/A,119.0,,-0.29,N/A,N/A,2.415,N/A,
AZN,0.11082983351069174,0.13208702392356306,0.13300861244731585,36.13,0.25091954030324826,,,,,,,,,,
AZO,0.22580083837487133,0.4448363229114867,0.10961948518742134,690.06,9.764713264855374,734.56,0.80,30.0,,49.18,,N/A,18.242,14.03,
BA,0.24695306542736775,0.34628513582149867,0.1612873770390809,342.69,5.3066608670718916,398.13,1.72,57.0,6.84,15.05,,2018-05-10,199.645,22.77,1.91
BABA,0.21798746202667202,0.36412625784832503,0.1768551728771064,206.23,2.807216276384227,240.39,2.68,48.0,,3.83,,N/A,529.904,53.85,
BAX,0.17866772946409257,0.2842557584988657,0.08029280348030472,73.33,0.8347840201339966,78.21,1.06,-35.0,0.76,1.50,,2018-05-31,39.267,48.95,1.04
BBT,0.21369219112495816,0.35627193195811135,0.11634404937428622,51.98,0.7030859310031908,58.13,1.11,-119.0,1.5,3.22,,2018-05-10,40.532,16.13,2.87
BBY,0.3608825468178203,0.5195471216662448,0.2938628619033256,75.86,1.737063954009978,75.80,0.12,28.0,1.8,3.40,,2018-06-13,21.195,22.32,2.41
BDC,0.2331385297568025,0.44176044967603595,0.12073377606844474,62.64,0.9130501881995516,84.60,2.51,50.0,0.2,0.83,,2018-06-19,2.546,75.65,0.32
BDX,0.15065100248147614,0.2196034352056993,0.0824572708940275,230.12,2.1829176616027492,252.19,1.12,49.0,3.0,-0.42,,2018-06-07,61.823,N/A,1.29
BERY,0.2323597226171968,0.46839212846234124,0.08862438088200089,46.5,0.6799019664995075,65.86,1.35,49.0,,3.47,,N/A,6.124,13.39,
BG,0.15694326621393762,0.3010616406872962,0.07037111830737047,70.27,0.7104436373749458,86.70,1.46,50.0,2.0,0.41,,2018-08-21,9.901,171.39,2.85
BGS,0.22883941258222298,0.42309349625648107,0.09356243099315308,31.3,0.4382320511005972,32.25,0.54,49.0,1.9,3.08,,2018-06-28,2.084,10.16,6.34
BHF,0.2566750620172882,0.49808764905413994,0.15200067405248166,45.61,0.7384386452162267,57.39,N/A,129.0,,-0.80,N/A,N/A,5.463,N/A,
BHGE,0.36966148721671366,0.5940994163371542,0.18085075166699133,33.07,0.7626323794252116,37.65,0.66,61.0,0.72,-0.01,,2018-05-21,37.486,N/A,2.2
BHP,0.266783337570433,0.2574847543232698,0.23329974896858427,47.77,0.8006269113240647,,,,,,,,,,
BIDU,0.252068715305961,0.37618588260482505,0.2047291177338338,264.06,4.162001841250181,289.80,1.91,56.0,,10.38,,N/A,92.086,25.43,
BIG,0.40189663325504754,0.6602567341820037,0.45702911943934116,40.57,1.0321785012625395,47.82,0.94,19.0,1.2,3.97,,2018-06-14,1.637,10.22,2.89
BIIB,0.24762608373615644,0.33710345244756584,0.17940480450750718,296.86,4.555525254891808,349.46,1.16,58.0,,13.99,,N/A,62.64,21.22,
BIP,0.12165184173306819,0.2428521445375249,0.05400486590181243,39.69,0.3001732514035185,46.11,0.80,132.0,1.88,0.39,,2018-05-30,15.642,102.56,4.85
BK,0.1726517979927703,0.24528775140003262,0.1519109395090749,57.37,0.6236321894341846,60.97,1.05,63.0,0.96,3.99,,2018-04-30,57.983,14.38,1.69
BKNG,0.12206928295412985,0.22800172970137245,0.08945341232239819,2145.77,16.450143617074364,"2,278.81",0.94,43.0,,50.10,,N/A,103.372,42.83,
BLK,0.21801803956404747,0.3662771038665913,0.11300762334617129,526.58,7.232380416524351,608.00,1.64,70.0,11.52,31.72,,2018-06-06,84.852,16.60,2.2
BLUE,0.4573343409543478,0.7677775679459997,0.1520618083720282,183.1,5.122303412873431,216.67,2.83,49.0,,-8.34,,N/A,9.177,N/A,
BMRN,0.3776229099941156,0.6167198270870472,0.17586312416579683,98.34,2.274609263956619,114.14,1.91,56.0,,-0.84,,N/A,17.378,N/A,
BMY,0.20318000243631013,0.26773273983069334,0.10231875646749299,54.25,0.68654571356887,57.32,1.06,56.0,1.6,0.56,,2018-07-05,88.674,96.70,2.92
BOFI,0.26436848167025395,0.46417621709377915,0.09066279133897079,43.38,0.7061147165735461,47.00,0.30,56.0,,2.28,,N/A,2.714,19.04,
BP,0.22742174989317696,0.22647161889323397,0.20626731276810956,44.76,0.646828997415312,,,,,,,,,,
BPL,0.25798543136353197,0.5006986860650668,0.10801508466617642,36.22,0.5913940719508625,43.64,1.50,48.0,5.05,3.18,,2018-05-11,5.547,11.39,14.14
BRKS,0.37525055725685874,0.6571234832515258,0.11537617911232394,35.02,0.8228583845279099,37.33,1.12,50.0,0.4,1.67,,2018-05-31,2.47,20.97,1.23
BSX,0.39648839641408073,0.5798276098858457,0.31216590802826955,32.23,0.797247367922183,33.07,0.99,56.0,,0.08,,N/A,44.471,397.90,
BTI,0.21585367466188263,0.19903105526764453,0.2202692505297246,49.84,0.6601587899946151,,,,,,,,,,
BUD,0.2203988991221522,0.2228681909250518,0.25033807008227216,96.8,1.3386784668993856,,,,,,,,,,
BURL,0.2845663669153789,0.29438565639922004,0.27123888389451445,152.47,2.75325374886592,161.93,0.01,21.0,,5.97,,N/A,10.309,25.54,
BX,0.10784598141381282,0.1223689230912714,0.10905092857001969,32.74,0.22235643469288513,39.83,1.58,63.0,2.18,1.95,,2018-04-27,38.18,16.46,6.55
BYD,0.2471527787590429,0.4779433427598749,0.08188146079833095,36.88,0.5710768485665618,39.38,2.08,56.0,0.24,1.68,,2018-06-28,4.151,21.93,0.65
BZUN,0.4225175028717042,0.7419788149531769,0.24564945154492274,64.23,1.6225175099503957,54.53,3.94,34.0,,0.56,,N/A,3.637,114.29,
C,0.21117792939042004,0.3011406138149559,0.16238905036294643,67.38,0.8883716108486489,83.87,1.47,-389.0,1.28,-2.83,,2018-05-04,171.814,N/A,1.93
CACI,0.1376753840866586,0.27838193313408577,0.07594687089374712,164.0,1.4513820346951878,172.43,1.80,50.0,,11.64,,N/A,4.05,14.09,
CAG,0.14491022462888703,0.2634612781925434,0.06975028379523658,38.45,0.3496210181758134,41.79,0.38,91.0,0.85,2.14,,2018-04-27,15.131,17.98,2.21
CAH,0.18907934518416994,0.3309438418660984,0.12108002111258537,54.25,0.6443785634528387,59.80,1.12,49.0,1.91,5.35,,2018-06-29,16.855,10.13,3.52
CAKE,0.23831231282871088,0.4522927225977342,0.11815172503030484,57.76,0.8698106121785342,53.03,0.19,57.0,1.16,3.13,,2018-05-09,2.538,18.46,2.0
CALM,0.3112384134246523,0.5981271775110651,0.08175187772090313,51.4,0.9920725638766669,46.60,-0.12,331.0,,0.61,,2016-04-25,2.5,84.40,
CAR,0.325468963425529,0.6327791967615383,0.08531784089132947,41.85,0.8494234446959376,51.00,1.40,49.0,,4.55,,2006-02-23,3.401,9.21,
CAT,0.22562279102310276,0.3519704351799229,0.14612191502796806,143.13,2.036708553470776,172.65,1.50,-39.0,3.44,3.70,,2018-07-19,85.578,38.68,2.29
CB,0.18219485352701856,0.31853289831388765,0.09177529965274753,126.71,1.4880185866923104,161.25,0.87,-33.0,2.92,8.18,,2018-06-21,59.022,15.49,2.23
CBOE,0.20663833489225653,0.36372443981332064,0.0870801076040633,104.22,1.369387511955181,112.42,0.67,48.0,1.08,4.43,,2018-05-31,11.724,23.53,1.05
CBPO,0.7804816220597866,0.8064996523679074,0.9282319605900468,101.11,4.8059492110545285,,,,,,,,,,
CBRE,0.1738613654213018,0.3186932245315857,0.08839753508495597,49.05,0.5334834428223945,53.39,2.15,50.0,,2.07,,N/A,16.288,23.71,
CBRL,0.21013169599539322,0.39556278712720366,0.0562135775613972,163.82,2.1679644786340817,157.80,0.30,30.0,5.0,9.97,,2018-07-12,3.932,16.43,3.04
CBS,0.22511841440002306,0.3001761744284706,0.15983452147012744,58.2,0.8006664385443827,,,,,,,,,,
CC,0.22395794338784406,0.3401654815555598,0.12997635236685928,47.12,0.665898748917359,62.85,2.74,49.0,0.68,4.69,,2018-05-16,8.383,10.04,1.37
CCI,0.16063948930040606,0.3261363438600831,0.06590462432621945,102.59,1.0314639850385805,115.33,0.34,64.0,4.2,0.89,,2018-06-14,42.557,114.63,4.15
CCL,0.2568995799779203,0.32525210349687045,0.20595804564283723,63.0,1.0271446824328618,76.06,1.05,268.0,2.0,3.65,,2018-05-24,44.996,17.24,3.07
CCS,0.44946654902396105,0.850249634022012,0.08750670173099177,31.9,0.9201962647427194,39.90,0.75,56.0,,2.30,,N/A,0.9501130000000001,13.87,
CELG,0.1686331939996411,0.2801358831458639,0.0918906166292911,79.77,0.8438825974376476,112.98,1.25,48.0,,3.58,,N/A,57.819,22.29,
CERN,0.1416622804296988,0.241321033418476,0.08394898521252793,61.06,0.5476588139389678,65.53,1.05,50.0,,2.53,,N/A,20.261,24.13,
CF,0.23046379320347854,0.4247430933896198,0.12950178005502125,44.58,0.6562070169654808,42.56,1.31,50.0,1.2,1.90,,2018-05-14,10.403,23.50,2.69
CHKP,0.11625701991415288,0.21672951639820123,0.0766794907185521,99.51,0.7293477511681262,105.88,0.41,57.0,,4.904,,N/A,15.798,20.26,
CHTR,0.2927561135566616,0.6060387051461551,0.16016046430414105,290.34,5.403292778139234,374.44,1.31,54.0,,35.07,,N/A,79.891,8.28,
CI,0.18903210711396462,0.30315136374239354,0.0928066156934106,175.72,2.0643541434544197,218.28,0.54,-133.0,0.04,10.15,,2018-03-09,42.747,17.31,0.02
CL,0.1811680939573595,0.2857921578833928,0.08272696480361595,63.9,0.7304011003592484,71.85,0.58,55.0,1.68,2.36,,2018-04-19,55.741,27.09,2.65
CLB,0.2107717874896662,0.32204208439934334,0.15659108922993206,125.04,1.6632567158026126,121.08,1.18,57.0,2.2,2.01,,2018-04-26,5.527,62.21,1.78
CLR,0.38685496860261015,0.6849036111835194,0.21962439807630213,63.78,1.516518489818153,72.40,1.79,49.0,,2.74,,N/A,23.719,23.29,
CLVS,0.4575886704661295,0.8459603599614527,0.09281741638018291,48.47,1.3187609877438922,79.43,1.27,43.0,,-7.51,,N/A,2.547,N/A,
CLX,0.2290939350081955,0.41806295210803746,0.04573847922185515,126.81,1.8408899725025336,129.36,0.34,50.0,3.84,6.12,,2018-07-31,16.423,20.72,2.98
CMA,0.21876453734442683,0.3130519866529675,0.1505830786538628,95.54,1.3134547684747924,104.54,1.45,65.0,1.36,4.61,,2018-06-14,16.426,20.71,1.44
CMCSA,0.28705789782976665,0.552395110842656,0.2462154904068058,33.39,0.5933015188292524,43.60,1.27,56.0,0.76,4.90,,2018-07-02,153.649,6.82,2.24
CME,0.2255738242140481,0.3557700298428804,0.09496952216437346,167.21,2.3724707567484367,182.11,0.59,56.0,2.8,12.52,,2018-06-07,56.937,13.36,1.65
CMG,0.20112347953154686,0.40149487263804007,0.06561237530947053,465.5,5.944824233928697,385.25,0.45,57.0,,6.69,,N/A,12.938,69.57,
CMI,0.1546913668404743,0.2715078803236327,0.08293601980158331,138.58,1.3620083548588957,168.00,0.90,51.0,4.32,5.56,,2018-05-17,22.765,24.92,3.02
CNC,0.1481592478186825,0.27583025480867107,0.07188775931089696,125.75,1.1598312137545033,136.59,1.01,-33.0,,5.81,,N/A,25.801,21.65,
CNQ,0.2623264419916039,0.362976975658703,0.17160859947728233,32.02,0.5211988963723381,,,,,,,,,,
COF,0.19105123926754622,0.28314822559751457,0.15237383628131082,95.7,1.1594612284017787,112.67,1.19,58.0,1.6,4.57,,2018-05-11,46.551,20.96,1.65
COHR,0.4311144879777358,0.6865873087108879,0.2665495205593875,156.7,4.25777794146701,241.33,0.88,50.0,,9.71,,2012-12-17,3.898,16.13,
CONN,0.8931670319758509,0.983310380173388,0.9609299689512454,36.25,2.0086331689723105,39.75,0.41,13.0,,0.67,,N/A,1.145,54.27,
COP,0.3197518548411258,0.449029669853973,0.19020270752949656,67.47,1.3346402975196185,75.45,1.33,56.0,1.14,-0.46,,2018-05-11,78.945,N/A,1.74
COST,0.1290563999756349,0.20282791636156655,0.10491126834076547,207.98,1.6871751182695627,214.96,1.05,21.0,2.28,6.8290,,2018-05-10,91.734,30.63,1.1
CPB,0.20276212998109217,0.38480522090796065,0.0772457357761265,37.2,0.4729772876359696,35.43,-0.01,34.0,1.4,1.60,,2018-04-10,11.184,23.28,3.77
CPRT,0.18160080882784055,0.36764035887499114,0.07534673365433214,60.2,0.6798658679360087,55.33,0.87,29.0,,1.57,,N/A,13.983,38.30,
CRC,0.739159010120352,1.1878807238939784,0.3646871444687936,40.02,1.7279396058410452,40.83,6.13,48.0,,-7.45,,2015-09-08,1.93,N/A,
CREE,0.21425235973059067,0.3579015388069363,0.19080383444485227,48.35,0.6556662873153157,39.67,0.26,-54.0,,-2.57,,N/A,4.815,N/A,
CRI,0.2598831790776627,0.45537241280992113,0.08309432789880587,113.97,1.7834677942153598,125.00,0.37,56.0,1.8,6.20,,2018-05-25,5.35,18.38,1.66
CRM,0.16319075673035335,0.36537871104523184,0.2056428310224797,138.94,1.434272770573778,148.54,1.21,23.0,,0.63,,N/A,103.22,219.15,
CRSP,0.7713921515836376,1.6946989418434615,0.7173609857114158,65.26,3.0156901448671243,67.07,N/A,43.0,,-1.81,,N/A,3.079,N/A,
CRUS,0.25104662912710307,0.41885006578616246,0.1414717785351598,38.14,0.5987351204050286,45.11,0.27,50.0,,2.46,,N/A,2.326,15.50,
CSCO,0.13986155200148345,0.21436849563841717,0.09992673716941955,43.74,0.3860739029070562,49.70,1.22,36.0,1.32,-0.2650,,2018-07-05,205.5,N/A,2.95
CSX,0.18240502253463944,0.29493286842040267,0.09453768598369928,64.87,0.7449249898297278,66.78,1.21,65.0,0.88,6.42,,2018-05-30,56.784,10.10,1.32
CTAS,0.1240363315533885,0.2067894508401954,0.05725786205533438,190.28,1.488872800116396,180.25,0.94,91.0,1.62,6.69,,2017-11-09,20.199,28.28,0.85
CTRP,0.26429526439806117,0.3696772278603443,0.23796288482203634,49.67,0.8307869323866123,52.41,2.24,30.0,,0.86,,2008-06-10,27.081,57.76,
CTSH,0.194219971679547,0.29226862787995345,0.10557284062647797,78.82,0.9689888900171966,89.53,0.76,45.0,0.8,2.48,,2018-05-22,46.181,31.77,1.02
CTXS,0.11178446041944175,0.23146875579263101,0.0811008129219031,108.66,0.7630450173953754,107.44,1.38,57.0,,0.64,,N/A,14.726,170.85,
CVI,0.550072488823136,0.9404139081921156,0.1745265783413689,37.91,1.3503615400151445,19.00,1.55,55.0,3.0,3.21,,2018-08-03,3.292,11.82,7.83
CVNA,0.8001265060035406,1.5962579412266404,0.16563991485292243,38.72,2.2016131823674536,32.25,N/A,106.0,,-2.23,N/A,N/A,5.695,N/A,
CVS,0.32812248927671406,0.5302671449368426,0.1333017008101018,71.6,1.4627999029362888,86.80,0.85,50.0,2.0,6.52,,2018-04-20,72.792,10.98,2.85
CVX,0.24034533985875392,0.3790734823634163,0.145980487864552,125.29,1.9007174408068266,145.53,1.17,55.0,4.48,5.34,,2018-05-17,239.424,23.44,3.54
CXO,0.3770624958139747,0.711170991305281,0.18756689210311167,131.41,3.100915583830085,185.42,1.24,50.0,,7.64,,N/A,19.335,17.20,
D,0.17451910801137377,0.34605212615192593,0.08026065580307429,66.43,0.7359162998065164,72.50,0.29,55.0,3.34,4.47,,2018-05-31,43.368,14.86,5.04
DAL,0.21256783648583508,0.3387081897566695,0.14914284988085122,53.84,0.7201418993538659,70.53,0.98,70.0,1.22,4.97,,2018-05-10,37.628,10.84,2.22
DATA,0.16381218525089164,0.33666576548272825,0.10198176687835188,104.13,1.0761891293643722,97.23,1.38,50.0,,-2.22,,N/A,8.491,N/A,
DBX,0.7180699380282128,1.3503388171998614,0.1935174789940381,37.3,1.7957959251184827,,,,,,,,,,
DE,0.30256775655331997,0.48329728567105745,0.14024183985680685,144.35,2.7118535430983925,180.79,0.91,-57.0,2.76,5.58,,2018-06-28,46.811,25.87,1.86
DFS,0.19578206975431145,0.2786403106152471,0.11694114919403044,73.37,0.9119102374370502,86.36,1.35,56.0,1.4,5.79,,2018-05-23,25.604,12.67,1.88
DG,0.4042733755788701,0.41554600007877246,0.2708381784452705,98.01,2.481233138952903,104.75,0.73,21.0,1.16,5.97,,2018-07-09,26.223,16.40,1.2
DHI,0.2696195841023109,0.514942605714969,0.0981262364549244,41.78,0.7084208812998325,55.33,0.92,56.0,0.5,3.00,,2018-05-10,15.768,13.94,1.17
DHR,0.14248281568408494,0.21433470340329552,0.08582157629855612,99.14,0.8978266395934815,111.44,0.95,63.0,0.64,3.61,,2018-06-28,69.264,27.44,0.65
DIN,0.36075231309489625,0.6310054057927613,0.09233055559086548,76.32,1.739391373684634,93.17,-0.49,49.0,2.52,-18.21,,2018-06-19,1.361,N/A,3.41
DIS,0.19432241517113233,0.3176258920970355,0.13470096370023996,107.15,1.2987872394653928,117.04,1.16,44.0,1.68,7.46,,2017-12-08,159.305,14.36,1.54
DISH,0.3341609637443381,0.6029008269222977,0.19527439911284997,34.81,0.7159160128049471,57.12,0.91,43.0,,4.00,,2012-12-12,16.27,8.69,
DK,0.430337976490074,0.8036983842786559,0.18109596502358064,52.75,1.4283597433135344,63.91,1.22,44.0,1.0,3.14,,2018-05-18,4.432,16.80,1.94
DKS,0.8800796518488161,0.6593439530593415,0.8818408410585815,36.65,2.011910594924255,39.13,0.12,21.0,0.9,3.10,,2018-06-07,3.757,11.83,2.37
DLPH,0.24059486829049137,0.38640995693792546,0.1036914367078339,50.54,0.7606822549169011,60.43,N/A,120.0,0.68,3.15,,2018-05-07,4.487,16.04,1.31
DLTR,0.5942865353589868,0.6201600961704739,0.37680247898090496,86.56,3.267086222596769,103.92,0.66,20.0,,7.03,,N/A,20.582,12.32,
DNKN,0.14705028419964886,0.21409708250721643,0.07446116376293964,69.15,0.6376853789425498,64.21,0.26,56.0,1.39,3.91,,2018-05-25,5.768,17.76,2.03
DOV,0.18570507058321378,0.3153191452127386,0.10394588386169618,73.56,0.8707059469084499,91.57,1.24,55.0,1.88,4.90,,2018-05-30,11.378,15.01,2.45
DPS,0.06125986556714327,0.11364561142337817,0.04981484865144209,122.0,0.46998868186772913,125.29,0.85,57.0,2.32,5.82,,2018-03-20,21.994,20.96,1.91
DPZ,0.19013995257025357,0.34663777248454347,0.14041856180090803,287.9,3.4422686630095964,278.06,0.15,56.0,2.2,6.56,,2018-06-14,12.173,43.88,0.79
DQ,0.9805827439443171,1.7905754351392664,0.2867793459544521,34.92,2.1854546782019266,49.37,0.94,43.0,,9.02,,N/A,0.449204,3.87,
DRI,0.15290247190432604,0.2945959911468008,0.10668075893078698,93.27,0.9112788244288571,101.19,0.05,91.0,2.52,4.32,,2018-04-09,11.546,21.58,2.68
DUK,0.17014086182529434,0.3167205515264924,0.05010156766133902,76.19,0.8110209855122772,82.14,0.09,42.0,3.56,4.22,,2018-05-17,53.41,18.05,4.79
DVA,0.22835373338662018,0.43927294324188915,0.07219696258773335,72.44,1.0496685670806598,79.72,1.44,49.0,,2.10,,N/A,12.641,34.53,
DVMT,0.2278850324310296,0.352935887827057,0.13299572397461407,89.2,1.277631285144024,104.17,-0.99,17.0,,-4.16,,N/A,68.495,N/A,
DVN,0.3526434219522083,0.5713201923557073,0.3593076634050389,42.61,0.9243431614343668,48.34,2.90,50.0,0.32,0.74,,2018-09-13,22.302,57.27,0.8
DWDP,0.24575548840984843,0.3596069094938639,0.11463410498626139,65.89,1.027328490945447,81.72,1.56,49.0,1.52,0.88,,2018-05-30,152.917,74.79,2.24
DXC,0.44654527959903306,0.5522528967407366,0.5596871288202637,82.32,2.3364535918640748,105.06,1.06,132.0,0.76,6.04,N/A,2018-06-05,23.444,13.63,0.91
DXCM,0.3244139651127511,0.6054546927598975,0.19102267004601092,100.65,2.060169178048271,86.36,-0.06,49.0,,-0.38,,N/A,8.866,N/A,
EA,0.20092296902612825,0.32133044992294724,0.11159606427482299,143.54,1.811084027292819,146.00,1.05,44.0,,3.34,,N/A,43.939,42.98,
EBAY,0.1857135013695119,0.33579518398936503,0.10922799050326472,39.26,0.4583609800631435,48.50,1.49,57.0,,-1.57,,N/A,39.024,N/A,
ED,0.17205201596918326,0.3305518020678157,0.027720300610965913,75.03,0.8113520131685211,76.85,-0.02,49.0,2.86,5.04,,2018-05-15,23.314,14.88,3.88
EDIT,0.5419311707210254,1.1091848793403423,0.1716812861963567,41.01,1.3447137381751733,45.20,3.73,48.0,,-2.81,,N/A,1.914,N/A,
EDR,0.21882515196082114,0.42082570612521897,0.06329767036695037,40.44,0.5501469329482749,37.56,0.40,52.0,1.56,0.93,,2018-04-27,3.072,43.72,3.87
EDU,0.32408594533131263,0.6791310442673312,0.18877621471739842,103.88,2.157713728851556,112.38,1.25,57.0,,1.81,,2017-09-01,16.426,57.39,
EFX,0.26694657447256587,0.505828643829802,0.0775555200603956,128.03,2.1191590692561175,128.77,0.97,57.0,1.56,4.32,,2018-05-24,15.4,29.64,1.26
EGN,0.32869506614566507,0.6298565105130777,0.17389320296921607,64.84,1.334905692369871,79.27,1.76,43.0,,4.02,,2015-11-10,6.317,16.13,
EL,0.17512534186396334,0.34003666745150557,0.07346795235097854,153.07,1.7099382366611529,154.92,0.33,-314.0,1.52,3.06,,2018-05-30,56.183,50.01,0.97
ELS,0.12612118254714463,0.2710356403142625,0.05259097137980841,91.09,0.7185356450460746,92.67,0.24,-123.0,2.2,2.20,,2018-06-28,8.614,41.46,2.4
EMN,0.2200338777064031,0.34596218374432613,0.10226384396340575,103.02,1.4441600275856048,113.76,0.98,56.0,2.24,9.59,,2018-06-14,14.707,10.75,2.05
EMR,0.15963706622454701,0.20818230277378028,0.12314378176051816,70.39,0.7095647617936082,73.93,1.21,-47.0,1.94,2.79,,2018-05-10,43.791,24.89,2.68
ENB,0.2133182159943308,0.37636663613039845,0.08408791512841728,31.75,0.42597776913377233,,,,,,,,,,
EOG,0.2480963714814748,0.3478354871874176,0.18366038848331143,119.43,1.8297967670893929,133.03,1.21,49.0,0.74,5.51,,2018-07-16,69.133,21.68,0.65
EPC,0.3040091949009456,0.6041624962547932,0.06359626142094679,48.9,0.9360900868128649,48.77,0.61,48.0,,-0.39,,2015-05-18,2.641,N/A,
EPR,0.13904464454230359,0.28242723069145226,0.07053023710847817,66.06,0.5674949167382219,63.41,0.70,44.0,4.32,2.85,,2018-05-30,4.91,23.22,6.71
EQIX,0.18929970669496865,0.3894102930910308,0.11710900888100242,410.72,4.790891837522992,504.13,0.65,50.0,9.12,3.21,,2018-05-22,32.635,128.07,2.27
EQR,0.19089572125643012,0.3767624498601793,0.0605628563371821,62.66,0.7456888600733044,67.00,0.55,58.0,2.16,1.81,,2018-03-23,23.951,34.58,3.4
EQT,0.28124063111845315,0.4721255366433877,0.16471234214232183,56.78,1.0000961138614173,70.29,0.50,-35.0,0.12,-1.15,,2018-05-10,15.058,N/A,0.22
ERI,0.3567148862040323,0.6871955356726736,0.11365614764282851,44.1,0.9696204423631499,50.33,0.98,105.0,,1.25,,N/A,3.406,35.34,
ESPR,0.3678334264116342,0.778470221356792,0.15083900356536176,42.0,0.9576709805147732,79.14,3.72,49.0,,-6.92,,N/A,1.125,N/A,
ESRX,0.2182402878131417,0.3313125026237327,0.18422125591334612,80.1,1.107801422255041,86.00,1.07,50.0,,8.01,,2003-11-12,44.994,10.00,
ETFC,0.19847783299895577,0.3400765283816986,0.11417973293154625,65.21,0.8060637848519677,69.81,1.23,63.0,,2.55,,2004-06-16,17.205,25.62,
ETN,0.1742812334024733,0.2964942741279443,0.10882084779999389,77.94,0.8586430130075741,87.53,1.16,51.0,2.64,6.83,,2018-05-03,34.083,11.40,3.33
ETR,0.19877368990544023,0.37822082027483483,0.04612510138549659,80.25,1.0014748080662794,84.34,0.53,57.0,3.56,2.55,,2018-05-09,14.511,31.47,4.55
ETSY,0.8588522181814211,0.6141474581399217,0.890499131322224,44.21,2.344265846035927,41.40,0.23,43.0,,0.77,,N/A,5.282,57.49,
EVHC,0.21081448427595587,0.39424355596284466,0.13944772520699686,44.77,0.5936188716179489,44.83,-0.17,45.0,,1.05,,N/A,5.412,42.72,
EW,0.185368875716661,0.3346934658057467,0.08068212825981723,153.9,1.793608945217554,147.79,0.72,58.0,,2.60,,N/A,32.439,59.24,
EXAS,0.47611935657296645,0.8408278467892296,0.272724282916671,69.33,2.0841927426493814,65.10,1.09,55.0,,-1.00,,N/A,8.451,N/A,
EXC,0.1380224310975818,0.3044083726951155,0.04476745729898392,41.8,0.3617821356295879,43.62,0.25,50.0,1.38,3.51,,2018-05-14,40.353,11.92,3.33
EXPE,0.1921953215001792,0.36277835801259906,0.07785146149521686,124.9,1.509400539097152,135.57,1.13,56.0,1.2,2.08,,2018-05-23,18.753,60.02,0.97
FANG,0.4417947417360073,0.8397339619848656,0.16236950010663742,129.56,3.5506091669162547,159.84,0.57,43.0,0.5,5.14,,2018-05-18,12.776,25.20,0.43
FAST,0.194218269909342,0.30604367915573644,0.09210471736304957,52.76,0.6376674044244528,55.91,0.93,71.0,1.48,2.15,,2018-04-24,15.178,24.54,2.81
FB,0.1786802694168408,0.30133119650851037,0.1078556578448855,202.0,2.222907740141619,224.18,0.81,57.0,,6.04,,N/A,584.715,33.44,
FDS,0.08096587207011834,0.1339922390091457,0.08162323192941251,215.79,1.0910202596699632,192.36,1.00,86.0,2.56,6.28,,2018-05-30,8.274,33.90,1.2
FDX,0.2123211284277927,0.3300564538461798,0.08975294279991863,251.43,3.4559595066641804,289.32,1.50,-180.0,2.6,16.79,,2018-06-22,67.186,14.97,1.03
FE,0.14858320579679016,0.27695835880879927,0.056246758820159934,34.89,0.32684638730817117,37.46,0.39,59.0,1.44,-1.59,,2018-05-04,16.639,N/A,4.15
FFIV,0.12566158217184722,0.18544182797649983,0.10285346865688759,181.99,1.4212270801102678,159.13,0.80,-34.0,,6.82,,N/A,11.108,26.63,
FITB,0.20438901694623232,0.31862811999844237,0.11307236327225466,30.71,0.3935978551672844,34.44,1.23,58.0,0.64,3.43,,2018-03-28,20.819,8.96,2.09
FIVE,0.7705839865053361,0.48637944601636574,0.7774502050961449,97.48,4.783836608308178,98.56,-0.11,15.0,,2.08,,N/A,5.423,46.93,
FIVN,0.2832520028651541,0.4394988307902192,0.11972569932902222,38.77,0.6798258818475242,31.64,0.90,51.0,,-0.08,,N/A,2.236,N/A,
FIZZ,0.3290344810034734,0.6280603589436965,0.12599267790638752,110.83,2.278751010487467,104.00,0.96,195.0,,3.04,,2017-06-01,5.167,36.46,
FL,0.6830165164176434,0.6218212033852473,0.5124646445756769,56.71,2.410746571609421,59.05,0.59,26.0,1.38,2.15,,2018-07-19,6.63,26.35,2.43
FLR,0.19025431078504676,0.3242825817584147,0.1039659711793366,49.69,0.5897766855220749,54.57,1.39,49.0,0.84,0.80,,2018-05-31,6.986,61.96,1.73
FLT,0.28483853935897635,0.36472363067107866,0.18832659976552496,221.72,3.9489265601018495,238.67,1.30,49.0,,8.49,,N/A,19.874,26.12,
FMC,0.24933911930383026,0.3561965306057483,0.11439380979106462,86.77,1.353933757499293,104.63,1.80,50.0,0.66,6.89,,2018-06-28,11.672,12.59,0.73
FMI,1.0050659569925775,0.9917910983536471,1.0353353060075576,136.45,8.658080664645631,80.75,1.63,49.0,,-4.21,,N/A,5.054,N/A,
FNV,0.10790989990469055,0.19089114406871965,0.08506688269873053,68.77,0.4703997841228123,,,,,,,,,,
FOX,0.34092413738130517,0.16550126967803822,0.41331039036509043,47.5,0.951180986000173,,,,,,,,,,
FOXA,0.3522904827875369,0.17591098675439015,0.39885816732810553,48.08,0.9922139078579892,42.33,1.25,43.0,0.36,2.16,,2018-03-13,90.003,22.48,0.81
FSLR,0.43943858926430635,0.7517314726176182,0.24178777746401478,51.67,1.4458323817315115,69.92,0.71,55.0,,-0.88,,N/A,5.413,N/A,
FTI,0.33634707327147706,0.37831679467633733,0.32997838771395,31.25,0.666782396339075,,,,,,,,,,
FTNT,0.22820843899403684,0.36572078988983797,0.21187127450198548,65.08,0.9246501951204555,59.07,0.53,49.0,,0.35,,N/A,10.94,183.32,
GBT,0.6670297905095225,0.9177272770450617,0.2622256360897817,42.25,1.7626939963992803,72.46,4.40,44.0,,-3.04,,N/A,2.19,N/A,
GD,0.197773384127249,0.34388725909096257,0.0919309475901186,191.4,2.37572130970302,244.22,0.81,57.0,3.72,9.73,,2018-07-05,56.852,19.68,1.9
GDEN,0.27959711073311894,0.5474267028541773,0.10294359375919855,29.58,0.5442405392577011,38.50,1.02,97.0,,0.03,N/A,2016-06-28,0.810125,954.19,
GGAL,0.6893073023271727,1.1426574567934458,0.23939696191593368,38.79,1.6626390454593447,,,,,,,,,,
GILD,0.1981958906787021,0.4045807616839197,0.07665580290948544,71.46,0.8856977868597492,85.77,1.30,51.0,2.28,2.63,,2018-06-14,92.917,27.18,3.2
GIS,0.20517377613390023,0.37763755374877,0.09438579957810271,44.87,0.5813544916276481,48.84,0.75,92.0,1.96,3.74,,2018-04-09,26.603,12.00,4.31
GM,0.4936230653267741,0.3929785968168241,0.42482416145601054,41.95,1.31408865813593,49.05,1.59,56.0,1.52,-3.79,,2018-06-07,59.126,N/A,3.49
GMED,0.2276081921287455,0.4037010358974839,0.0929304043780234,54.65,0.7728164966748761,58.11,1.12,50.0,,1.19,,N/A,5.31,45.85,
GOLD,0.19220136836485738,0.2696847802108601,0.23301335812855745,74.64,0.9041916959126434,,,,,,,,,,
GOOG,0.17751549212611334,0.28043127898233594,0.11232253330782616,1169.84,13.061743235005428,,,,,,,,,,
GOOGL,0.18183828645128283,0.2958390569937224,0.09748983795050238,1184.07,13.501582011942803,"1,266.91",1.30,59.0,,23.62,,N/A,819.56,50.13,
GOOS,1.0594294485005882,0.8603973717071729,1.0588963297538114,64.0,4.49946127584513,,,,,,,,,,
GPS,0.6948797149659179,0.8318458345121715,0.393363129483922,33.08,1.423945694449125,32.77,0.61,27.0,0.97,2.20,,2018-07-10,12.818,15.02,3.07
GRMN,0.13079356378395413,0.21040364392402994,0.07600788476090571,61.44,0.5020156787493428,60.25,0.94,50.0,2.12,3.10,,2018-09-13,11.49,19.67,3.46
GRUB,0.37442719035164646,0.6009026282589601,0.17784289798176642,113.48,2.688883337950127,110.55,0.67,50.0,,1.26,,N/A,10.239,90.14,
GS,0.17496053107148607,0.19172639369618585,0.15029480933236375,227.82,2.516423739902191,274.73,1.26,-117.0,3.2,10.5830,,2018-05-30,85.185,21.31,1.38
GSK,0.1288083161081568,0.15194321002619582,0.13809101431910636,41.03,0.33300517644845395,,,,,,,,,,
GTLS,0.4166749134773319,0.677303174356881,0.14968402934323055,63.28,1.7105855715259495,77.17,0.89,62.0,,1.15,,N/A,1.96,54.98,
GWPH,0.27402141223908383,0.5663654845801217,0.1093405912949491,152.53,2.570788919458554,,,,,,,,,,
GWW,0.17037956077903704,0.265563596608845,0.0837143112017901,316.93,3.3498465062555938,285.50,0.68,-117.0,5.44,11.13,,2018-05-11,17.754,28.49,1.7
HA,0.3490821545825793,0.5872664153556736,0.11909533464876408,39.3,0.8466191874764353,48.18,1.09,57.0,0.48,6.82,,2018-05-10,1.995,5.76,1.26
HAL,0.20520040964915437,0.31721661022685904,0.15478389418715033,45.71,0.5960368011758506,61.97,1.27,59.0,0.72,-0.44,,2018-06-05,40.041,N/A,1.56
HAS,0.15239837367629167,0.24641245625849792,0.0606853793823416,91.3,0.864017564910343,98.64,0.55,59.0,2.52,1.70,,2018-07-31,11.407,53.71,2.76
HCA,0.1318396660885043,0.21191905702271105,0.07241806148763281,107.79,0.8763560850358992,113.48,0.51,51.0,1.4,7.35,,2018-05-31,37.899,14.77,1.32
HD,0.12136003227754487,0.19737435115029403,0.0850499633079176,199.08,1.5229531670206866,211.57,1.06,-54.0,4.12,7.701,,2018-05-30,229.749,25.86,2.05
HDS,0.20162481761721007,0.29647926761141064,0.13594836658662787,43.57,0.5521198449482787,47.10,1.34,16.0,,5.14,,N/A,8.005,8.48,
HES,0.2985323745147991,0.43152319598065364,0.2141710915577277,62.64,1.1546743968057178,62.58,1.48,57.0,1.0,-12.47,,2018-06-15,18.799,N/A,1.6
HFC,0.4168997658658722,0.7019077417945322,0.1786281665897303,74.59,1.9617875887743992,70.77,0.89,49.0,1.32,6.27,,2018-05-22,13.062,11.90,1.83
HIIQ,0.3974798830110567,0.7319264059089797,0.09851222205034378,34.15,0.8350466175072242,48.38,0.85,49.0,,1.29,,N/A,0.6036180000000001,26.45,
HLF,0.4051796603949643,0.33157585759380087,0.3232493773581519,54.3,1.3770154553637026,60.00,0.36,49.0,,1.32,,2014-02-28,8.422,41.26,
HLT,0.18527624152237213,0.32407111804811173,0.09178113298812828,82.01,0.9684849855458889,92.64,1.48,56.0,0.6,4.24,,2018-05-10,24.637,19.32,0.72
HOG,0.2649757417373371,0.408549198009042,0.1102718122875491,45.68,0.746294972593207,48.31,0.62,58.0,1.48,2.99,,2018-05-30,7.53,15.29,3.22
HOLX,0.196162117905877,0.33577076480899126,0.07991617101383404,39.75,0.4911928138111801,43.34,0.82,50.0,,-0.48,,N/A,10.852,N/A,
HON,0.14167142416761375,0.22268058899667226,0.07879342300927711,146.54,1.314394595853027,172.12,1.06,62.0,2.98,2.30,,2018-05-17,108.88,63.43,1.98
HP,0.2957396138840354,0.4703003291946749,0.18351657367387436,64.6,1.1930552450848033,68.00,1.37,56.0,2.8,4.02,,2018-05-17,7.034,16.07,4.43
HRL,0.21235013884584003,0.439550583604353,0.12379900571342103,35.59,0.47768557753158025,35.67,-0.06,28.0,0.75,1.74,,2018-07-13,18.881,20.44,2.06
HSBC,0.13351892108119112,0.17461945556513198,0.15242467330233134,48.25,0.4044802502753522,,,,,,,,,,
HSIC,0.18658304389175068,0.3402266235159436,0.087634777716704,71.91,0.8509625930745036,78.13,1.06,44.0,,2.59,,N/A,11.076,27.75,
HSY,0.18835157160873192,0.2818829467958023,0.09986320316811859,91.86,1.0906339023544487,95.63,0.10,56.0,2.62,4.73,,2018-05-24,19.223,19.43,2.85
HTHT,4.983699364402479,0.5815108362643606,5.732163872373863,48.12,15.012780592105347,45.90,1.74,37.0,0.16,0.64,,2017-12-01,14.024,74.95,0.33
HUBS,0.27005802868438883,0.5511800098069449,0.10472953834211585,142.1,2.362974682426974,126.63,1.86,41.0,,-1.27,,N/A,5.458,N/A,
HUM,0.15072245900585612,0.24064662223235886,0.06394004953926093,300.25,2.8465827611718506,316.44,0.71,-41.0,2.0,12.74,,2018-06-28,41.339,23.57,0.65
IAC,0.18435295218543088,0.371722898515278,0.13707919481545278,161.5,1.8918973547595679,191.88,1.15,43.0,,3.58,,2015-11-10,13.515,45.11,
IBKR,0.23301198494950195,0.39935081106266573,0.10378764457770229,66.95,0.9953406324413729,72.17,1.06,65.0,0.4,1.37,,2018-05-31,27.564,49.01,0.57
IBM,0.11002506414374855,0.17692754263025157,0.08633211795941065,142.63,0.9973604765291119,168.80,1.03,-27.0,6.28,6.0950,,2018-05-09,130.568,23.34,4.32
ICE,0.18844997048150636,0.2844004413515335,0.10591615550468074,74.61,0.8816764226938201,81.57,0.38,49.0,0.96,4.18,,2018-09-12,43.216,17.83,1.29
ICPT,0.44532793816732025,0.7571152647031038,0.2747013335147958,85.12,2.3794574315800685,106.69,2.03,43.0,,-14.00,,N/A,2.518,N/A,
IDTI,0.18398676993756036,0.3196741174810739,0.12002984268072918,34.53,0.39927815575118863,36.25,1.40,52.0,,-0.09,,N/A,4.464,N/A,
ILMN,0.20588430213796238,0.3555881622806266,0.09854368002605468,287.65,3.7059026325764632,278.38,0.94,58.0,,3.86,,N/A,42.285,74.52,
INCY,0.2382761392306839,0.440181820184942,0.12329701064449264,73.43,1.0954287709211674,83.14,1.18,51.0,,-0.80,,N/A,15.565,N/A,
INTC,0.23148076177045857,0.3505301269741281,0.14696404545286934,53.46,0.7718208856384876,59.13,0.99,56.0,1.2,2.31,,2018-05-04,249.124,23.18,2.24
INTU,0.15306066252171047,0.35195101526985506,0.096680427790042,213.52,2.0306838111154115,196.88,1.21,30.0,1.56,4.56,,2018-07-09,54.787,46.87,0.75
IONS,0.3589870685704804,0.5321662630330204,0.30353981392449964,44.03,0.9821286126940487,58.50,3.34,48.0,,-0.13,,N/A,5.527,N/A,
IP,0.29053739113538685,0.3632050335241491,0.1883453844680888,54.17,1.002590972920555,66.92,1.79,-126.0,1.9,6.37,,2018-05-24,22.431,8.51,3.43
IPGP,0.2686953658599882,0.5281633845714109,0.11505893739715482,239.09,4.051797839714758,269.44,1.71,51.0,,6.91,,2012-12-19,12.838,34.60,
IQ,0.8031935823638703,1.5894395882907795,0.40646214885882287,44.2,2.154396408689188,,,,,,,,,,
IR,0.17876560753278545,0.2976571620034045,0.10823296091339141,90.9,1.0249921279189154,102.54,1.48,57.0,2.12,5.10,,2018-09-06,22.54,17.83,2.3
IRBT,0.4400104669044165,0.7557901719955922,0.09744670209744564,78.37,2.1611766735257225,75.43,1.15,-34.0,,1.90,,N/A,2.179,41.18,
IRM,0.17838140220287038,0.2654587079967094,0.0849180518191119,34.32,0.38014676658422725,39.17,0.52,56.0,2.35,0.63,,2018-06-14,9.813,54.74,7.07
ISRG,0.21366021586516765,0.3952439903249069,0.07715082069942505,487.45,6.576227896347205,480.80,1.10,65.0,,6.55,,N/A,55.226,74.41,
ITW,0.1829099118359515,0.24524527630363094,0.10655094170698705,142.97,1.6489479675945238,169.36,1.25,56.0,3.12,5.21,,2018-06-28,48.433,27.43,2.18
JACK,0.1931935104281299,0.35327866897722937,0.06884324405250715,86.22,1.0501533751570065,97.71,0.17,-48.0,1.6,4.22,,2018-05-25,2.452,20.45,1.85
JAZZ,0.14035171679040373,0.28885822910167547,0.0943344475665108,183.18,1.5945333446679941,185.91,1.35,44.0,,7.30,,N/A,10.99,25.09,
JCI,0.2017280897290822,0.3062854648615599,0.09648276641145763,35.25,0.4384147939722613,40.38,1.08,51.0,1.04,2.24,,2018-06-22,32.522,15.75,2.97
JD,0.42682033564250255,0.7790107095150038,0.292561506787764,41.68,1.1263028756892828,48.42,1.66,43.0,,0.12,,N/A,59.487,338.86,
JEC,0.14563020426322731,0.23912953372520918,0.11009436319870591,65.6,0.5944648688126296,76.07,1.49,44.0,0.6,1.83,,2018-05-17,9.302,35.89,0.93
JLL,0.19755381160541505,0.35788851071795047,0.07727105974995997,169.48,2.1036555334410325,183.11,2.00,44.0,0.82,6.27,,2018-05-17,7.71,27.05,0.49
JNJ,0.14192421368120614,0.22024549329085444,0.08190915913532495,122.04,1.095823002345713,144.45,0.56,-26.0,3.6,0.45,,2018-05-25,325.345,268.36,2.94
JPM,0.22401531420885487,0.3067266981705633,0.13913431462362455,107.54,1.5177067059934621,121.92,1.09,-481.0,2.24,7.01,,2018-07-05,366.099,15.33,2.08
JWN,0.2661834196525069,0.4731274193897876,0.09385867417234936,51.83,0.8581851817063895,51.47,0.60,-147.0,1.48,2.73,,2018-05-17,8.676,18.99,2.93
K,0.24533744769843452,0.4205178477062896,0.12285888801478441,66.69,1.0291355662641064,69.50,0.31,-42.0,2.16,4.14,,2018-05-31,23.131,16.10,3.22
KHC,0.19873720206505277,0.3731833369960367,0.07070148228222235,63.04,0.7779472497834781,67.59,0.78,50.0,2.5,9.03,,2018-05-17,76.856,6.98,4.12
KLAC,0.1611996075591197,0.2171529519795896,0.14883218873502704,109.77,1.1228979665965464,133.36,1.44,56.0,3.0,4.50,,2018-05-14,17.193,24.55,2.66
KMB,0.22352544301909788,0.4209632387156028,0.06644828705581177,101.65,1.4410269616616547,111.13,0.58,-123.0,4.0,5.10,,2018-06-07,35.509,19.94,3.94
KMX,0.13961112461712438,0.25520472533437516,0.09620489928454927,72.77,0.6398125473484106,74.60,1.64,-97.0,,3.60,,N/A,12.958,20.21,
KO,0.12445605389382011,0.2074956633527449,0.06764929694014775,43.26,0.34182375891224276,49.64,0.56,58.0,1.56,0.34,,2018-06-14,183.806,128.56,3.54
KORS,0.5884910525864643,0.7217758664530072,0.402940434112844,67.99,2.484528696971825,72.00,-0.39,21.0,,3.82,,N/A,10.178,17.80,
KSS,0.3410347188445102,0.5695612147574534,0.11205765566084007,76.46,1.6187567061114525,76.07,1.11,29.0,2.44,5.20,,2018-06-12,12.776,14.70,3.3
KSU,0.23817136224972216,0.4289899331214778,0.09199664726129746,107.56,1.6032617819853727,122.44,0.58,62.0,1.44,9.21,,2018-03-09,11.036,11.68,1.32
LB,0.36187956967923374,0.6759187892842782,0.2194275756305033,36.4,0.8197538742740609,36.61,0.25,28.0,2.4,3.28,,2018-05-31,10.09,11.11,6.6
LEA,0.12653695120610015,0.20067067291306886,0.10018942756943171,201.35,1.5986795400209532,212.47,1.34,56.0,2.8,19.400,,2018-06-07,13.219,10.27,1.38
LEG,0.15125464485217685,0.3740516899257925,0.1287232326068148,44.7,0.4206676910194666,50.83,0.81,-35.0,1.52,2.08,,2018-06-14,5.868,21.46,3.43
LEN,0.270456558151738,0.504711642880013,0.0883957519033842,52.23,0.887125012094356,74.82,1.16,78.0,0.16,3.72,,2018-04-24,16.811,14.04,0.3
LGIH,0.3332047558426992,0.6784922523385986,0.09896973009499414,57.04,1.1924377334244485,78.80,-0.23,113.0,,5.26,,N/A,1.29,10.84,
LITE,0.346325583080474,0.5480097652303786,0.2320635997416553,56.5,1.214086059274744,82.38,0.10,49.0,,2.45,,N/A,3.554,23.02,
LLY,0.1106274260174207,0.2025533525086148,0.07296824293432758,86.28,0.6050375361348531,91.26,0.25,-33.0,2.25,1.07,,2018-08-14,87.334,79.97,2.61
LMT,0.18648659084936425,0.3287885122361114,0.07673324172761625,302.86,3.5538691302175067,371.89,0.69,58.0,8.0,8.20,,2018-05-31,86.475,36.94,2.58
LNC,0.2481035947625276,0.2860311895863191,0.19546592110092043,65.05,1.0208900298700234,82.36,1.98,50.0,1.32,8.99,,2018-07-09,14.227,7.23,2.03
LNG,0.26381565837284077,0.5324024039530458,0.1693764055445725,66.18,1.0783955141098365,70.13,1.51,48.0,,-0.38,,N/A,16.445,N/A,
LOW,0.3836197713609293,0.42313837501630014,0.25793128400128473,98.44,2.372112387592269,107.41,1.41,-62.0,1.92,4.59,,2018-07-24,80.342,21.45,1.94
LRCX,0.2753727424871583,0.3799039766288345,0.22012880423121703,174.54,3.0070768374006813,266.00,1.36,65.0,4.4,10.28,,2018-06-05,28.632,16.97,2.47
LULU,0.5520975980389351,0.5961180631231082,0.35625567393039737,128.27,4.455174478733728,115.32,-0.11,20.0,,2.22,,N/A,16.99,57.73,
LUV,0.20126490630611793,0.3282690852575335,0.10173250834057568,52.0,0.6556050992374923,64.50,1.23,-126.0,0.64,6.07,,2018-06-05,30.15,8.57,1.23
LVS,0.15682717264853904,0.2630330045945464,0.14673631794513264,80.02,0.7838144012187624,82.74,1.91,57.0,3.0,4.77,,2018-06-19,63.151,16.77,3.73
LYB,0.2462274161438114,0.38523079903620866,0.19739689252653106,110.0,1.7255842056055257,117.45,1.35,-131.0,4.0,13.38,,2018-06-08,43.01,8.22,3.47
LYV,0.17179434695985485,0.3304331179829974,0.10600901926744696,47.11,0.5082023708159616,50.00,1.20,49.0,,-0.50,,N/A,9.842,N/A,
LZB,0.2848153782943922,0.4489335034834923,0.3007509111572759,31.75,0.5965609395892151,34.33,0.98,2.0,0.48,1.53,,2018-05-31,1.494,20.70,1.46
M,0.3838809173631725,0.7128810961510863,0.0912345000787819,39.62,0.9402048991189669,34.25,0.54,35.0,1.51,5.22,,2018-06-14,12.138,7.59,3.95
MA,0.1729644123685281,0.3055064712105239,0.10036960161630833,201.54,2.1757690881872516,208.31,1.00,50.0,1.0,4.05,,2018-04-06,210.402,49.70,0.5
MAR,0.1864760073615274,0.296276079995238,0.09526329504468994,135.99,1.6043894588609504,149.57,1.30,44.0,1.64,3.74,,2018-05-17,48.053,36.33,1.18
MCD,0.21307721330233215,0.3370999880256064,0.08189045518361404,162.56,2.214326779409313,186.69,0.69,52.0,4.04,6.62,,2018-06-01,127.638,24.55,2.43
MCHP,0.18335727740502772,0.2439696972715799,0.1468876241674716,101.23,1.1596624478950863,114.25,1.09,44.0,1.45,1.03,,2018-05-18,23.793,98.28,1.43
MCK,0.23326494214825344,0.3668934368618904,0.11653732367685554,147.5,2.15624307215919,171.60,1.42,28.0,1.36,0.32,,2018-05-31,29.803,458.07,0.91
MDB,0.32913179030343526,0.5979628028483517,0.17440379520335267,58.42,1.2189138784522353,51.56,N/A,99.0,,-3.21,N/A,N/A,2.958,N/A,
MDCO,0.2005673139242528,0.3836431204559153,0.10411326222853967,37.44,0.4720269069931968,49.91,0.49,57.0,,-7.89,,N/A,2.755,N/A,
MDLZ,0.13382049546951105,0.22663477447910943,0.06933198652311036,40.76,0.34006211925916763,48.48,0.61,51.0,0.88,2.12,,2018-06-28,60.124,19.23,2.19
MDT,0.14072721081149195,0.20871448400024487,0.09688848277929553,86.13,0.7677960054554401,94.55,0.75,-152.0,1.84,2.27,,2018-03-22,117.397,38.19,2.12
MED,0.2684735624363536,0.47462420486828844,0.13376497613021027,176.53,2.899435241173404,143.33,0.18,49.0,1.92,2.79,,2018-06-28,2.129,63.27,1.19
MEI,0.3612570113889427,0.6516058374963598,0.09965967734346498,45.25,0.988793937863444,46.67,1.07,111.0,0.44,1.16,,2018-07-12,1.667,39.04,1.05
MELI,0.5439617734052279,0.9870031511802457,0.1747352090930736,296.48,10.117488653345987,345.38,2.12,-49.0,,-1.08,,2017-12-28,13.092,N/A,
MET,0.2509079165645675,0.3398151425544419,0.147982774516791,45.79,0.7227952589820184,54.38,0.98,50.0,1.68,4.01,,2018-05-04,46.547,11.41,3.63
MGM,0.2851392497882405,0.4562652227388184,0.1214368976429069,30.54,0.5372459438080868,38.71,1.58,56.0,0.48,3.39,,2018-06-07,17.004,9.01,1.52
MIC,0.12229676660047654,0.2168734246828216,0.061633790529417316,42.6,0.32479946611720784,47.33,1.49,50.0,4.0,5.47,,2018-05-11,3.631,7.80,9.63
MKC,0.16908459591719752,0.30296887063493444,0.04839848565809597,105.81,1.1263779745956073,108.46,0.29,86.0,2.08,6.21,,2018-04-06,13.876,17.04,1.95
MLM,0.10589908875762859,0.21655841113854124,0.07803768129423469,228.58,1.5181897178992994,247.00,0.98,44.0,1.76,10.74,,2018-05-31,14.394,21.28,0.77
MMM,0.15379543067840815,0.21653459620134058,0.1081284690559014,198.08,1.9317304940141171,213.00,1.08,-33.0,5.44,6.75,,2018-05-17,116.565,29.08,2.65
MNST,0.29684645191952364,0.3944215634215989,0.14748415265272566,55.54,1.044931904212647,60.53,0.90,44.0,,1.49,,N/A,31.251,37.28,
MO,0.1699676883565277,0.2887546750804966,0.06815664947132719,56.75,0.6080481425320403,68.71,0.48,-35.0,2.8,5.60,,2018-06-14,107.51,10.13,4.85
MOMO,0.6660696725611815,0.856535263821469,0.4613006768249575,51.91,2.143656978696287,54.53,1.31,22.0,,1.76,,N/A,10.575,29.51,
MPC,0.2694156912009089,0.43488463076329176,0.14183828992266248,73.82,1.2647231320349894,95.15,1.48,52.0,1.84,6.88,,2018-05-15,34.096,10.73,2.5
MPLX,0.21087805940304435,0.34554426289213375,0.0975413640894639,35.32,0.4601601535748122,41.59,1.53,52.0,2.47,1.61,,2018-05-04,28.043,21.88,7.17
MRK,0.18140707814817217,0.22785850289794196,0.10776769988197388,61.28,0.6974247058597076,69.06,1.09,-36.0,1.92,0.58,,2018-06-14,164.862,106.39,3.1
MS,0.280802193579218,0.3615822167263503,0.15507760459482015,49.89,0.8830286659251543,61.23,1.48,64.0,1.0,3.51,,2018-04-27,88.318,14.20,1.95
MSFT,0.13464529389192476,0.27472442001023634,0.08846529141769288,101.87,0.8554800221992591,111.06,1.28,56.0,1.68,1.48,,2018-08-15,782.688,68.88,1.68
MT,0.4284806972659009,0.38547130701447063,0.3585698916600596,31.73,0.85347903453658,,,,,,,,,,
MTCH,0.30820445029559523,0.6503943464506734,0.23531040728521882,43.01,0.8523209337799522,43.67,0.16,43.0,,1.44,,N/A,11.938,29.83,
MTZ,0.2731153674681712,0.5023038865237838,0.11849996503447874,54.5,0.9170078977299456,62.75,1.68,52.0,,4.04,,1982-08-04,4.293,13.49,
MU,0.37233781407172173,0.6601068262945996,0.2709130284152052,58.95,1.389713348560631,77.72,1.55,0.0,,8.29,,1996-05-07,68.368,7.11,
MUR,0.3929180217034671,0.599919303542321,0.20978136062224784,35.07,0.8440264512676977,33.50,2.60,49.0,1.0,-1.17,,2018-05-11,6.068,N/A,3.05
MUSA,0.33352509244341727,0.6673646436499313,0.08854324454968028,80.18,1.6249215954714096,65.25,0.91,50.0,,8.11,,N/A,2.665,9.88,
MYL,0.3015865805479338,0.4223290201489103,0.2546693183435406,38.87,0.7357990788081997,49.05,1.32,43.0,,1.35,,2007-06-27,20.036,28.71,
MZOR,0.26146093445450225,0.43622273335951756,0.13084379984651634,57.49,0.923006299795587,,,,,,,,,,
NAV,0.45674495148766553,0.857530712933304,0.2513292142403627,41.71,1.1603839343266134,44.50,2.43,15.0,,1.55,,2001-10-24,4.12,26.84,
NBL,0.2953838659489191,0.4726682303490425,0.19474593679250826,35.8,0.6484690936540131,42.90,1.12,51.0,0.44,-1.24,,2018-05-04,17.234,N/A,1.3
NEE,0.1585812930649454,0.3135163037955741,0.04077635509766859,162.7,1.6283182437622445,170.43,0.26,58.0,4.44,17.34,,2018-06-04,76.703,9.38,2.78
NEM,0.15791750549817027,0.2731388040390331,0.09388435596691902,37.95,0.3815007297755672,44.65,0.58,56.0,0.56,0.09,,2018-06-06,20.246,431.25,1.46
NEWR,0.2225201419507925,0.40914377685586467,0.12937663874316158,109.12,1.5294441183691334,100.07,0.63,44.0,,-0.83,,N/A,6.108,N/A,
NFLX,0.2699383948758671,0.4914706509673288,0.1511966730098619,416.76,6.8864907231738846,343.88,1.36,66.0,,1.49,,N/A,181.163,279.33,
NKE,0.16036094414916507,0.2192039703391009,0.1169896009599635,74.72,0.7501589222637688,73.32,0.58,91.0,0.8,1.08,,2018-06-01,119.012,68.24,1.05
NKTR,2.1033893923194307,1.9635675614268715,1.5674202063890126,58.17,7.600261788203589,96.78,2.77,41.0,,-0.81,,N/A,9.97,N/A,
NOC,0.2012596480176583,0.33134077641072607,0.08215180935986621,312.08,3.9789156593385173,370.39,0.79,57.0,4.8,11.99,,2018-06-01,54.422,26.03,1.54
NOV,0.18395952514412447,0.25832984253711083,0.16365844509289434,42.35,0.48891294339046415,37.32,0.66,56.0,0.2,-0.49,,2018-06-14,16.179,N/A,0.48
NOW,0.2494110192102654,0.47326658760998935,0.11323081794411625,184.76,2.8847733499922317,185.87,1.65,57.0,,-0.68,,N/A,32.643,N/A,
NRG,0.25690302056584574,0.4130664585627327,0.09556484041994924,31.85,0.517220477408908,38.31,1.06,49.0,0.12,-5.39,,2018-04-30,10.029,N/A,0.36
NSC,0.21290908079581214,0.36173918905793045,0.10634508502575421,151.07,2.024006643439186,157.55,1.44,57.0,2.88,19.13,,2018-05-03,42.684,7.90,1.86
NTAP,0.19291997105554518,0.502845698859463,0.19354921531029565,78.16,0.9465828277633341,72.40,1.75,-237.0,1.0,0.28,,2018-07-05,20.941,279.14,1.29
NTES,0.2866701434640319,0.504254703603249,0.22577840487787473,254.9,4.500003001734514,306.78,1.49,36.0,0.92,8.91,,2018-05-31,33.476,28.61,0.36
NTNX,0.5144270845050042,0.8765229164061747,0.16928396635579762,59.86,1.9945807024560276,57.88,N/A,27.0,,-2.22,,N/A,10.217,N/A,
NTR,0.19990368006316026,0.3060908602766036,0.1452351813465938,52.31,0.6645193215261239,,,,,,,,,,
NTRI,0.36474682220208837,0.6749978232077177,0.09560005556476998,38.7,0.8811637342829485,47.00,1.16,51.0,1.0,1.74,,2018-05-09,1.142,22.25,2.72
NTRS,0.2162732252797627,0.3265933593267828,0.1242920147997119,107.77,1.4686599346190559,115.82,1.00,65.0,1.68,5.41,,2018-06-07,24.247,19.92,1.57
NUE,0.23162800498855757,0.2907785579632052,0.20967917847632644,65.88,0.955285393048962,76.45,1.64,63.0,1.52,4.09,,2018-06-28,20.956,16.10,2.27
NUVA,0.14239259062125506,0.25367168877961743,0.06618299200430075,56.68,0.5011477587191429,59.56,0.65,51.0,,0.80,,N/A,2.905,70.67,
NVCR,0.45619521734545315,0.8922668407567849,0.08680910972417231,31.1,0.9196031195376217,31.80,3.13,55.0,,-0.72,,N/A,2.821,N/A,
NVDA,0.18562845632878713,0.27998279565195017,0.13289295119486347,262.31,3.0422962330265118,279.70,1.57,42.0,0.6,6.02,,2018-05-23,159.222,43.60,0.23
NVO,0.17669566876522305,0.20842985774665956,0.17120898987941052,45.65,0.4972119822659214,,,,,,,,,,
NVS,0.1491789879503992,0.1676656483767207,0.16239408473684566,74.23,0.6913661976727721,,,,,,,,,,
NXPI,0.4179844197267664,0.6534698491825753,0.36610584912599187,112.92,2.869765934758844,120.82,0.88,49.0,,2.80,,N/A,38.844,40.27,
NXST,0.2444638803854183,0.4640443228113874,0.0696442074433018,77.85,1.175772970382742,90.20,1.79,43.0,1.5,10.84,,2018-05-10,3.56,7.18,2.01
O,0.15013656724477442,0.29553997360980794,0.047098153054941985,53.49,0.4999348018443338,56.39,N/A,44.0,,1.12,,N/A,15.243,N/A,
OC,0.21953441776521487,0.43029026265770004,0.11611364621802286,67.18,0.927120858854643,86.67,1.16,57.0,0.84,2.48,,2018-03-08,7.437,27.10,1.27
OHI,0.13413448808133802,0.2475603972681477,0.029514463852105145,31.45,0.26160204687613103,29.19,0.57,45.0,2.64,0.40,,2018-04-27,6.522,77.85,8.45
OKE,0.17919963816303708,0.3163876044586275,0.11383176074303661,70.07,0.7765370248319092,67.41,1.34,51.0,3.06,1.61,,2018-04-27,28.804,43.49,4.51
OKTA,0.42589641172462156,1.041844682230239,0.3021056655809019,53.69,1.4200564365409905,56.80,N/A,14.0,,-1.14,N/A,N/A,5.724,N/A,
OLED,0.36158953612152805,0.9480101446533578,0.6981177811067454,87.95,2.020408577319769,147.70,2.28,48.0,0.24,2.09,,2018-06-14,4.141,42.10,0.26
OLLI,0.2507905407089311,0.5524247354723729,0.23278072408664793,74.35,1.2038319148453285,73.82,0.20,77.0,,2.13,,N/A,4.636,34.96,
OLN,0.2388717847052068,0.3568725334601954,0.15907382286368052,28.97,0.437280583559468,38.29,1.75,51.0,0.8,3.29,,2018-05-09,4.844,8.79,2.63
OMC,0.21598224790486795,0.353724468807097,0.08168700806461157,75.16,1.0213725985514976,78.93,1.02,65.0,2.4,4.77,,2018-06-13,17.083,15.75,3.18
ONCE,0.49229560015478135,0.959114432513429,0.1039753501926902,90.59,2.5702503462939283,78.76,2.79,43.0,,-7.11,,N/A,3.387,N/A,
ORCL,0.3606362734825508,0.3252446440512667,0.286107234579576,42.82,1.051159539211271,54.18,1.10,2.0,0.76,0.86,,2018-04-16,174.805,50.08,1.64
OSTK,0.48353456272688344,0.9532154562356222,0.1623355969359529,38.95,1.180317806597338,100.00,1.43,43.0,,-5.84,,N/A,1.126,N/A,
OXY,0.1837231792333228,0.239224635782454,0.1359931313013975,83.24,0.9557373537993247,93.54,0.57,44.0,3.08,2.47,,2018-06-08,63.743,33.70,3.7
PAGS,0.9339064715448453,1.227257165688645,0.6036347888010353,28.49,1.6119578342652512,,,,,,,,,,
PANW,0.24906443779693002,0.4745956583009128,0.14579158216120375,215.44,3.31003171148862,226.65,0.64,17.0,,-2.02,,N/A,20.01,N/A,
PAYC,0.303636476193468,0.5785272467630034,0.08970054002263371,112.65,2.1743914774681037,114.06,0.54,50.0,,1.13,,N/A,6.653,99.34,
PAYX,0.10947985884461792,0.20195923657889966,0.07358163802102345,69.92,0.47896767954980163,63.40,0.93,-6.0,2.0,2.32,,N/A,25.174,30.20,3.22
PBF,0.3568958649372222,0.5797567718223099,0.15649920587121802,45.96,1.0638636782302036,49.38,1.20,48.0,1.2,4.22,,2018-05-14,5.307,10.90,2.57
PBYI,0.384169035496367,0.7373750814768969,0.1892823104020222,55.4,1.3467508413687852,92.33,1.67,42.0,,-7.86,,N/A,2.095,N/A,
PCG,0.2969446525859698,0.4606044046894302,0.3528339677546608,40.0,0.7461725611497555,47.79,-0.04,49.0,,2.94,,2017-09-28,20.657,13.60,
PEG,0.14208764223839462,0.2819673224307376,0.04461021434214195,53.06,0.4731329520220718,55.50,0.35,52.0,1.8,3.10,,2018-06-07,26.807,17.12,3.52
PENN,0.23411296666023612,0.5276435071513504,0.09136312493175257,33.85,0.4927216819540008,36.88,1.52,56.0,,5.46,,N/A,3.095,6.20,
PEP,0.15118978401484162,0.26484696350332243,0.05946487808375082,105.81,1.0091695219184265,115.91,0.64,56.0,3.71,3.40,,2018-05-31,150.023,31.11,3.51
PETS,0.29083299499177295,0.5286350409765741,0.05821495456227659,45.53,0.8198538584896318,46.75,0.82,45.0,1.0,1.70,,2018-02-02,0.929158,26.78,2.87
PF,0.11631462919598368,0.21089205950760176,0.06398895907053566,64.56,0.4718673601266071,66.65,0.56,49.0,1.3,4.45,,2018-02-26,7.691,14.50,2.13
PFE,0.08434006638571322,0.16126082789176974,0.0826965793205851,36.46,0.1924341359242208,39.86,0.93,51.0,1.36,3.599,,2018-05-10,211.901,10.07,3.74
PG,0.18465583822831674,0.33013877586930557,0.05121384754336109,75.85,0.8878876907933317,81.55,0.39,63.0,2.87,3.77,,2018-04-19,190.732,20.14,3.71
PGR,0.15027247383427297,0.28327963491344693,0.07795515381840576,61.42,0.5865304648899562,65.67,0.49,-26.0,,2.72,,2017-02-01,35.77,22.58,
PH,0.1975235687921902,0.2638566595082252,0.11140616983527277,164.47,2.0357690053823614,196.00,1.20,56.0,3.04,7.38,,2018-05-09,21.868,22.29,1.78
PINC,0.12345408967021371,0.2498967293378066,0.05688413836603355,36.4,0.28471145441909257,36.81,0.24,45.0,,-6.74,,N/A,4.838,N/A,
PLNT,0.26471533215874,0.4862426330182933,0.13046633926577697,46.69,0.7530655123867542,44.08,0.36,119.0,,0.52,,2016-11-18,4.594,89.62,
PM,0.21829986785911984,0.36450692680022484,0.08373387651170862,81.75,1.111679270076619,100.00,0.73,-28.0,4.56,3.86,,2018-06-21,127.078,21.20,5.57
PNC,0.24658491544219682,0.3784159480953903,0.13619273924357117,141.35,2.2080713320459515,161.63,0.97,-22.0,3.0,10.83,,2018-04-13,66.364,13.05,2.06
PPG,0.14341038769645068,0.23635714845859332,0.08687023314526579,105.14,0.940710968587002,121.64,1.49,63.0,1.8,6.29,,2018-05-09,26.214,16.72,1.73
PRU,0.24827057385581586,0.32500860537330717,0.16279610929104105,96.84,1.5264226275407529,121.44,1.46,-405.0,3.6,17.93,,2018-05-21,40.673,5.40,3.65
PSX,0.19738051490066646,0.28758776940956937,0.1265484423441951,114.59,1.4246652297930356,123.08,0.82,55.0,2.8,9.85,,2018-02-16,53.38,11.64,2.49
PTC,0.2635105137510847,0.4160785101098683,0.3068670341616435,99.99,1.6234410831358068,106.83,1.24,64.0,,0.25,,N/A,11.567,403.19,
PTCT,1.6577724204848425,2.6211628877790276,1.1636207647675523,35.64,3.4712480991989265,33.00,2.99,42.0,,-1.69,,N/A,1.655,N/A,
PTLA,0.42474170055484595,0.8103062250648315,0.10384316762649674,43.07,1.1443631944770785,60.50,1.86,42.0,,-5.32,,N/A,2.835,N/A,
PVH,0.24063093655819373,0.4537332320633701,0.09322907171553221,157.35,2.431243616458105,174.69,0.63,22.0,0.15,6.84,,N/A,12.129,23.00,0.09
PX,0.18418138750201402,0.2532876524264178,0.12698058669909698,155.02,1.8019589352754715,172.38,1.12,56.0,3.3,4.56,,2018-06-06,44.548,33.97,2.13
PXD,0.2691820755012434,0.39453335215499147,0.16335519334661017,183.24,3.0546118020746325,241.43,1.29,50.0,0.32,4.85,,2018-03-28,31.229,37.78,0.16
PYPL,0.16526681570757512,0.3308355037452458,0.11337374135675826,85.95,0.8799234206926588,87.95,1.32,57.0,,1.57,,N/A,102.056,54.75,
PZZA,0.2815722585049363,0.5334197041620896,0.08606277947488168,54.87,0.9221666487480802,59.80,0.67,43.0,0.9,2.57,,2018-05-11,1.766,21.36,1.75
QCOM,0.18593807500693185,0.36916072138771344,0.19162132969919105,58.79,0.6875529682414435,61.61,1.56,-34.0,2.48,-3.09,,2018-05-29,87.163,N/A,4.14
QLYS,0.3182506050527373,0.5986209583450347,0.17183074464317105,95.9,1.9286083363187962,87.85,1.49,50.0,,1.01,,N/A,3.738,94.95,
QRVO,0.24289197327312245,0.39103710372917916,0.13632800311976542,83.46,1.2777661429736233,82.33,1.26,50.0,,-0.32,,N/A,10.557,N/A,
RACE,0.295367375898523,0.22705907617242593,0.2815701074138939,143.21,2.7063002636702564,142.94,1.40,-41.0,,3.47,,2017-04-24,27.06,41.24,
RCL,0.3397699900811559,0.43412535791180695,0.22527428992538956,111.55,2.403612773842591,142.50,1.36,56.0,2.4,7.57,,2018-06-01,23.62,14.74,2.1
REGN,0.22045153632434947,0.42034744982336036,0.07888182027480829,336.93,4.542067356826539,374.16,1.55,49.0,,12.32,,N/A,36.306,27.34,
RGLD,0.1693770695158034,0.3095078700795016,0.07037386819558651,91.86,0.9834310851504968,96.32,0.82,50.0,1.0,0.88,,2018-04-05,6.013,104.51,1.12
RH,1.0104450794898356,0.8110840210398795,0.8641399281514941,151.68,9.661745731375845,149.18,2.17,9.0,,1.28,,N/A,3.281,118.69,
RHT,0.23720057703860753,0.3732176890999197,0.12788644832371554,169.22,2.549742442823761,171.77,1.24,87.0,,1.40,,N/A,30.066,120.87,
RIO,0.26870901533704417,0.23329671764113577,0.281973763075127,55.07,0.9301428754232415,,,,,,,,,,
RL,0.5172886287730878,0.7571301091758259,0.2580543247471065,138.5,4.542831081393829,133.54,0.56,28.0,2.5,1.97,,2018-06-28,11.295,70.30,1.78
RNG,0.31180810689120225,0.585513354815664,0.09157921927082686,77.1,1.5124389639479383,84.50,0.50,42.0,,-0.34,,N/A,6.069,N/A,
ROKU,0.47753166185878115,0.8117396511593157,0.20572036965433999,46.75,1.3617970720289458,40.11,N/A,119.0,,-2.24,N/A,N/A,4.749,N/A,
ROST,0.3161999841462137,0.3193106405975345,0.21511069654806528,86.61,1.6920958356193425,89.00,0.77,-63.0,0.9,3.55,,2018-03-16,32.793,24.40,1.12
RP,0.28104445268280476,0.5213033601677942,0.08403742496117153,58.15,1.049855289018347,63.17,0.86,49.0,,0.04,,N/A,5.24,"1,530.26",
RSG,0.12715810972296135,0.20333694762111826,0.05906168126004325,68.91,0.5539859844764596,71.88,0.54,50.0,1.38,3.95,,2018-06-29,22.65,17.49,1.98
RTN,0.2080048685559561,0.3620526740446418,0.07279235186803887,196.42,2.576064562271491,239.89,0.64,56.0,3.47,6.95,,2018-04-10,56.422,28.27,1.64
RY,0.148829452587376,0.21655566596758263,0.10274383242548131,75.48,0.7056844212456864,,,,,,,,,,
SAVE,0.27905700676118145,0.4961553526793455,0.10194435967920731,38.79,0.6776681016626432,48.60,-0.26,56.0,,6.06,,N/A,2.647,6.40,
SBAC,0.14776716442851007,0.2834987313124579,0.04919843811328668,158.8,1.474924917406307,181.76,1.01,115.0,,0.82,,N/A,18.292,194.13,
SBGI,0.3027646943105885,0.56454603649506,0.1491409175017752,33.5,0.6274814014177758,46.57,1.58,-49.0,0.72,5.72,,2018-03-08,3.425,5.86,2.49
SBUX,0.3787906132082281,0.44189503125619256,0.2028081622714288,52.22,1.3703697210425043,61.50,0.50,-35.0,1.2,3.05,,2018-05-09,72.064,17.13,2.1
SCHN,0.42005949159257305,0.5769686091631685,0.20948735100471869,36.15,0.9195288103229666,38.33,1.36,76.0,0.75,2.26,,2018-02-09,0.9499500000000001,15.99,2.36
SCHW,0.22968224557514835,0.3050583901036662,0.16205453500126746,55.54,0.7996807094610904,61.47,1.68,66.0,0.4,1.77,,2018-05-10,74.934,31.36,0.69
SCI,0.1878608040797109,0.33578046910286696,0.0701669941534903,36.56,0.43099858856538115,44.50,0.99,57.0,0.68,2.37,,2018-06-14,6.703,15.42,1.89
SEDG,0.6054708765058482,1.1984215903279978,0.20292080972493937,50.95,1.8784481962462773,62.44,-0.59,126.0,,2.28,,N/A,2.293,22.35,
SEE,0.20913074079208976,0.35895892020692866,0.08074076379944092,44.5,0.580314628297697,50.08,0.67,49.0,0.64,4.29,,N/A,7.172,10.37,1.46
SFLY,0.14853719776391536,0.2660695257447375,0.08628543161594217,95.34,0.8852623589169573,97.00,1.29,51.0,,1.06,,N/A,3.162,89.86,
SGEN,0.35018648611887304,0.6646888044927131,0.1508657174265433,66.76,1.4510854289646367,68.55,1.85,55.0,,-1.22,,N/A,10.563,N/A,
SGMS,0.32810314049820805,0.5848256927219123,0.15490315065666202,54.5,1.103700842260591,59.11,2.31,111.0,,-3.84,,N/A,4.945,N/A,
SHAK,0.3460540870216572,0.6487144645442998,0.13739905601311894,69.22,1.5037197451202646,49.80,1.68,48.0,,0.04,,N/A,2.56,"1,977.71",
SHOP,0.2607094319031841,0.4957072093471278,0.14763017186509875,172.25,2.801953707880468,145.46,1.31,126.0,,-0.43,,N/A,18.285,N/A,
SHPG,0.17987637296317205,0.16613220337892173,0.19110496918458145,160.61,1.778763364850343,,,,,,,,,,
SIG,0.6245596164683365,0.5307365721341509,0.5246751470833274,59.17,2.2480908879427126,48.50,0.44,15.0,1.48,-1.46,,2018-08-02,3.503,N/A,2.67
SINA,0.24937640131803634,0.38657406923958415,0.1504078290849819,90.02,1.4003213580282383,139.72,0.89,43.0,,1.95,,N/A,6.434,46.26,
SJM,0.2906172418458823,0.4055280575920577,0.30956881410690273,106.36,1.9134649321663615,105.38,0.29,14.0,3.12,11.08,,2018-05-10,12.082,9.60,2.7
SLB,0.22890513578140895,0.2974257224127209,0.15885344509668362,65.55,0.9473721987112479,79.37,1.05,62.0,2.0,-1.08,,2018-02-06,90.795,N/A,2.96
SMG,0.28181993307242414,0.42580215529376864,0.18843193432104627,79.74,1.466574262778131,97.67,0.06,51.0,2.12,4.20,,2018-05-24,4.415,19.00,2.45
SNY,0.17807917917274124,0.149869453781334,0.21041962968270547,39.44,0.4391821102923643,,,,,,,,,,
SO,0.1465703356297095,0.29809824058367373,0.03993757907828421,45.05,0.416041831284666,46.02,0.03,50.0,2.4,0.84,,2018-05-18,45.573,53.63,5.21
SODA,0.312768895830271,0.46714082758099246,0.16121343145904343,87.36,1.702894722415225,99.75,1.45,127.0,,3.44,,N/A,1.981,25.42,
SOHU,0.36569036535720395,0.6564866946272244,0.13495867433335318,41.3,0.9447197991600915,43.89,1.42,56.0,,-14.92,,N/A,1.607,N/A,
SPG,0.1349570236890992,0.2624596928243204,0.060328807695907406,168.08,1.406061991704405,186.06,0.76,55.0,7.8,6.71,,2018-05-16,59.925,25.05,4.74
SPLK,0.329720234159415,0.564840348660712,0.22366089143030687,115.87,2.424739113788311,125.72,1.49,27.0,,-1.86,,N/A,16.801,N/A,
SPOT,0.2843666092064012,0.5192935107330564,0.174460610733058,176.4,3.043309666334199,,,,,,,,,,
SQ,0.2504221184533702,0.4068390557912243,0.15758366196752613,67.59,1.0405262999150318,54.29,4.21,50.0,,-0.17,,N/A,27.083,N/A,
SRE,0.5501605511112194,0.3696560478395097,0.5236040136191166,112.56,3.9255822069493114,123.22,0.48,45.0,3.58,0.62,,2018-03-22,29.731,180.38,3.2
SRPT,1.1108816385380722,0.9723641224573883,1.7450561833862352,153.69,10.072072506470064,158.53,1.73,48.0,,-0.86,,N/A,10.071,N/A,
STI,0.19443632718682818,0.29982233058427216,0.12599534799222123,68.58,0.8442778916860989,75.44,1.42,62.0,1.6,4.47,,2018-05-30,31.878,15.34,2.38
STLD,0.2517875853788273,0.518331490366664,0.15883032970535158,46.95,0.7372251830992406,53.93,1.33,64.0,0.75,3.50,,2018-03-28,11.077,13.42,1.48
STX,0.36628999429471987,0.6547233777799712,0.15445512769450526,58.08,1.337144140028663,56.82,1.55,50.0,2.52,2.85,,2018-06-19,16.673,20.37,4.31
STZ,0.14195155895368045,0.26549531057378695,0.07193151548785144,231.5,2.0732276691926357,254.19,-0.06,84.0,2.96,11.55,,2018-05-09,44.108,20.04,1.29
SU,0.27421219963519705,0.43490692653356483,0.1626131779175741,39.87,0.6828311367391093,,,,,,,,,,
SWK,0.21102263457860293,0.3346327093068295,0.11024030800164858,136.78,1.831267991690108,183.47,1.15,62.0,2.52,6.55,,2018-06-05,21.107,20.88,1.84
SWKS,0.2067836346821036,0.271549464943008,0.17984213737001015,100.03,1.2953198175250058,112.63,0.73,49.0,1.28,4.41,,N/A,18.213,22.66,1.28
SYF,0.18261878704909612,0.2661810541800496,0.1314552384330514,34.51,0.4004508379525373,43.22,1.08,62.0,0.6,2.63,,2018-05-04,26.047,13.10,1.7
SYK,0.2959269893836547,0.5772582585880874,0.27576637560404155,169.54,3.1640469317753843,181.36,0.48,55.0,1.88,2.67,,2018-06-28,63.359,63.45,1.12
SYNA,0.5529590716362227,0.9032832695999433,0.39173229678318666,54.46,1.7012509166281835,49.85,0.59,42.0,,-2.53,,N/A,1.885,N/A,
SYNH,0.2559292104580973,0.5256809909100204,0.07408245465306076,48.9,0.7843365094265321,50.46,0.44,43.0,,-1.85,,N/A,5.026,N/A,
SYY,0.09958039181775494,0.178624995383549,0.05681249538590324,67.42,0.4196620310172687,66.08,0.47,-319.0,1.44,2.41,,2018-07-05,35.313,28.12,2.15
T,0.30126873223376266,0.3933737985949315,0.1937075953657213,32.0,0.614702157646929,37.43,0.39,57.0,2.0,4.96,,2018-04-09,234.432,6.45,6.25
TAL,0.5295639243583744,1.1559141386372185,0.2662434459347592,39.78,1.341714730117218,42.92,0.14,55.0,,0.34,,2017-05-09,19.924,115.98,
TAP,0.1567680818851579,0.3221428178884834,0.09348790927298736,68.11,0.6677786666709875,73.69,0.57,-41.0,1.64,6.53,,2018-03-02,14.698,10.44,2.28
TCBI,0.2336307440582986,0.3434293957333971,0.14662633615670767,94.45,1.3944692450211529,103.79,1.81,64.0,,3.73,,N/A,4.692,25.32,
TD,0.1191643657305629,0.15775666040242775,0.09948814997173541,57.66,0.42930528199623097,,,,,,,,,,
TDC,0.25182129006093884,0.4389593203361953,0.1590475756030916,43.34,0.6894168536223662,40.27,1.39,49.0,,-0.53,,N/A,5.257,N/A,
TDOC,0.29370204949280576,0.4639399910130693,0.1607652273162155,62.35,1.118415074109654,55.21,0.35,114.0,,-1.93,,N/A,3.97,N/A,
TEAM,0.3216018216544353,0.617493994445171,0.12226947894620314,65.53,1.317646043358219,65.17,2.31,62.0,,-0.52,,N/A,15.335,N/A,
TGT,0.32728291894878564,0.46354781856654853,0.24984472564519183,75.39,1.5786349608336718,76.83,0.56,29.0,2.48,5.33,,2018-05-15,40.193,14.14,3.45
THC,0.30821579700662094,0.6044637935757927,0.07370120662966337,37.58,0.7139178707977452,30.94,1.07,51.0,,-5.47,,2000-03-13,3.835,N/A,
THO,0.4093315787797514,0.7801454822313175,0.34721136063351576,104.76,2.5362584105064587,,,,,,,,,,
THS,0.21128998948426836,0.39407024270874824,0.07145702394179397,53.84,0.7103556742475274,44.27,0.35,49.0,,-5.01,,N/A,3.033,N/A,
TIF,0.7442263226159376,0.4152573693003283,0.6558849514122379,135.37,6.3792135523628835,132.00,1.70,29.0,2.2,3.36,,2018-06-19,16.819,40.29,1.61
TJX,0.12498704591217916,0.19453270788641336,0.0930995438981216,96.72,0.7538822461029477,95.38,0.38,-152.0,1.56,4.3530,,2018-08-15,59.619,21.91,1.64
TMO,0.16504023600723905,0.22535064475217229,0.0902164629699949,208.8,2.1825493449381534,246.13,1.32,57.0,0.68,5.62,,2018-06-14,84.005,37.13,0.32
TMUS,0.1168872070112371,0.22478133963408747,0.10136853031297077,60.34,0.44576824503918383,76.13,0.17,51.0,,5.18,,2013-05-01,51.099,11.64,
TNET,0.18950508519616052,0.3605252332097379,0.08075139011488904,56.79,0.678658147016519,52.67,2.63,52.0,,2.49,,N/A,3.992,22.81,
TOL,0.25865859131345004,0.49854278310405303,0.09782222033187635,37.4,0.6121640656478338,49.20,1.31,30.0,0.44,3.60,,2018-04-12,5.68,10.40,1.04
TOT,0.23601399231754874,0.20580660636796141,0.2330873933712413,59.32,0.8892242203238061,,,,,,,,,,
TPR,0.16474262734552164,0.32540950737650276,0.09348672460700663,47.04,0.48651173535344105,55.93,0.14,51.0,1.35,1.12,,2018-03-08,13.539,42.11,2.57
TPX,0.33305869232093654,0.7008673714002562,0.09660532981295228,52.32,1.0998096317953134,57.75,1.56,48.0,,2.77,,2008-08-27,2.846,18.89,
TREE,0.5092389156289879,0.9872267618678041,0.10584558279691927,266.45,8.31969808954037,329.50,1.80,55.0,,2.86,,2012-12-13,3.328,93.07,
TRGP,0.3174495676422224,0.5007578890426289,0.15680774512515908,48.52,0.9530781376765457,53.50,2.07,49.0,3.64,0.36,,2018-04-30,10.649,134.78,7.82
TRIP,0.30251440131616114,0.5560930969518796,0.0673845721144204,58.55,1.1266271405918762,45.30,0.87,43.0,,-0.14,,N/A,8.045,N/A,
TRN,0.12916295930945934,0.2670420497731926,0.1106408696020055,33.66,0.2742814703277289,43.12,2.26,57.0,0.52,4.52,,2018-04-12,5.025,7.44,1.64
TROW,0.20588708082370685,0.2932180438454201,0.11290298421781683,124.44,1.5943611643702467,124.31,1.13,57.0,2.8,6.20,,2018-06-14,30.132,20.06,2.28
TRTN,0.2689574915776606,0.47321060044243063,0.12304620305462133,33.62,0.5708005544182816,43.67,N/A,48.0,2.08,5.01,,2018-05-31,2.718,6.71,5.95
TRV,0.16420175136886467,0.31068715172733047,0.10379219008062442,124.99,1.3256534711222236,142.56,1.29,58.0,3.08,7.57,,2018-06-07,33.78,16.52,2.38
TSCO,0.16381377912458908,0.32431762312222623,0.07036305899376757,76.82,0.7802421305819524,75.88,1.22,-126.0,1.24,3.43,,2018-05-25,9.376,22.42,1.62
TSE,0.23480523817723944,0.3411757156436906,0.10937196864761277,72.05,1.068674292210741,85.78,1.99,50.0,1.44,7.30,,2018-04-10,3.111,9.87,1.9
TSG,0.3969394395925264,0.6812339121460387,0.18783353144581585,37.1,0.8926725863078951,,,,,,,,,,
TSLA,0.4749874454019128,0.678426450103491,0.26066836726864756,362.22,10.548788364709878,308.91,0.91,49.0,,-13.97,,N/A,61.503,N/A,
TSM,0.20273350010940047,0.2150887716565108,0.20141563921146002,38.35,0.47967913891883707,,,,,,,,,,
TSN,0.24198745621162343,0.4577841676207426,0.06250489251448202,70.13,1.0792594040700623,80.00,0.11,45.0,1.2,7.54,,2018-08-30,25.781,9.30,1.67
TSRO,0.8963635942019731,1.36234941759845,0.39511093164631506,46.49,2.258059300725525,80.40,1.29,48.0,,-9.61,,N/A,2.549,N/A,
TSS,0.17798311622861743,0.32927322960457883,0.07942935253628187,88.41,0.9827214971791347,95.29,1.36,58.0,0.52,3.16,,2018-03-21,16.118,27.97,0.61
TTD,0.32323004770676206,0.6057865691930847,0.16737159661991324,93.36,1.8628808725029933,82.57,N/A,41.0,,1.15,,N/A,3.933,81.18,
TTWO,0.21642518669526745,0.34730671781051065,0.1435015293215432,118.01,1.60643592626261,132.15,1.66,36.0,,1.54,,N/A,13.498,76.73,
TUP,0.23757619140406586,0.5105243518878017,0.11113616199193366,44.3,0.6577510118797019,55.80,1.62,57.0,2.72,-5.22,,2018-03-19,2.265,N/A,5.88
TWLO,0.37260604607695713,0.6766606028153436,0.1453085501258265,59.52,1.403624083527105,53.72,N/A,43.0,,-0.70,,N/A,5.701,N/A,
TWTR,0.37674162677914486,0.5650383563964696,0.25687056705998274,46.13,1.0667755036097533,31.65,0.80,56.0,,0.02,,N/A,34.593,"2,306.50",
TX,0.36852973989134896,0.5908451016919666,0.1620747282597006,36.45,0.8150853731335057,47.33,1.47,56.0,1.1,5.05,,2018-05-04,7.155,7.22,3.1
TXN,0.15823292535582892,0.2373805119231775,0.1249931980864089,114.24,1.1329330299444542,120.70,1.19,58.0,2.48,3.98,,2018-01-30,112.152,28.68,2.41
TXT,0.14064024895262353,0.21587440254575738,0.08687943309216259,66.75,0.5873850442508768,71.17,1.40,64.0,0.08,1.14,,2018-06-14,16.934,57.81,0.13
UAL,0.22293833068490762,0.3867513400245622,0.12596777983758561,74.07,1.025197018829015,84.33,1.13,65.0,,7.36,,2008-01-07,20.537,10.07,
UBNT,0.1814445713366883,0.372461486652612,0.08542784318581537,86.11,1.0033195741241547,64.88,0.19,42.0,,1.82,,2014-10-15,6.378,47.44,
UFS,0.22963996378817078,0.5118928361054123,0.08484346802552695,46.8,0.6919067703034053,46.85,1.72,-133.0,1.74,-3.57,,2018-07-02,2.941,N/A,3.68
ULTA,0.23273351551015212,0.5257405593719698,0.2193343352536879,251.28,3.6103768388866837,268.17,0.81,-168.0,,9.61,,2012-03-16,15.122,26.15,
UN,0.1718013839986512,0.14435800342499375,0.1627768184671953,54.38,0.5839804772906526,,,,,,,,,,
UNH,0.13167743468419738,0.18240201863492445,0.09046993949367528,252.81,2.0987752693953183,278.43,0.74,65.0,3.6,11.3540,,2018-06-15,242.619,22.24,1.42
UNP,0.23157162603971368,0.40762457354992715,0.11982223738933319,143.36,2.083261049292434,153.27,0.89,-28.0,2.92,13.80,,2018-05-30,111.187,10.39,1.99
UPS,0.14831120771858886,0.23320698663991637,0.06539448601503443,113.65,1.0727320187547689,124.36,0.91,-35.0,3.64,5.83,,2018-05-18,97.931,19.49,3.12
URBN,0.30520891669997097,0.5762118590356917,0.1221424168703249,46.32,0.8717229157369616,46.52,0.56,29.0,,0.96,,N/A,5.041,48.25,
URI,0.254089656630512,0.4158205713176397,0.13776778701675138,161.69,2.551219269990098,189.58,2.59,64.0,,15.73,,N/A,13.517,10.28,
USB,0.17676335970726842,0.3054382480654106,0.11743858254231399,51.27,0.5751250751030701,57.76,0.97,-118.0,1.2,3.51,,2018-03-28,84.209,14.61,2.36
USCR,0.23494102051985927,0.45489943460775817,0.07467741720623365,61.25,0.9242533283524106,83.14,0.90,52.0,,0.89,,N/A,1.03,69.05,
UTHR,0.2227378326038855,0.4179441580936687,0.08635285563549003,118.31,1.6485215272746416,119.27,1.20,50.0,,9.31,,N/A,5.152,12.71,
UTX,0.11902959997123913,0.18558961548897715,0.0792871810662174,125.36,0.9376449085341412,149.50,1.07,58.0,2.8,5.59,,2018-05-17,98.687,22.07,2.21
V,0.14441369246590557,0.26131625682489956,0.09174764170199236,135.5,1.2291237091124172,144.09,1.03,57.0,0.84,3.95,,2018-05-17,303.492,34.28,0.62
VEEV,0.21637054766354252,0.41057089142147335,0.13541878781746278,84.53,1.1336123677434011,80.08,1.26,28.0,,0.92,,N/A,12.125,91.88,
VFC,0.13544043690828028,0.23494238877549953,0.08459352353617706,83.19,0.7119908569844707,84.33,0.66,48.0,1.84,1.65,,2018-06-07,32.815,50.36,2.18
VICR,0.44034109840787333,0.6869239837481078,0.1322537870564909,47.4,1.3009535595782153,13.66,0.02,118.0,,0.12,,2011-08-05,1.876,385.37,
VLO,0.21245372493499984,0.3660598671837389,0.11521036722380645,115.73,1.5607635594411577,126.47,0.94,56.0,3.2,9.63,,2018-05-16,49.871,12.02,2.67
VMC,0.10991554118451388,0.20054798989285832,0.11448719738101423,133.24,0.9081555474413275,143.27,1.02,49.0,1.12,4.458,,N/A,17.609,29.88,0.97
VMW,0.2746001082012849,0.355087070981965,0.251885250416563,152.18,2.616349855694505,150.63,0.47,21.0,,3.07,,N/A,61.916,49.55,
VRSN,0.14331875699221566,0.26015350443367313,0.08725139482097129,142.3,1.2952805994830707,118.75,0.75,56.0,,3.68,,2011-05-05,17.515,38.67,
VRTX,0.253441856831961,0.4856396583740898,0.08946155244101232,157.63,2.466644459791283,191.45,1.92,56.0,,0.88,,N/A,40.169,178.31,
VTR,0.1874845420010401,0.36313109261372,0.051257408049313724,54.75,0.6343374443876464,54.44,0.38,55.0,3.16,3.78,,2018-03-29,19.642,14.48,6.66
VZ,0.18336664186230972,0.3413430004995563,0.1045061357817026,48.09,0.5602241156182567,55.68,0.72,-33.0,2.36,7.63,,2018-07-09,198.703,6.31,4.91
W,0.3526335866903398,0.6818910335758285,0.12974790466389302,116.16,2.529488589781817,91.57,1.75,49.0,,-3.38,,N/A,10.346,N/A,
WB,0.3377542119826188,0.4880381736349092,0.2460642508278612,104.2,2.152545068728327,139.86,2.66,43.0,,1.79,,N/A,23.206,58.24,
WBA,0.2502481969205909,0.32368315848540613,0.15189362241084078,68.0,1.018522031619916,80.83,0.81,85.0,1.6,3.99,,2018-05-17,67.433,17.05,2.43
WDAY,0.2605113651991152,0.45126397695357345,0.22283440294178686,128.18,2.126166855645526,132.12,2.10,21.0,,-1.58,,N/A,27.575,N/A,
WDC,0.22881981449238276,0.4410563158519293,0.12432812207351082,80.22,1.1604947642999892,116.57,0.80,56.0,2.0,0.67,,2018-06-28,24.005,119.73,2.48
WELL,0.16755722428139255,0.3235648025037363,0.04661157709285197,58.38,0.6038580144859558,58.65,0.45,56.0,3.48,1.58,,2018-05-07,21.716,36.86,6.45
WFC,0.22295049583117116,0.3465495520514089,0.12360265761284442,54.48,0.773574425975286,60.87,1.25,-481.0,1.56,4.03,,2018-05-03,265.474,13.52,2.84
WGO,0.6541707170327281,0.8397108203851664,0.48077439881801887,46.35,1.6627783774110343,60.20,1.20,91.0,0.4,2.65,,2018-06-19,1.467,17.46,0.99
WHR,0.37972352964425526,0.4232523379437529,0.22815157038351708,145.9,3.516289092394268,194.75,1.73,-125.0,4.4,4.70,,N/A,10.329,31.04,2.88
WING,0.35851632053350285,0.5389075236150132,0.24886586552189532,50.13,1.1378023420002963,54.42,0.90,48.0,0.28,0.93,,2018-06-01,1.464,53.90,0.56
WIX,0.2845690605684618,0.49797524598924875,0.1351803051737108,107.6,1.9091366614716891,99.13,2.00,43.0,,-1.20,,N/A,5.045,N/A,
WLL,0.5238590187140868,0.9641675430562823,0.278731410978831,51.19,1.6153507990222777,53.67,3.56,51.0,,-13.65,,N/A,4.659,N/A,
WM,0.129331916468374,0.2299958737773203,0.05664027490460087,81.92,0.67360594379412,94.22,0.68,62.0,1.86,4.66,,2018-06-07,35.42,17.59,2.21
WMT,0.16273281542938095,0.27889085967829896,0.06985667855561516,83.61,0.8571031500674036,95.12,0.44,-147.0,2.08,3.00,,2018-08-09,246.72,27.90,2.47
WPZ,0.21284054576584213,0.3827384501340793,0.07564363096211987,41.59,0.5470339200646032,45.65,1.75,50.0,2.46,0.61,,2018-05-03,40.618,68.52,6.14
WRK,0.175297408952536,0.2126230786708236,0.11938978722277835,58.46,0.6458874527596344,75.46,1.72,55.0,1.72,7.30,,2018-05-03,14.7,7.95,2.88
WSM,0.36531434334977975,0.7557546206868436,0.40568731189652973,64.55,1.4564700200604703,55.10,0.71,28.0,1.72,3.02,,2018-04-26,5.364,21.37,3.52
WTW,0.4172262265255813,0.6538993482208493,0.2489365282859287,103.09,2.637739982022892,112.17,4.55,48.0,,2.78,,2013-09-25,6.833,37.03,
WUBA,0.2828290656996526,0.3969745536939519,0.22615633239738467,79.35,1.405013642552067,87.11,1.81,29.0,,1.38,,N/A,11.694,57.50,
WWE,0.24859701635502715,0.46759117060375693,0.11890739327321428,67.7,1.0357616626677284,58.91,0.95,49.0,0.48,0.42,,N/A,5.224,161.19,1.3
WY,0.1623486543337921,0.28263132816309067,0.057619052618702614,36.39,0.3782968753647133,38.08,1.60,55.0,1.28,0.77,,N/A,27.548,47.26,3.58
WYNN,0.2753833886275166,0.47273015862377993,0.13462281980182286,174.44,2.9910598972137765,213.25,1.95,58.0,3.0,4.30,,2018-05-16,18.942,40.57,1.73
X,0.28393248735125637,0.4872711154442668,0.2740559496033261,35.73,0.6286952020433119,46.14,4.28,56.0,0.2,3.29,,2018-05-09,6.317,10.86,0.55
XEC,0.46633958590883384,0.7912761095433349,0.17900351021189906,95.09,2.73408319967099,126.39,0.94,43.0,0.64,5.78,,2018-08-14,9.074,16.46,0.75
XL,0.0410750889068131,0.07732247524597538,0.017289559356290306,56.21,0.14539091637358872,53.64,0.16,50.0,0.88,-2.19,,2018-06-14,14.505,N/A,1.57
XLNX,0.23142562901644984,0.22975615262547835,0.1920665568012614,68.64,0.998623435829025,75.00,0.72,57.0,1.44,1.99,,2018-05-14,17.394,34.49,2.05
XLRN,0.19513108382880082,0.37035292263197744,0.10049545772633353,37.47,0.4546848854514991,53.92,1.74,44.0,,-2.59,,N/A,1.715,N/A,
XOM,0.2181609434854819,0.32173230204037634,0.13372522752543411,80.45,1.1090478071799763,88.39,0.82,55.0,3.28,4.77,,2018-05-11,340.612,16.87,4.07
XPO,0.2560160000382688,0.4868448715611477,0.1622227453082057,112.91,1.8032148905157126,116.94,2.76,50.0,,2.77,,N/A,13.622,40.76,
YELP,0.31816563539401216,0.488113114413144,0.21030258807114904,42.12,0.8413862959570348,48.90,0.96,42.0,,1.75,,N/A,3.524,24.11,
YNDX,0.35493818954451906,0.6549975244676602,0.16300177815665826,36.14,0.8047005645293233,46.86,2.78,56.0,,0.85,,N/A,11.865,42.32,
YUM,0.14766070427966968,0.23159021429267881,0.07974682148139843,80.86,0.7535347712431574,88.39,0.45,50.0,1.44,4.27,,2018-05-15,26.135,18.94,1.74
YY,0.7047220297184983,0.8230864982527802,0.4652419029098386,114.0,4.94896676698653,150.55,1.53,15.0,,6.53,,N/A,7.204,17.46,
Z,0.3336749010134078,0.6013703690912883,0.22453964187809833,64.66,1.3259127736799292,,,,,,,,,,
ZAYO,0.1390232712490372,0.34766436000230444,0.1476436683194564,36.47,0.31939123688917065,42.25,0.29,49.0,,0.32,,N/A,9.065,113.97,
ZBH,0.1360644680684721,0.20036576581805712,0.0622762141345352,112.09,0.9583521141432318,132.41,1.17,56.0,0.96,8.27,,2018-03-28,22.801,13.56,0.84
ZEN,0.26607306389699426,0.5234693992600248,0.11622908918666945,59.05,0.9729776500300009,61.53,0.97,51.0,,-1.11,,N/A,6.174,N/A,
ZG,0.3228681826772128,0.5579937885250433,0.19831644069280968,64.32,1.2799196615662174,56.71,0.91,44.0,,-0.57,,N/A,12.485,N/A,
ZGNX,0.30183590869391713,0.6273043577910532,0.08382279896252114,48.15,0.9041097575557039,54.00,1.96,106.0,,-4.56,,N/A,1.696,N/A,
ZION,0.2076482396195828,0.3369404310884674,0.14578598566074819,56.17,0.7312060753273687,60.46,1.42,59.0,0.96,3.08,,2018-05-16,11.072,18.23,1.68
ZS,0.923330543792642,1.1953509412944119,0.67880500688436,37.885,2.27771622271702,,,,,,,,,,
ZTS,0.1564623695955378,0.25771584089265415,0.09085201059279531,87.0,0.8599536982255576,87.67,1.00,50.0,0.5,1.99,,2018-07-19,42.096,43.74,0.58
