Symbol,Price,Type,Strike,"Exp Date",DTE,Bid,Midpoint,Ask,Last,Volume,"Open Interest","Vol/OI Ratio",IV,Time
VKTX,9.99,Call,5.00,06/15/18,9,4.70,4.95,5.20,4.70,1009,12046,0.08,292.54%,"10:39 ET"
SIG,43.62,Put,35.00,06/08/18,2,0.40,0.48,0.55,0.43,2803,6310,0.44,262.33%,"11:43 ET"
SIG,43.62,Call,45.00,06/08/18,2,2.60,2.65,2.70,2.65,1568,219,7.16,248.68%,"11:43 ET"
HMNY,0.41,Call,1.00,08/17/18,72,0.05,0.08,0.10,0.05,631,12090,0.05,245.73%,"10:43 ET"
GNW,3.57,Put,3.00,06/15/18,9,0.22,0.24,0.25,0.25,1202,34664,0.03,226.89%,"11:32 ET"
ASNA,3.89,Call,2.50,06/15/18,9,1.25,1.3,1.35,1.25,1730,6139,0.28,194.28%,"10:27 ET"
SNAP,12.85,Call,10.00,06/08/18,2,2.82,2.85,2.88,2.74,1527,1606,0.95,181.70%,"10:26 ET"
SHLD,2.32,Call,2.50,06/08/18,2,0.03,0.06,0.08,0.04,672,228,2.95,180.66%,"11:14 ET"
GERN,3.97,Put,4.00,06/15/18,9,0.35,0.4,0.45,0.38,570,3922,0.15,156.81%,"11:40 ET"
GERN,3.97,Put,4.00,09/21/18,107,1.25,1.3,1.35,1.29,520,2483,0.21,155.90%,"10:25 ET"
GERN,3.97,Call,4.50,07/20/18,44,0.50,0.58,0.65,0.64,642,655,0.98,138.61%,"11:14 ET"
FIVE,78.87,Call,77.00,06/08/18,2,4.00,4.2,4.40,4.30,1993,2177,0.92,136.56%,"11:40 ET"
FIVE,78.87,Call,80.00,06/08/18,2,2.50,2.65,2.80,2.75,619,1637,0.38,134.60%,"11:40 ET"
JCP,2.55,Call,2.00,06/15/18,9,0.55,0.56,0.57,0.57,915,1985,0.46,131.19%,"11:40 ET"
MDXG,8.25,Put,7.50,07/20/18,44,1.00,1.05,1.10,1.10,5258,2146,2.45,130.34%,"11:11 ET"
SIG,43.62,Put,40.00,06/15/18,9,1.65,1.73,1.80,1.68,1298,895,1.45,124.46%,"11:24 ET"
ASNA,3.89,Call,3.00,06/15/18,9,0.70,0.8,0.90,0.78,604,2846,0.21,123.13%,"10:25 ET"
SFIX,19.02,Put,21.00,06/15/18,9,2.35,2.63,2.90,2.50,539,1576,0.34,121.57%,"11:42 ET"
SIG,43.62,Call,47.00,06/15/18,9,2.00,2.05,2.10,2.06,872,181,4.82,121.33%,"11:44 ET"
CRON,6.87,Call,7.50,06/15/18,9,0.35,0.38,0.40,0.35,642,3883,0.17,119.68%,"10:44 ET"
SOGO,11.47,Call,10.00,06/15/18,9,1.70,1.83,1.95,1.75,604,732,0.83,119.41%,"11:29 ET"
GNW,3.57,Call,4.00,06/15/18,9,0.08,0.12,0.15,0.15,556,12055,0.05,119.20%,"11:41 ET"
CHK,4.36,Call,4.00,06/08/18,2,0.33,0.34,0.35,0.31,1651,3283,0.5,115.97%,"10:32 ET"
IQ,28.45,Call,35.00,06/15/18,9,0.35,0.38,0.40,0.36,1065,4333,0.25,115.35%,"11:44 ET"
PBR,10.45,Call,11.00,06/08/18,2,0.15,0.16,0.16,0.15,569,3406,0.17,114.46%,"11:33 ET"
MDXG,8.25,Call,10.00,07/20/18,44,0.65,0.7,0.75,0.70,649,2259,0.29,110.99%,"11:35 ET"
XLRN,36.67,Call,45.00,08/17/18,72,3.30,4.25,5.20,3.80,802,1205,0.67,108.02%,"11:06 ET"
AMBA,48.91,Call,60.00,06/15/18,9,0.45,0.5,0.55,0.50,563,5246,0.11,107.93%,"11:41 ET"
PBR,10.45,Put,10.00,06/08/18,2,0.14,0.15,0.15,0.13,638,3663,0.17,107.56%,"11:30 ET"
SOGO,11.47,Call,12.50,06/15/18,9,0.40,0.43,0.45,0.45,2778,1941,1.43,106.84%,"11:43 ET"
GNC,2.98,Put,2.50,01/18/19,226,0.60,0.63,0.65,0.60,618,33722,0.02,103.06%,"10:48 ET"
IQ,28.45,Put,30.00,06/15/18,9,2.55,2.65,2.75,2.60,601,1241,0.48,100.69%,"11:36 ET"
SGMO,16.63,Put,10.00,08/17/18,72,0.25,0.35,0.45,0.45,1000,125,8,100.07%,"09:55 ET"
IQ,28.45,Call,30.00,06/15/18,9,1.15,1.2,1.25,1.25,2440,8634,0.28,99.88%,"11:42 ET"
JCP,2.55,Call,2.50,06/08/18,2,0.08,0.09,0.10,0.10,1811,6724,0.27,99.51%,"11:41 ET"
IQ,28.45,Put,25.00,06/15/18,9,0.40,0.45,0.50,0.44,1978,5548,0.36,99.00%,"11:44 ET"
IQ,28.45,Call,25.00,06/15/18,9,3.90,4,4.10,4.10,723,8650,0.08,97.98%,"11:33 ET"
SDRL,0.46,Call,0.50,10/19/18,135,0.08,0.09,0.09,0.08,510,16773,0.03,94.22%,"10:38 ET"
VMW,147.4,Put,100.00,06/15/18,9,0.00,0.05,0.05,0.05,1399,4619,0.3,94.18%,"09:41 ET"
IQ,28.45,Call,35.00,07/20/18,44,1.55,1.6,1.65,1.60,1047,1857,0.56,91.80%,"11:42 ET"
CHK,4.36,Call,4.50,06/08/18,2,0.04,0.05,0.05,0.06,1769,7587,0.23,91.71%,"10:42 ET"
IQ,28.45,Call,30.00,07/20/18,44,2.85,2.93,3.00,2.95,2933,4859,0.6,88.59%,"11:40 ET"
FCX,17.46,Put,15.50,06/08/18,2,0.00,0.03,0.03,0.01,770,550,1.4,88.52%,"09:55 ET"
NKTR,55.1,Call,60.00,06/15/18,9,1.10,1.2,1.30,1.20,2041,1364,1.5,86.69%,"10:41 ET"
SNAP,12.85,Put,12.00,06/08/18,2,0.05,0.06,0.07,0.06,1691,1977,0.86,86.23%,"11:43 ET"
VRX,23.29,Call,19.00,06/15/18,9,4.05,4.1,4.15,4.10,1097,4566,0.24,86.23%,"10:41 ET"
WFT,3.61,Call,3.50,06/08/18,2,0.15,0.16,0.16,0.16,527,804,0.66,84.95%,"11:23 ET"
NEPT,2.74,Put,2.00,11/16/18,163,0.20,0.23,0.25,0.20,4050,3000,1.35,82.88%,"11:04 ET"
TSLA,288.61,Put,255.00,06/08/18,2,0.12,0.13,0.14,0.12,552,1003,0.55,82.88%,"11:34 ET"
FIT,6.18,Call,6.00,06/08/18,2,0.23,0.24,0.24,0.25,2122,959,2.21,82.31%,"10:38 ET"
M,39.65,Call,31.00,06/15/18,9,8.25,8.4,8.55,7.60,542,2007,0.27,81.82%,"10:43 ET"
SOGO,11.47,Call,12.50,07/20/18,44,0.90,0.95,1.00,0.95,1070,4292,0.25,81.58%,"11:44 ET"
SNAP,12.85,Put,12.50,06/08/18,2,0.16,0.17,0.17,0.17,1258,947,1.33,80.82%,"11:44 ET"
PGNX,8.59,Call,5.00,01/18/19,226,3.90,4.05,4.20,4.03,1200,2252,0.53,80.25%,"11:10 ET"
TSLA,288.61,Put,225.00,06/15/18,9,0.24,0.27,0.30,0.28,1563,5123,0.31,79.64%,"11:44 ET"
GIII,46.18,Call,45.00,06/15/18,9,3.30,3.5,3.70,3.40,523,915,0.57,79.02%,"10:43 ET"
NAV,37.47,Call,40.00,06/08/18,2,0.20,0.25,0.30,0.23,634,922,0.69,78.55%,"10:41 ET"
SNAP,12.85,Call,13.50,06/08/18,2,0.07,0.08,0.09,0.07,1514,840,1.8,78.32%,"11:44 ET"
MU,59.19,Call,66.50,06/08/18,2,0.02,0.03,0.04,0.03,519,243,2.14,78.19%,"11:26 ET"
SOGO,11.47,Call,10.00,07/20/18,44,2.05,2.13,2.20,2.05,1188,3911,0.3,78.01%,"11:44 ET"
AMD,14.77,Call,16.00,06/08/18,2,0.03,0.04,0.04,0.04,841,3730,0.23,77.70%,"10:42 ET"
ROKU,38.96,Call,40.00,06/08/18,2,0.35,0.38,0.40,0.37,1319,734,1.8,76.73%,"11:44 ET"
GE,13.76,Put,12.50,06/08/18,2,0.01,0.02,0.02,0.02,667,2639,0.25,76.52%,"11:12 ET"
NEPT,2.74,Call,3.00,11/16/18,163,0.40,0.45,0.50,0.45,1000,1054,0.95,76.44%,"11:19 ET"
AMD,14.77,Put,15.50,06/08/18,2,0.80,0.81,0.81,0.81,580,868,0.67,75.95%,"10:41 ET"
VIPS,12.38,Call,12.50,06/08/18,2,0.15,0.2,0.25,0.20,2763,300,9.21,75.35%,"11:36 ET"
TWTR,39.74,Put,36.50,06/08/18,2,0.04,0.05,0.05,0.05,1337,1124,1.19,75.30%,"11:02 ET"
MIK,18.75,Call,20.00,06/15/18,9,0.45,0.48,0.50,0.45,3013,2698,1.12,75.21%,"10:43 ET"
PAGS,33.22,Call,35.00,06/15/18,9,0.65,0.78,0.90,0.55,635,9689,0.07,74.40%,"11:14 ET"
TWTR,39.74,Put,37.00,06/08/18,2,0.07,0.08,0.08,0.08,1128,1628,0.69,74.29%,"11:37 ET"
AMD,14.77,Put,13.50,06/08/18,2,0.01,0.02,0.02,0.02,1325,5070,0.26,73.71%,"10:43 ET"
OPK,4.18,Call,4.00,06/15/18,9,0.25,0.3,0.35,0.34,5076,11359,0.45,73.65%,"11:12 ET"
DDD,13.4,Call,14.00,06/08/18,2,0.05,0.08,0.10,0.05,670,660,1.02,73.61%,"10:42 ET"
ROKU,38.96,Call,38.00,06/08/18,2,1.15,1.2,1.25,1.17,643,1368,0.47,73.57%,"11:44 ET"
KODK,5.4,Put,5.00,10/19/18,135,0.65,0.73,0.80,0.65,1000,436,2.29,73.49%,"10:40 ET"
TSLA,288.61,Call,320.00,06/08/18,2,0.17,0.19,0.21,0.19,1238,2090,0.59,73.43%,"11:37 ET"
PBR,10.45,Call,11.00,06/15/18,9,0.27,0.27,0.27,0.26,762,5014,0.15,73.25%,"11:08 ET"
TWTR,39.74,Put,38.00,06/08/18,2,0.19,0.2,0.20,0.20,1231,435,2.83,73.13%,"11:40 ET"
ROKU,38.96,Call,39.00,06/08/18,2,0.65,0.68,0.70,0.75,1346,1502,0.9,72.98%,"11:37 ET"
TWTR,39.74,Put,38.50,06/08/18,2,0.29,0.3,0.31,0.30,979,169,5.79,72.94%,"11:36 ET"
TWTR,39.74,Put,39.00,06/08/18,2,0.43,0.44,0.45,0.43,4526,289,15.66,72.53%,"11:36 ET"
AMD,14.77,Call,15.50,06/08/18,2,0.08,0.09,0.09,0.09,1118,7757,0.14,72.20%,"10:40 ET"
MIK,18.75,Put,17.50,06/15/18,9,0.25,0.3,0.35,0.27,3000,1240,2.42,72.14%,"10:35 ET"
PBR,10.45,Put,10.00,06/15/18,9,0.26,0.27,0.27,0.26,1856,11161,0.17,71.93%,"11:44 ET"
STNG,3.08,Call,3.50,10/19/18,135,0.40,0.43,0.45,0.45,2831,332,8.53,71.93%,"10:01 ET"
TWTR,39.74,Call,42.00,06/08/18,2,0.20,0.21,0.22,0.21,3217,191,16.84,71.73%,"11:43 ET"
MU,59.19,Call,65.00,06/08/18,2,0.04,0.05,0.06,0.04,2744,14596,0.19,71.27%,"11:42 ET"
ENDP,6.6,Call,5.00,07/20/18,44,1.65,1.68,1.70,1.74,1018,4565,0.22,71.09%,"11:12 ET"
SNAP,12.85,Call,13.00,06/08/18,2,0.19,0.2,0.20,0.19,4632,3037,1.53,71.07%,"11:44 ET"
FIVE,78.87,Put,75.00,06/15/18,9,1.70,1.8,1.90,1.70,3629,3779,0.96,71.00%,"11:17 ET"
MU,59.19,Put,60.00,06/08/18,2,1.68,1.69,1.70,1.68,1493,4264,0.35,70.88%,"11:44 ET"
AMD,14.77,Put,15.00,06/08/18,2,0.42,0.43,0.43,0.42,746,3320,0.22,70.42%,"10:44 ET"
MU,59.19,Put,55.00,06/08/18,2,0.10,0.11,0.11,0.10,890,2485,0.36,70.17%,"11:44 ET"
AMD,14.77,Put,14.00,06/08/18,2,0.05,0.06,0.06,0.06,1636,8076,0.2,69.93%,"10:37 ET"
CHK,4.36,Call,3.50,08/17/18,72,0.98,0.99,1.00,0.96,501,1056,0.47,69.71%,"10:39 ET"
TWTR,39.74,Call,41.00,06/08/18,2,0.41,0.43,0.44,0.42,4192,502,8.35,69.68%,"11:43 ET"
TSLA,288.61,Call,315.00,06/08/18,2,0.28,0.3,0.31,0.29,534,2714,0.2,69.54%,"11:39 ET"
STNG,3.08,Call,3.50,07/20/18,44,0.15,0.18,0.20,0.20,6361,246,25.86,69.16%,"10:14 ET"
JCP,2.55,Call,2.50,06/15/18,9,0.12,0.13,0.13,0.13,570,7060,0.08,69.05%,"11:39 ET"
AMD,14.77,Put,14.50,06/08/18,2,0.17,0.18,0.18,0.18,1664,5050,0.33,69.00%,"10:41 ET"
BW,2.51,Call,2.50,07/20/18,44,0.20,0.25,0.30,0.25,500,2235,0.22,68.38%,"10:14 ET"
MU,59.19,Put,59.50,06/08/18,2,1.34,1.36,1.37,1.32,923,1091,0.85,68.31%,"11:40 ET"
STNG,3.08,Call,3.00,07/20/18,44,0.35,0.38,0.40,0.40,1376,16708,0.08,68.30%,"10:43 ET"
CLF,8.23,Put,8.00,06/08/18,2,0.05,0.06,0.07,0.04,601,1519,0.4,68.01%,"10:39 ET"
TSLA,288.61,Call,312.50,06/08/18,2,0.36,0.38,0.40,0.38,533,2015,0.26,67.92%,"11:41 ET"
CLF,8.23,Call,5.00,07/20/18,44,3.20,3.3,3.40,3.40,506,1122,0.45,67.91%,"10:30 ET"
EVRI,8.16,Call,10.00,09/21/18,107,0.55,0.6,0.65,0.60,1121,14265,0.08,67.84%,"10:51 ET"
AMD,14.77,Call,15.00,06/08/18,2,0.20,0.21,0.21,0.22,6188,28155,0.22,67.69%,"10:44 ET"
MCF,4.27,Call,5.00,01/18/19,226,0.50,0.58,0.65,0.55,919,1537,0.6,67.65%,"10:31 ET"
TWTR,39.74,Call,39.50,06/08/18,2,1.05,1.07,1.08,1.05,2595,5416,0.48,67.62%,"11:41 ET"
MU,59.19,Put,56.50,06/08/18,2,0.26,0.27,0.28,0.25,1408,3159,0.45,67.23%,"11:28 ET"
MU,59.19,Put,56.00,06/08/18,2,0.18,0.19,0.20,0.18,851,3896,0.22,67.16%,"11:27 ET"
MU,59.19,Put,59.00,06/08/18,2,1.07,1.08,1.08,1.08,1698,2770,0.61,67.08%,"11:42 ET"
MU,59.19,Put,58.50,06/08/18,2,0.84,0.85,0.86,0.87,679,2162,0.31,67.06%,"11:44 ET"
MU,59.19,Put,57.00,06/08/18,2,0.36,0.37,0.38,0.37,2163,4037,0.54,67.01%,"11:41 ET"
GE,13.76,Put,13.00,06/08/18,2,0.04,0.05,0.05,0.04,2224,4657,0.48,66.94%,"11:42 ET"
TSLA,288.61,Put,240.00,06/15/18,9,0.41,0.43,0.45,0.43,756,4938,0.15,66.94%,"11:22 ET"
SNAP,12.85,Call,12.50,06/08/18,2,0.44,0.45,0.46,0.45,4803,5663,0.85,66.92%,"11:44 ET"
TSLA,288.61,Call,310.00,06/08/18,2,0.48,0.51,0.54,0.49,910,2595,0.35,66.87%,"11:40 ET"
OLLI,73.5,Put,70.00,06/15/18,9,1.45,1.5,1.55,1.54,1390,1507,0.92,66.82%,"11:30 ET"
CHK,4.36,Call,3.00,01/18/19,226,1.57,1.6,1.62,1.60,507,13146,0.04,66.81%,"10:39 ET"
MU,59.19,Put,58.00,06/08/18,2,0.64,0.65,0.66,0.66,1020,4158,0.25,66.50%,"11:42 ET"
TROX,18.57,Put,17.00,06/15/18,9,0.15,0.2,0.25,0.19,500,3412,0.15,66.50%,"10:28 ET"
M,39.65,Call,38.00,06/08/18,2,1.58,1.61,1.63,1.83,679,179,3.79,66.46%,"11:38 ET"
TWTR,39.74,Call,40.00,06/08/18,2,0.77,0.78,0.79,0.80,12472,2251,5.54,66.30%,"11:43 ET"
FIT,6.18,Call,7.00,06/15/18,9,0.03,0.04,0.04,0.03,964,555,1.74,66.13%,"10:15 ET"
AMD,14.77,Call,14.50,06/08/18,2,0.45,0.46,0.46,0.45,2666,10063,0.26,66.12%,"10:43 ET"
TSLA,288.61,Call,307.50,06/08/18,2,0.63,0.67,0.70,0.62,727,888,0.82,65.37%,"11:26 ET"
TXMD,6.33,Call,6.00,09/21/18,107,0.95,1,1.05,1.00,1717,967,1.78,65.31%,"11:12 ET"
MU,59.19,Put,57.50,06/22/18,16,2.35,2.37,2.39,2.32,1072,1074,1,64.99%,"11:42 ET"
AMD,14.77,Call,14.00,06/08/18,2,0.83,0.84,0.84,0.83,2751,9265,0.3,64.97%,"10:44 ET"
VRX,23.29,Call,22.50,06/08/18,2,0.71,0.73,0.74,0.74,3265,3498,0.93,64.81%,"10:36 ET"
FRAN,6.43,Call,7.00,07/20/18,44,0.20,0.23,0.25,0.20,5832,1302,4.48,64.80%,"10:17 ET"
PBR,10.45,Call,10.50,06/29/18,23,0.65,0.67,0.68,0.65,1072,126,8.51,64.77%,"10:48 ET"
WFT,3.61,Call,4.00,06/29/18,23,0.09,0.1,0.11,0.09,1410,284,4.96,64.76%,"11:10 ET"
HMY,1.66,Call,2.50,01/18/19,226,0.10,0.13,0.15,0.10,699,2555,0.27,64.54%,"11:40 ET"
GIII,46.18,Call,50.00,06/15/18,9,0.80,0.85,0.90,0.85,1264,1448,0.87,64.45%,"10:42 ET"
GE,13.76,Call,13.50,06/08/18,2,0.38,0.39,0.40,0.39,3577,1619,2.21,64.17%,"11:42 ET"
WFT,3.61,Call,3.50,06/15/18,9,0.20,0.21,0.21,0.20,1508,7108,0.21,63.93%,"11:34 ET"
TSLA,288.61,Call,305.00,06/08/18,2,0.82,0.87,0.92,0.93,1801,2264,0.8,63.90%,"11:42 ET"
TWTR,39.74,Call,39.00,06/08/18,2,1.33,1.35,1.36,1.41,2399,836,2.87,63.87%,"11:23 ET"
MU,59.19,Call,70.00,06/22/18,16,0.42,0.44,0.45,0.42,1853,5934,0.31,63.82%,"11:44 ET"
TSLA,288.61,Put,275.00,06/08/18,2,1.00,1.03,1.05,1.02,776,1728,0.45,63.75%,"11:43 ET"
AVP,1.65,Call,2.00,10/19/18,135,0.10,0.15,0.20,0.15,2240,790,2.84,63.70%,"10:33 ET"
PAGS,33.22,Call,35.00,11/16/18,163,4.80,4.85,4.90,4.90,8760,10474,0.84,63.39%,"11:40 ET"
TWTR,39.74,Call,38.50,06/08/18,2,1.69,1.71,1.73,1.74,553,551,1,63.29%,"11:40 ET"
STNG,3.08,Call,4.00,10/19/18,135,0.20,0.23,0.25,0.22,8642,9538,0.91,63.07%,"10:38 ET"
MU,59.19,Call,63.00,06/08/18,2,0.11,0.12,0.13,0.12,2231,6190,0.36,62.98%,"11:42 ET"
TSLA,288.61,Call,302.50,06/08/18,2,1.12,1.17,1.21,1.12,922,1269,0.73,62.94%,"11:43 ET"
ENDP,6.6,Put,6.00,01/18/19,226,0.85,0.93,1.00,0.93,667,2121,0.31,62.79%,"11:19 ET"
PBR,10.45,Call,10.00,07/06/18,30,0.95,1,1.04,1.01,1208,664,1.82,62.77%,"11:34 ET"
TSLA,288.61,Put,277.50,06/08/18,2,1.38,1.42,1.45,1.37,1140,863,1.32,62.76%,"11:43 ET"
CHK,4.36,Call,4.50,01/18/19,226,0.76,0.78,0.80,0.74,1315,14131,0.09,62.66%,"10:18 ET"
TSLA,288.61,Call,300.00,06/08/18,2,1.53,1.58,1.63,1.55,4126,3297,1.25,62.48%,"11:44 ET"
SOGO,11.47,Call,10.00,01/18/19,226,2.85,3.03,3.20,3.20,1241,1321,0.94,62.31%,"11:40 ET"
MU,59.19,Call,65.00,06/22/18,16,1.11,1.13,1.15,1.15,2528,6977,0.36,62.25%,"11:40 ET"
TSLA,288.61,Put,280.00,06/08/18,2,1.89,1.94,1.98,2.00,1087,1906,0.57,61.97%,"11:43 ET"
TSLA,288.61,Call,297.50,06/08/18,2,2.05,2.11,2.17,2.17,1378,928,1.48,61.97%,"11:42 ET"
FRAN,6.43,Call,6.00,06/15/18,9,0.20,0.25,0.30,0.25,856,863,0.99,61.93%,"10:42 ET"
ROKU,38.96,Call,40.00,06/15/18,9,0.90,0.95,1.00,0.90,502,7169,0.07,61.91%,"11:44 ET"
TSLA,288.61,Call,290.00,06/08/18,2,4.60,4.73,4.85,4.70,1043,2038,0.51,61.84%,"11:42 ET"
MU,59.19,Call,62.50,06/08/18,2,0.15,0.16,0.17,0.15,2365,2881,0.82,61.78%,"11:41 ET"
X,36.55,Call,38.00,06/08/18,2,0.18,0.19,0.19,0.17,923,3030,0.3,61.66%,"11:26 ET"
VRX,23.29,Call,24.00,06/08/18,2,0.09,0.1,0.11,0.10,5657,682,8.29,61.65%,"10:39 ET"
TSLA,288.61,Call,295.00,06/08/18,2,2.73,2.79,2.85,2.78,2640,1726,1.53,61.62%,"11:44 ET"
MU,59.19,Call,62.50,06/22/18,16,1.74,1.76,1.78,1.75,692,1659,0.42,61.52%,"11:41 ET"
TSLA,288.61,Call,292.50,06/08/18,2,3.55,3.65,3.75,3.75,944,990,0.95,61.51%,"11:42 ET"
ATVI,72.36,Put,60.00,06/15/18,9,0.00,0.12,0.12,0.06,503,1877,0.27,61.45%,"10:04 ET"
TPX,47.7,Call,55.00,06/15/18,9,0.10,0.15,0.20,0.15,500,877,0.57,61.45%,"11:29 ET"
MU,59.19,Call,59.00,06/22/18,16,3.10,3.15,3.20,3.15,1111,1769,0.63,61.43%,"11:43 ET"
FIT,6.18,Put,6.00,06/15/18,9,0.16,0.17,0.17,0.17,1477,645,2.29,61.40%,"10:32 ET"
SIG,43.62,Put,35.00,10/19/18,135,2.30,2.38,2.45,2.35,768,4743,0.16,61.37%,"11:44 ET"
GE,13.76,Put,12.00,06/15/18,9,0.04,0.05,0.05,0.04,1105,57917,0.02,61.34%,"11:36 ET"
TSLA,288.61,Put,282.50,06/08/18,2,2.56,2.61,2.66,2.60,1272,1634,0.78,61.34%,"11:43 ET"
MU,59.19,Call,60.00,06/22/18,16,2.67,2.69,2.70,2.68,2250,5246,0.43,61.34%,"11:44 ET"
CLF,8.23,Call,6.00,07/20/18,44,2.29,2.34,2.38,2.36,500,3328,0.15,61.24%,"10:43 ET"
ACIA,32.78,Call,35.00,06/15/18,9,0.40,0.48,0.55,0.50,1033,5605,0.18,61.19%,"11:39 ET"
JCP,2.55,Call,2.50,07/20/18,44,0.22,0.23,0.24,0.22,5221,4563,1.14,60.94%,"11:32 ET"
VRX,23.29,Call,23.00,06/08/18,2,0.39,0.41,0.43,0.42,2602,1747,1.49,60.94%,"10:43 ET"
TWTR,39.74,Call,38.00,06/08/18,2,2.07,2.11,2.14,2.10,3243,2733,1.19,60.65%,"11:42 ET"
TWX,93.2,Put,85.00,06/15/18,9,0.60,0.74,0.88,0.75,609,23417,0.03,60.62%,"11:14 ET"
VRX,23.29,Call,23.50,06/08/18,2,0.20,0.21,0.22,0.20,1265,782,1.62,60.52%,"10:43 ET"
TSLA,288.61,Put,287.50,06/08/18,2,4.45,4.5,4.55,4.51,1022,1362,0.75,60.44%,"11:43 ET"
RIG,12.7,Call,12.50,06/08/18,2,0.28,0.29,0.30,0.30,1697,2591,0.65,60.44%,"11:38 ET"
FSLR,59,Call,60.00,06/08/18,2,0.65,0.68,0.70,0.70,668,135,4.95,60.43%,"11:40 ET"
TSLA,288.61,Put,285.00,06/08/18,2,3.35,3.43,3.50,3.45,2076,2054,1.01,60.41%,"11:44 ET"
WFT,3.61,Put,3.50,07/20/18,44,0.23,0.24,0.25,0.23,690,634,1.09,60.15%,"11:44 ET"
ENDP,6.6,Call,7.00,10/19/18,135,0.75,0.8,0.85,0.82,2090,421,4.96,60.01%,"11:38 ET"
TSLA,288.61,Put,290.00,06/08/18,2,5.65,5.73,5.80,5.80,2685,2501,1.07,59.97%,"11:43 ET"
TPX,47.7,Put,40.00,06/15/18,9,0.00,0.1,0.10,0.10,505,1486,0.34,59.93%,"11:29 ET"
NXPI,110.83,Call,115.00,06/08/18,2,0.55,0.6,0.65,0.65,686,889,0.77,59.91%,"11:44 ET"
MU,59.19,Call,62.00,06/08/18,2,0.20,0.21,0.21,0.21,3340,7090,0.47,59.83%,"11:44 ET"
TSLA,288.61,Put,300.00,06/08/18,2,12.40,12.58,12.75,12.35,1021,720,1.42,59.80%,"11:42 ET"
TSLA,288.61,Put,295.00,06/08/18,2,8.70,8.8,8.90,8.75,1890,1286,1.47,59.69%,"11:44 ET"
TRIP,57,Call,50.00,06/15/18,9,7.00,7.15,7.30,7.05,829,4058,0.2,59.69%,"11:35 ET"
TSLA,288.61,Put,292.50,06/08/18,2,7.10,7.15,7.20,7.35,786,642,1.22,59.58%,"11:36 ET"
RIG,12.7,Put,12.50,06/08/18,2,0.16,0.17,0.17,0.16,1082,1375,0.79,59.42%,"11:41 ET"
MU,59.19,Call,61.50,06/08/18,2,0.27,0.28,0.29,0.27,1125,3079,0.37,59.22%,"11:44 ET"
X,36.55,Call,37.00,06/08/18,2,0.43,0.44,0.45,0.45,563,860,0.65,59.18%,"11:43 ET"
TWX,93.2,Put,90.00,06/15/18,9,1.90,2,2.10,2.10,571,51564,0.01,59.00%,"11:41 ET"
FIT,6.18,Call,8.00,08/17/18,72,0.15,0.16,0.16,0.16,2413,1369,1.76,58.98%,"10:41 ET"
SNAP,12.85,Call,14.00,06/15/18,9,0.11,0.12,0.12,0.11,1997,2523,0.79,58.74%,"11:43 ET"
NXPI,110.83,Call,114.00,06/08/18,2,0.75,0.8,0.85,0.83,712,2254,0.32,58.67%,"11:19 ET"
MU,59.19,Call,61.00,06/08/18,2,0.36,0.38,0.39,0.39,2836,6296,0.45,58.43%,"11:42 ET"
SQ,61.15,Put,57.50,06/08/18,2,0.05,0.07,0.09,0.07,511,253,2.02,58.40%,"10:58 ET"
GPRO,5.81,Put,7.00,01/18/19,226,1.77,1.78,1.79,1.77,570,13416,0.04,58.39%,"10:37 ET"
MEET,3.93,Put,4.00,07/20/18,44,0.30,0.35,0.40,0.30,1002,1056,0.95,58.19%,"09:40 ET"
GPRO,5.81,Put,6.00,10/19/18,135,0.87,0.89,0.91,0.88,650,39917,0.02,57.96%,"11:05 ET"
FIT,6.18,Call,6.00,06/15/18,9,0.30,0.31,0.31,0.30,953,12173,0.08,57.90%,"10:29 ET"
MU,59.19,Call,60.50,06/08/18,2,0.49,0.5,0.51,0.49,1936,2502,0.77,57.86%,"11:42 ET"
QD,9.71,Call,9.00,06/15/18,9,0.75,0.83,0.90,0.85,935,1350,0.69,57.76%,"11:43 ET"
WLL,52.37,Call,52.50,06/15/18,9,1.63,1.65,1.67,1.46,3313,1409,2.35,57.71%,"10:36 ET"
PCG,41.92,Call,46.00,06/15/18,9,0.30,0.33,0.35,0.30,538,872,0.62,57.67%,"11:11 ET"
MYL,40.5,Call,41.00,06/08/18,2,0.63,0.68,0.72,0.65,911,801,1.14,57.66%,"10:43 ET"
ABBV,99.19,Put,120.00,06/15/18,9,19.30,20.25,21.20,20.67,4000,15373,0.26,57.63%,"09:53 ET"
SQ,61.15,Put,60.00,06/08/18,2,0.46,0.47,0.48,0.47,892,843,1.06,57.63%,"11:44 ET"
PTCT,36.89,Put,27.00,09/21/18,107,0.70,0.78,0.85,0.85,996,1004,0.99,57.61%,"11:01 ET"
AKS,4.55,Call,5.00,06/15/18,9,0.03,0.04,0.04,0.03,2476,62489,0.04,57.57%,"10:44 ET"
MYL,40.5,Call,41.50,06/08/18,2,0.43,0.46,0.49,0.44,589,211,2.79,57.44%,"10:44 ET"
MU,59.19,Call,60.00,06/08/18,2,0.64,0.66,0.67,0.66,8389,16686,0.5,57.18%,"11:44 ET"
SNAP,12.85,Put,12.50,06/15/18,9,0.30,0.31,0.31,0.28,900,1099,0.82,57.17%,"11:41 ET"
SNAP,12.85,Put,12.00,06/15/18,9,0.14,0.15,0.15,0.15,723,20563,0.04,57.01%,"11:44 ET"
WLL,52.37,Call,53.00,06/15/18,9,1.40,1.42,1.43,1.43,596,643,0.93,56.92%,"11:36 ET"
X,36.55,Put,36.00,06/08/18,2,0.37,0.38,0.38,0.35,777,358,2.17,56.83%,"11:38 ET"
MU,59.19,Call,59.50,06/08/18,2,0.84,0.85,0.86,0.83,2632,2937,0.9,56.76%,"11:44 ET"
ODP,2.76,Call,3.00,10/19/18,135,0.25,0.27,0.28,0.26,510,3204,0.16,56.74%,"10:55 ET"
X,36.55,Put,36.50,06/08/18,2,0.58,0.59,0.60,0.53,615,562,1.09,56.72%,"11:32 ET"
QD,9.71,Call,10.00,08/17/18,72,0.80,0.88,0.95,0.88,570,2995,0.19,56.72%,"10:52 ET"
VALE,14.22,Call,14.50,06/08/18,2,0.11,0.12,0.13,0.11,730,1230,0.59,56.72%,"11:41 ET"
MU,59.19,Call,60.00,06/29/18,23,2.99,3.02,3.05,3.00,1310,9415,0.14,56.65%,"11:41 ET"
SNAP,12.85,Call,13.00,08/17/18,72,1.22,1.23,1.24,1.24,935,1004,0.93,56.62%,"11:43 ET"
PBR,10.45,Call,12.00,07/20/18,44,0.32,0.32,0.32,0.33,2615,17871,0.15,56.58%,"11:41 ET"
HUBS,131,Put,95.00,07/20/18,44,0.30,0.45,0.60,0.60,887,908,0.98,56.50%,"10:06 ET"
SNAP,12.85,Call,14.00,08/17/18,72,0.84,0.85,0.86,0.89,566,2367,0.24,56.45%,"11:41 ET"
MU,59.19,Put,64.00,06/15/18,9,5.30,5.35,5.40,5.15,511,1995,0.26,56.38%,"10:44 ET"
PBR,10.45,Call,11.00,07/20/18,44,0.59,0.6,0.61,0.62,1894,14949,0.13,56.16%,"11:34 ET"
MU,59.19,Call,57.50,06/29/18,23,4.15,4.23,4.30,4.29,629,1107,0.57,56.06%,"11:07 ET"
MU,59.19,Call,58.00,06/29/18,23,3.90,3.95,4.00,4.15,733,2583,0.28,56.01%,"11:18 ET"
BIDU,258.57,Call,257.50,06/08/18,2,5.80,5.85,5.90,5.85,1293,653,1.98,55.86%,"10:44 ET"
TAL,43.48,Put,40.00,06/15/18,9,0.25,0.3,0.35,0.28,1794,10937,0.16,55.85%,"11:43 ET"
TWTR,39.74,Call,37.50,06/08/18,2,2.50,2.54,2.57,2.50,1170,2671,0.44,55.85%,"11:29 ET"
MU,59.19,Call,59.00,06/08/18,2,1.07,1.08,1.08,1.07,5177,6749,0.77,55.81%,"11:44 ET"
PBR,10.45,Put,9.00,07/20/18,44,0.23,0.23,0.23,0.23,7026,33690,0.21,55.80%,"11:24 ET"
FSLR,59,Put,59.00,06/08/18,2,0.89,0.92,0.95,0.95,3034,134,22.64,55.76%,"11:31 ET"
MU,59.19,Call,55.00,06/29/18,23,5.70,5.75,5.80,5.75,2049,11796,0.17,55.70%,"11:44 ET"
GE,13.76,Call,14.50,06/08/18,2,0.02,0.03,0.03,0.03,1931,10208,0.19,55.51%,"11:40 ET"
COUP,58.92,Call,55.00,06/15/18,9,4.40,4.6,4.80,4.60,882,1460,0.6,55.39%,"10:40 ET"
PBR,10.45,Call,11.00,10/19/18,135,1.17,1.21,1.25,1.25,561,817,0.69,55.38%,"10:34 ET"
MU,59.19,Call,58.50,06/08/18,2,1.34,1.35,1.35,1.34,1363,3033,0.45,55.07%,"11:40 ET"
SNAP,12.85,Call,13.50,06/15/18,9,0.19,0.2,0.20,0.19,1402,399,3.51,54.77%,"11:44 ET"
MU,59.19,Put,63.50,06/15/18,9,4.85,4.9,4.95,4.37,728,1345,0.54,54.75%,"10:10 ET"
GE,13.76,Call,14.00,06/08/18,2,0.11,0.12,0.12,0.11,5678,16164,0.35,54.75%,"11:44 ET"
AMD,14.77,Put,7.00,01/18/19,226,0.05,0.07,0.08,0.10,600,63108,0.01,54.45%,"09:46 ET"
PBR,10.45,Put,10.00,07/20/18,44,0.55,0.55,0.55,0.55,1703,25757,0.07,54.31%,"11:42 ET"
MU,59.19,Call,50.00,06/29/18,23,9.55,9.63,9.70,9.79,514,1341,0.38,54.23%,"11:31 ET"
FIT,6.18,Call,6.00,08/17/18,72,0.66,0.67,0.68,0.66,718,6447,0.11,54.08%,"10:42 ET"
FCX,17.46,Call,17.50,06/08/18,2,0.25,0.26,0.26,0.25,516,8400,0.06,53.96%,"10:42 ET"
BIDU,258.57,Call,260.00,06/08/18,2,4.25,4.33,4.40,4.35,1324,1545,0.86,53.94%,"10:44 ET"
PBR,10.45,Put,10.00,11/16/18,163,1.15,1.2,1.25,1.28,1124,1294,0.87,53.92%,"11:02 ET"
TWTR,39.74,Call,45.00,06/15/18,9,0.13,0.14,0.14,0.13,929,2571,0.36,53.92%,"11:30 ET"
BIDU,258.57,Call,270.00,06/08/18,2,1.01,1.03,1.05,1.05,1049,936,1.12,53.71%,"10:40 ET"
RAD,1.68,Call,2.00,10/19/18,135,0.10,0.12,0.13,0.11,2210,8034,0.28,53.71%,"11:32 ET"
PBR,10.45,Call,11.00,09/21/18,107,1.00,1.01,1.02,1.02,904,3161,0.29,53.62%,"11:41 ET"
MU,59.19,Call,58.00,06/08/18,2,1.63,1.65,1.66,1.61,2704,8267,0.33,53.57%,"11:42 ET"
BABA,208.02,Call,202.50,06/08/18,2,7.95,8.03,8.10,7.80,3331,6251,0.53,53.55%,"10:43 ET"
PBR,10.45,Put,11.00,11/16/18,163,1.70,1.75,1.80,1.83,824,7566,0.11,53.52%,"11:05 ET"
PBR,10.45,Call,11.00,08/17/18,72,0.77,0.78,0.79,0.78,1071,2170,0.49,53.35%,"11:28 ET"
SNAP,12.85,Put,11.00,12/21/18,198,1.01,1.03,1.05,1.03,1190,10343,0.12,53.28%,"11:43 ET"
PBR,10.45,Put,9.00,09/21/18,107,0.51,0.52,0.52,0.51,639,1928,0.33,53.27%,"10:39 ET"
PBR,10.45,Call,12.00,08/17/18,72,0.46,0.47,0.48,0.43,692,35568,0.02,53.23%,"11:06 ET"
NE,5.7,Call,7.00,01/18/19,226,0.49,0.53,0.56,0.50,500,9857,0.05,53.19%,"11:16 ET"
BIDU,258.57,Call,267.50,06/08/18,2,1.49,1.52,1.54,1.47,2427,1050,2.31,53.17%,"10:42 ET"
X,36.55,Put,37.50,06/08/18,2,1.17,1.18,1.19,1.20,1089,666,1.64,53.16%,"11:43 ET"
ESV,6.63,Call,7.00,07/20/18,44,0.25,0.28,0.30,0.29,516,1211,0.43,53.09%,"10:34 ET"
SOHU,40,Call,37.50,06/15/18,9,2.85,2.98,3.10,2.24,1285,5670,0.23,53.08%,"11:08 ET"
SNAP,12.85,Call,12.00,06/08/18,2,0.83,0.84,0.85,0.84,3661,7622,0.48,53.00%,"11:44 ET"
TSLA,288.61,Put,260.00,06/15/18,9,1.08,1.1,1.12,1.08,727,3512,0.21,52.88%,"11:38 ET"
BIDU,258.57,Call,262.50,06/08/18,2,3.05,3.1,3.15,3.09,2245,1393,1.61,52.88%,"10:44 ET"
BIDU,258.57,Call,265.00,06/08/18,2,2.17,2.19,2.21,2.20,1353,808,1.67,52.86%,"10:44 ET"
SNAP,12.85,Put,15.00,07/20/18,44,2.41,2.42,2.43,2.52,586,17051,0.03,52.85%,"11:18 ET"
NFLX,367.63,Put,340.00,06/08/18,2,0.09,0.1,0.10,0.10,801,3377,0.24,52.80%,"11:43 ET"
YNDX,35.65,Call,35.00,06/08/18,2,0.90,0.95,1.00,0.95,542,2421,0.22,52.59%,"11:42 ET"
GE,13.76,Put,13.50,06/08/18,2,0.11,0.12,0.12,0.12,15558,6379,2.44,52.44%,"11:44 ET"
PBR,10.45,Put,11.00,07/20/18,44,1.04,1.06,1.08,1.06,1140,13763,0.08,52.33%,"11:21 ET"
SJM,105.23,Put,100.00,06/15/18,9,1.20,1.28,1.35,1.26,896,3358,0.27,52.23%,"11:31 ET"
SNAP,12.85,Call,13.00,06/15/18,9,0.34,0.35,0.35,0.35,3080,6147,0.5,52.17%,"11:44 ET"
MU,59.19,Put,53.50,06/15/18,9,0.23,0.24,0.24,0.22,1028,2576,0.4,51.97%,"11:25 ET"
AMD,14.77,Put,13.50,06/15/18,9,0.07,0.08,0.08,0.08,724,8194,0.09,51.89%,"10:28 ET"
LPI,8.06,Call,8.00,07/20/18,44,0.50,0.55,0.60,0.50,528,197,2.68,51.81%,"10:23 ET"
PBR,10.45,Put,9.00,12/21/18,198,0.78,0.82,0.85,0.79,1693,1427,1.19,51.80%,"10:08 ET"
SNAP,12.85,Call,12.50,06/15/18,9,0.58,0.6,0.62,0.64,1394,4486,0.31,51.75%,"11:43 ET"
MU,59.19,Put,60.00,06/15/18,9,2.33,2.34,2.34,2.27,2133,11689,0.18,51.42%,"11:40 ET"
SNAP,12.85,Put,11.00,01/18/19,226,1.05,1.08,1.10,1.08,1376,14310,0.1,51.42%,"11:43 ET"
CLF,8.23,Call,9.00,06/15/18,9,0.05,0.06,0.06,0.07,531,13232,0.04,51.38%,"10:27 ET"
MU,59.19,Put,50.00,07/20/18,44,0.86,0.87,0.88,0.89,919,32384,0.03,51.36%,"11:35 ET"
MU,59.19,Put,59.50,06/15/18,9,2.04,2.05,2.06,2.03,667,3498,0.19,51.29%,"11:42 ET"
WATT,17.15,Call,17.50,07/20/18,44,0.85,0.9,0.95,0.85,517,223,2.32,51.28%,"11:43 ET"
MU,59.19,Put,62.50,07/20/18,44,6.05,6.08,6.10,6.02,1233,3789,0.33,51.25%,"11:38 ET"
PCG,41.92,Call,45.00,06/15/18,9,0.35,0.38,0.40,0.42,6071,19056,0.32,51.24%,"11:13 ET"
MU,59.19,Put,57.50,07/20/18,44,3.25,3.28,3.30,3.24,2776,10257,0.27,51.13%,"11:42 ET"
SNAP,12.85,Call,13.00,12/21/18,198,1.84,1.9,1.96,1.81,15963,2379,6.71,51.11%,"11:10 ET"
MU,59.19,Put,54.50,06/15/18,9,0.35,0.36,0.36,0.28,586,2105,0.28,51.10%,"10:53 ET"
MU,59.19,Put,60.00,07/20/18,44,4.50,4.55,4.60,4.48,852,15851,0.05,51.07%,"11:38 ET"
MU,59.19,Put,52.50,07/20/18,44,1.42,1.43,1.44,1.46,956,17317,0.06,51.02%,"11:36 ET"
TAHO,5.24,Put,5.00,01/18/19,226,0.65,0.68,0.70,0.65,600,2485,0.24,50.93%,"09:53 ET"
MU,59.19,Put,59.00,06/15/18,9,1.77,1.78,1.78,1.79,1898,4932,0.38,50.86%,"11:44 ET"
PBR,10.45,Put,10.00,08/17/18,72,0.67,0.69,0.71,0.73,2092,1776,1.18,50.82%,"11:15 ET"
MU,59.19,Put,55.00,06/15/18,9,0.43,0.44,0.44,0.43,2187,20982,0.1,50.79%,"11:44 ET"
TAP,61.2,Put,60.00,06/08/18,2,0.45,0.5,0.55,0.55,1609,229,7.03,50.71%,"11:34 ET"
GE,13.76,Put,16.00,06/15/18,9,2.27,2.28,2.28,2.28,1428,49163,0.03,50.70%,"11:44 ET"
AMD,14.77,Call,16.00,06/15/18,9,0.10,0.11,0.11,0.11,687,8532,0.08,50.61%,"10:35 ET"
AMD,14.77,Call,13.00,06/15/18,9,1.81,1.82,1.83,1.81,542,19739,0.03,50.61%,"10:41 ET"
MU,59.19,Put,58.00,06/15/18,9,1.30,1.31,1.32,1.26,596,4776,0.12,50.57%,"11:37 ET"
MU,59.19,Put,56.50,06/15/18,9,0.77,0.78,0.79,0.80,922,2534,0.36,50.42%,"11:41 ET"
BB,11.96,Call,12.00,06/08/18,2,0.26,0.27,0.27,0.27,827,4097,0.2,50.29%,"10:42 ET"
MU,59.19,Put,57.00,06/15/18,9,0.92,0.93,0.94,0.90,1932,2920,0.66,50.28%,"11:40 ET"
MSFT,101.92,Put,94.00,06/08/18,2,0.01,0.02,0.03,0.03,807,373,2.16,50.26%,"11:25 ET"
PBR,10.45,Call,12.00,01/18/19,226,1.09,1.14,1.18,1.15,506,46736,0.01,50.24%,"11:32 ET"
TWTR,39.74,Put,37.00,06/15/18,9,0.25,0.26,0.26,0.24,900,1018,0.88,50.10%,"11:42 ET"
"Downloaded from Barchart.com as of 06-05-2018 12:45pm CDT"
