Symbol,Price,Type,Strike,Exp Date,DTE,Bid,Midpoint,Ask,Last,Volume,Open Interest,Vol/OI Ratio,IV,Time
BAC,29.29,Call,30,6/19/2020,728,3.75,3.85,3.95,3.8,865,228,3.79,0.00%,6/21/2018
M,39.32,Call,8,1/17/2020,574,29.15,31.48,33.8,31.05,900,301,2.99,0.00%,6/20/2018
ZAYO,36.43,Call,47.5,1/17/2020,574,1.15,1.48,1.8,3,625,600,1.04,0.00%,6/20/2018
APO,31.69,Put,32,1/17/2020,574,3,4.15,5.3,4.7,575,352,1.63,0.00%,6/20/2018
NOK,5.91,Put,3,1/17/2020,574,0.06,0.1,0.13,0.07,1274,254,5.02,0.00%,6/21/2018
DISH,33.75,Put,52.5,1/17/2020,574,17.5,19.75,22,23.9,800,261,3.07,0.00%,6/20/2018
MNK,19.44,Call,40,1/17/2020,574,1.1,1.45,1.8,1.4,600,289,2.08,0.00%,6/21/2018
SGYP,1.95,Call,5.5,1/17/2020,574,0,0.5,0.5,0.2,1563,693,2.26,0.00%,6/20/2018
SBUX,50.62,Put,40,1/17/2020,574,1.84,1.92,2,1.91,1600,1010,1.58,0.00%,6/21/2018
CRC,38.86,Call,60,1/17/2020,574,7.3,8.55,9.8,9.6,1800,1534,1.17,0.00%,6/21/2018
LRCX,176.05,Put,170,1/17/2020,574,24.6,25.6,26.6,25.2,705,528,1.34,0.00%,6/21/2018
PBR,9.41,Call,12,6/21/2019,365,1.03,1.08,1.12,1.14,3233,3155,1.02,49.19%,6/20/2018
ABBV,95.55,Put,87.5,6/21/2019,365,6.95,7.03,7.1,6.2,535,337,1.59,31.21%,6/20/2018
GS,226.98,Call,290,6/21/2019,364,3.25,3.35,3.45,3.5,805,596,1.35,20.21%,6/21/2018
HAL,44.92,Call,50,6/21/2019,364,2.95,3.03,3.1,3.35,1500,1199,1.25,25.86%,6/21/2018
SBUX,50.62,Put,40,6/21/2019,364,1.06,1.12,1.17,1.1,1453,268,5.42,27.06%,6/21/2018
TSLA,347.51,Call,295,6/21/2019,364,96.05,97.18,98.3,100.36,600,161,3.73,51.23%,6/21/2018
BAC,29.29,Put,29,2/15/2019,238,1.88,1.91,1.93,2,912,140,6.51,23.75%,6/21/2018
ILG,34.06,Call,20,1/18/2019,211,13.45,14.2,14.95,14.25,13000,1381,9.41,0.00%,6/20/2018
CHRW,89.79,Put,85,1/18/2019,210,3.8,4,4.2,4,9000,340,26.47,24.59%,6/21/2018
HLT,81.02,Put,45,1/18/2019,211,0.1,0.15,0.2,0.1,4650,2444,1.9,39.51%,6/20/2018
APO,31.69,Call,15,1/18/2019,211,14.7,16.75,18.8,14,2800,589,4.75,0.00%,6/20/2018
EL,151.87,Put,75,1/18/2019,211,0,0.3,0.3,0.1,2220,1825,1.22,42.40%,6/20/2018
ADM,46,Put,37,1/18/2019,211,0.39,0.43,0.46,0.44,2177,2000,1.09,24.97%,6/20/2018
THC,37.42,Call,35,1/18/2019,211,6.8,6.95,7.1,7.56,1751,1348,1.3,50.33%,6/20/2018
AGO,36.37,Put,34,1/18/2019,211,1.48,1.58,1.67,1.33,1581,1531,1.03,25.87%,6/20/2018
ALLY,26.21,Call,29,1/18/2019,211,0.9,1,1.1,0.9,1362,1343,1.01,24.18%,6/20/2018
ORCL,43.1,Put,32,1/18/2019,210,0.25,0.27,0.29,0.26,1259,315,4,28.40%,6/21/2018
ORCL,43.1,Put,39,1/18/2019,210,1.23,1.25,1.27,1.22,1237,118,10.48,24.18%,6/21/2018
LYG,3.28,Put,3,1/18/2019,210,0.1,0.15,0.2,0.17,1155,1085,1.06,29.58%,6/21/2018
NKE,73.94,Put,70,1/18/2019,210,3.3,3.38,3.45,3.5,1110,932,1.19,24.98%,6/21/2018
AMBA,43.68,Call,67.5,1/18/2019,211,0.7,0.78,0.85,0.9,1010,830,1.22,42.85%,6/20/2018
GLW,28.29,Put,15,1/18/2019,211,0.03,0.05,0.06,0.06,1005,822,1.22,41.27%,6/20/2018
FLR,48.69,Put,30,1/18/2019,211,0.1,0.2,0.3,0.35,1000,669,1.49,38.46%,6/20/2018
WMB,27.69,Call,31,1/18/2019,211,0.37,0.8,1.22,0.49,1000,507,1.97,21.94%,6/20/2018
AAXN,67.05,Call,75,1/18/2019,210,6.1,6.3,6.5,6.4,858,388,2.21,44.44%,6/21/2018
GALT,7.71,Call,12,1/18/2019,210,1.5,1.63,1.75,1.6,720,276,2.61,116.66%,6/21/2018
ECA,12.19,Call,16,1/18/2019,210,0.35,0.43,0.5,0.4,650,561,1.16,39.07%,6/21/2018
ECA,12.19,Call,13,1/18/2019,210,1.15,1.25,1.35,1.2,650,300,2.17,41.39%,6/21/2018
TLGT,3.79,Call,7.5,1/18/2019,210,0,0.45,0.45,0.22,575,429,1.34,81.82%,6/21/2018
TLGT,3.79,Put,7.5,1/18/2019,211,3.4,3.9,4.4,4.12,546,399,1.37,87.05%,6/20/2018
CPG,6.86,Call,5,1/18/2019,210,2,2.13,2.25,2.15,504,203,2.48,47.96%,6/21/2018
TEVA,24.01,Call,31,12/21/2018,183,0.66,0.7,0.73,0.73,797,671,1.19,37.90%,6/20/2018
AMR,6.84,Put,7.5,12/21/2018,183,0.65,1.08,1.5,1.05,600,336,1.79,37.19%,6/20/2018
OPK,4.46,Call,7,12/21/2018,183,0.05,0.28,0.5,0.42,2522,175,14.41,70.24%,6/20/2018
ALLY,26.21,Call,32,12/21/2018,183,0.15,0.28,0.4,0.3,1162,1156,1.01,22.99%,6/20/2018
MTCH,43.69,Put,38,12/21/2018,183,2.9,3.2,3.5,3.53,513,400,1.28,50.44%,6/20/2018
AKAO,12.45,Put,20,12/21/2018,183,8.2,8.75,9.3,8.87,945,935,1.01,92.50%,6/20/2018
VEEV,83.56,Call,90,12/21/2018,182,5.4,5.6,5.8,5.1,1889,1821,1.04,33.45%,6/21/2018
CVE,9.2,Call,11,12/21/2018,182,0.45,0.53,0.6,0.55,717,147,4.88,42.12%,6/21/2018
BAC,29.29,Call,35,12/21/2018,182,0.25,0.26,0.27,0.25,2027,433,4.68,20.11%,6/21/2018
CATM,26.01,Call,35,12/21/2018,182,1.15,1.28,1.4,1.15,2520,150,16.8,50.72%,6/21/2018
KKR,24.57,Call,25,12/21/2018,182,1.5,1.58,1.65,1.45,1502,413,3.64,24.07%,6/21/2018
ETP,18.58,Call,22,12/21/2018,182,0.2,0.28,0.35,0.3,2102,744,2.83,22.83%,6/21/2018
BAC,29.29,Call,33,12/21/2018,182,0.58,0.6,0.61,0.58,2135,1134,1.88,20.76%,6/21/2018
RH,148.95,Call,82.5,11/16/2018,148,65.1,67.15,69.2,62.4,502,196,2.56,39.69%,6/20/2018
CMCSA,32.79,Call,37.5,11/16/2018,147,0.69,0.73,0.77,0.73,5012,2357,2.13,25.97%,6/21/2018
CVS,71.08,Put,80,11/16/2018,147,10.65,10.75,10.85,10.5,940,288,3.26,29.72%,6/21/2018
ANAB,71.55,Put,60,11/16/2018,147,6.5,7.75,9,8.05,1002,142,7.06,78.85%,6/21/2018
BA,337.66,Call,350,11/16/2018,147,18.5,18.73,18.95,18.5,2012,1200,1.68,26.84%,6/21/2018
PGR,61.05,Put,57.5,11/16/2018,147,1.55,1.63,1.7,1.45,1138,1012,1.12,21.73%,6/21/2018
EIGI,9.6,Put,10,11/16/2018,147,1.05,1.13,1.2,1.1,1100,201,5.47,38.71%,6/21/2018
LKQ,32.21,Call,37.5,11/16/2018,147,0.4,0.6,0.8,0.45,1069,353,3.03,26.02%,6/21/2018
NBL,34.96,Call,35,11/16/2018,147,2.95,3.08,3.2,3.17,1772,849,2.09,33.62%,6/21/2018
AQMS,3.46,Put,7.5,10/19/2018,120,3.9,4.25,4.6,4.4,1276,1217,1.05,126.38%,6/20/2018
VRTX,156.57,Call,210,10/19/2018,120,0.05,0.58,1.1,0.65,945,923,1.02,29.92%,6/20/2018
RY,75.67,Put,115,10/19/2018,120,39,39.8,40.6,38.9,503,463,1.09,53.95%,6/20/2018
AER,54.24,Call,60,10/19/2018,120,0.3,0.38,0.45,0.55,1241,1231,1.01,15.70%,6/20/2018
MUSA,80.2,Put,70,10/19/2018,120,1.45,1.63,1.8,2.1,2371,2278,1.04,31.52%,6/20/2018
IGT,24.76,Put,18,10/19/2018,120,0.25,0.3,0.35,0.35,581,569,1.02,46.85%,6/20/2018
ASPS,32.18,Put,30,10/19/2018,120,1.65,2.05,2.45,4.4,1356,912,1.49,44.06%,6/20/2018
UFS,46.44,Call,52.5,10/19/2018,120,0.65,0.7,0.75,1.15,556,553,1.01,23.58%,6/20/2018
TSM,37.62,Put,33,10/19/2018,119,0.6,0.68,0.75,0.53,858,837,1.03,29.32%,6/21/2018
SBUX,50.62,Put,45,10/19/2018,119,0.61,0.64,0.67,0.64,656,385,1.7,23.87%,6/21/2018
AAPL,185.46,Put,140,10/19/2018,119,0.44,0.48,0.52,0.49,5563,477,11.66,29.42%,6/21/2018
TSLA,347.51,Call,410,10/19/2018,119,19.85,20.08,20.3,25.3,1051,1027,1.02,51.29%,6/21/2018
FOXA,48.35,Call,50,10/19/2018,119,1.45,1.55,1.65,1.45,1329,886,1.5,19.31%,6/21/2018
COG,24.16,Put,24,10/19/2018,119,1.45,1.58,1.7,1.5,947,118,8.03,31.58%,6/21/2018
SBUX,50.62,Call,52.5,10/19/2018,119,1.61,1.67,1.72,1.7,559,492,1.14,20.19%,6/21/2018
DISH,33.75,Call,47.5,9/21/2018,92,0.25,0.33,0.4,0.4,2130,1513,1.41,47.60%,6/20/2018
ATUS,16.95,Call,19.97,9/21/2018,92,0.4,0.48,0.55,0.6,2788,1216,2.29,41.49%,6/20/2018
V,134.53,Put,75,9/21/2018,92,0,2.13,2.13,0.03,857,810,1.06,77.91%,6/20/2018
LOGI,44,Call,37,9/21/2018,92,7.4,7.6,7.8,4.96,655,395,1.66,32.16%,6/20/2018
PBF,44.24,Put,39,9/21/2018,92,1.15,1.28,1.4,0.75,767,746,1.03,40.25%,6/20/2018
SEAS,22.25,Call,27,9/21/2018,92,0.4,0.48,0.55,0.35,1205,1023,1.18,41.04%,6/20/2018
RSPP,39.59,Put,25,9/21/2018,92,0,0.2,0.2,0.4,800,601,1.33,50.68%,6/20/2018
ACGL,26.36,Call,100,9/21/2018,92,0,0,0,0.3,500,275,1.82,135.54%,6/20/2018
UTX,123.48,Call,120,9/21/2018,91,6.6,6.7,6.8,6.84,1220,405,3.01,18.13%,6/21/2018
MU,59.44,Put,60,9/21/2018,91,5.05,5.13,5.2,5.36,1119,1105,1.01,42.30%,6/21/2018
BBY,77.23,Call,90,9/21/2018,91,1.1,1.14,1.17,1.12,1012,253,4,30.77%,6/21/2018
BOX,27.61,Put,28,9/21/2018,91,3.2,3.35,3.5,3.37,1350,137,9.85,58.47%,6/21/2018
BNS,57.71,Put,55,9/21/2018,91,0.9,0.95,1,1,1549,869,1.78,18.85%,6/21/2018
MTG,11.37,Call,12,9/21/2018,91,0.47,0.49,0.51,0.5,2549,2425,1.05,31.99%,6/21/2018
CAT,139.53,Put,130,9/21/2018,91,4.05,4.1,4.15,4.2,4115,1714,2.4,30.63%,6/21/2018
MU,59.44,Call,60,9/21/2018,91,4.95,5,5.05,4.85,2762,2545,1.09,43.63%,6/21/2018
APC,69.46,Call,85,9/21/2018,91,0.47,0.51,0.54,0.43,647,463,1.4,30.19%,6/21/2018
BAC,29.29,Put,26,9/21/2018,91,0.28,0.3,0.32,0.32,3504,2435,1.44,25.29%,6/21/2018
GDEN,29.61,Call,30,9/21/2018,91,2.7,2.78,2.85,2.8,2761,1932,1.43,49.05%,6/21/2018
CAT,139.53,Call,150,9/21/2018,91,3.6,3.65,3.7,3.76,3001,2188,1.37,26.27%,6/21/2018
TXMD,7.07,Put,5,9/21/2018,91,0.1,0.25,0.4,0.2,800,383,2.09,80.73%,6/21/2018
MU,59.44,Call,65,9/21/2018,91,3,3.08,3.15,3.04,5070,4663,1.09,43.16%,6/21/2018
BABA,202.21,Call,205,9/21/2018,91,11.65,11.7,11.75,11.7,1159,279,4.15,31.15%,6/21/2018
MU,59.44,Call,62.5,9/21/2018,91,3.9,3.95,4,3.9,887,667,1.33,43.40%,6/21/2018
MU,59.44,Put,45,9/21/2018,91,0.47,0.49,0.5,0.57,629,589,1.07,43.27%,6/21/2018
GM,41.12,Call,46,9/21/2018,91,0.45,0.47,0.49,0.63,3729,2985,1.25,23.17%,6/21/2018
MET,45.66,Call,50,9/21/2018,91,0.36,0.4,0.43,0.41,7518,3450,2.18,18.14%,6/21/2018
I,19.56,Call,22.5,9/21/2018,91,4.9,5.35,5.8,4.7,903,756,1.19,165.32%,6/21/2018
SBUX,50.62,Call,50,9/21/2018,91,2.4,2.5,2.59,2.56,1221,743,1.64,20.40%,6/21/2018
I,19.56,Call,10,9/21/2018,91,10.7,11,11.3,10.8,1195,938,1.27,172.74%,6/21/2018
BNS,57.71,Call,60,9/21/2018,91,0.6,0.7,0.8,0.73,1590,242,6.57,12.78%,6/21/2018
CALA,5.3,Call,7.5,9/21/2018,91,0,0.5,0.5,0.45,626,404,1.55,77.70%,6/21/2018
GE,12.76,Put,19,8/17/2018,57,6.2,6.25,6.3,6,500,270,1.85,59.59%,6/20/2018
HSIC,72.06,Put,75,8/17/2018,57,4.5,4.8,5.1,4.6,1010,1001,1.01,28.66%,6/20/2018
RUN,13.69,Put,4,8/17/2018,57,0,0.15,0.15,0.05,500,109,4.59,179.19%,6/20/2018
ADTN,14.3,Put,16,8/17/2018,57,1.9,1.98,2.05,1.3,3268,1622,2.01,39.38%,6/20/2018
TGH,15.25,Put,22.5,8/17/2018,57,7.1,7.35,7.6,5.55,500,281,1.78,68.93%,6/20/2018
M,39.32,Call,22,8/17/2018,57,17.35,17.48,17.6,16.45,550,492,1.12,78.24%,6/20/2018
ACXM,29.99,Call,20,8/17/2018,57,9.7,11.15,12.6,6,750,722,1.04,117.07%,6/20/2018
NYLD,16.95,Put,15,8/17/2018,57,0.05,0.2,0.35,0.1,5000,2464,2.03,34.44%,6/20/2018
ANAB,71.55,Call,90,8/17/2018,57,1.15,2.78,4.4,3.1,500,116,4.31,73.66%,6/20/2018
AMX,15.99,Put,20,8/17/2018,57,4,4.1,4.2,5.05,1500,793,1.89,44.53%,6/20/2018
ADP,138.21,Call,115,8/17/2018,57,22.2,23.85,25.5,23.7,1000,933,1.07,29.53%,6/20/2018
UAA,22.76,Put,30,8/17/2018,57,7.45,7.5,7.55,6.5,10501,8017,1.31,59.36%,6/20/2018
HPQ,23.5,Put,13,8/17/2018,57,0,0.02,0.02,0.09,1500,1275,1.18,62.66%,6/20/2018
SBUX,50.62,Call,52.5,8/17/2018,56,1.05,1.09,1.12,1.11,3715,1539,2.41,22.63%,6/21/2018
DSW,25.99,Put,25,8/17/2018,56,0.75,0.85,0.95,0.85,2090,1250,1.67,33.04%,6/21/2018
NFLX,415.44,Call,410,8/17/2018,56,34.5,34.75,35,34.6,544,508,1.07,49.17%,6/21/2018
SPOT,179.53,Put,170,8/17/2018,56,7.3,7.45,7.6,8.6,615,591,1.04,43.67%,6/21/2018
APA,44.36,Call,47.5,8/17/2018,56,1.38,1.41,1.43,1.78,1634,1382,1.18,37.21%,6/21/2018
TSRO,45.75,Call,55,8/17/2018,56,3.4,3.75,4.1,4.2,533,420,1.27,96.18%,6/21/2018
COP,65.11,Put,62.5,8/17/2018,56,1.84,1.87,1.89,1.87,2066,1728,1.2,30.76%,6/21/2018
CLF,8.6,Put,9,8/17/2018,56,0.86,0.87,0.87,0.81,1141,798,1.43,48.24%,6/21/2018
NFLX,415.44,Call,450,8/17/2018,56,18.25,18.45,18.65,17.8,658,580,1.13,48.53%,6/21/2018
SBUX,50.62,Call,50,8/17/2018,56,2.2,2.25,2.29,2.23,717,265,2.71,23.41%,6/21/2018
FOXA,48.35,Call,50,8/17/2018,56,1,1.15,1.3,1.05,8874,2578,3.44,23.52%,6/21/2018
I,19.56,Put,12.5,8/17/2018,56,1.5,1.63,1.75,1.65,521,387,1.35,178.47%,6/21/2018
MZOR,57.43,Call,55,8/17/2018,56,5.6,5.8,6,5.5,917,501,1.83,50.07%,6/21/2018
SBUX,50.62,Call,55,8/17/2018,56,0.51,0.53,0.54,0.52,10043,4556,2.2,23.69%,6/21/2018
FB,201.5,Call,235,8/17/2018,56,1.26,1.29,1.31,1.35,1499,746,2.01,30.84%,6/21/2018
AMZN,1730.22,Call,1680,8/17/2018,56,114,114.58,115.15,126.18,874,805,1.09,31.97%,6/21/2018
PCG,40.53,Call,50,8/17/2018,56,0.65,0.78,0.9,0.66,803,428,1.88,53.40%,6/21/2018
SYK,169.81,Call,175,8/17/2018,56,3.2,3.5,3.8,3.3,2123,127,16.72,20.56%,6/21/2018
APA,44.36,Put,42.5,8/17/2018,56,1.77,1.79,1.8,1.34,2882,2863,1.01,39.63%,6/21/2018
NFLX,415.44,Call,415,8/17/2018,56,32.05,32.33,32.6,31.82,773,557,1.39,49.14%,6/21/2018
FLT,218.82,Call,195,8/17/2018,56,26,26.3,26.6,28.1,4803,1478,3.25,29.89%,6/21/2018
CPB,37.46,Put,35,8/17/2018,56,0.85,0.9,0.95,0.95,3011,647,4.65,33.90%,6/21/2018
FOXA,48.35,Call,48,8/17/2018,56,1.6,1.9,2.2,2.1,1614,1241,1.3,21.88%,6/21/2018
FB,201.5,Call,220,8/17/2018,56,3.25,3.33,3.4,3.22,5581,3880,1.44,30.01%,6/21/2018
SEND,29.69,Call,30,8/17/2018,56,2.85,2.98,3.1,3.5,528,523,1.01,67.06%,6/21/2018
GPRO,6.71,Call,8,8/17/2018,56,0.24,0.25,0.26,0.24,655,154,4.25,62.27%,6/21/2018
AAL,41.49,Call,35,8/17/2018,56,7,7.08,7.15,7.55,3767,3744,1.01,42.79%,6/21/2018
MPC,72.48,Put,65,8/17/2018,56,0.91,0.94,0.97,0.95,1002,187,5.36,32.91%,6/21/2018
SBUX,50.62,Put,45,8/17/2018,56,0.32,0.36,0.39,0.35,1110,506,2.19,27.91%,6/21/2018
WB,98.65,Call,125,8/17/2018,56,1.2,1.28,1.35,2.02,1171,1059,1.11,51.00%,6/21/2018
CTB,26.95,Put,28,8/17/2018,56,1.8,1.95,2.1,1.9,1373,288,4.77,32.99%,6/21/2018
WB,98.65,Put,90,8/17/2018,56,3.6,3.65,3.7,3.1,527,518,1.02,49.81%,6/21/2018
NFLX,415.44,Put,400,8/17/2018,56,22.85,23.05,23.25,21.44,709,607,1.17,48.65%,6/21/2018
CSX,64.05,Put,62.5,8/17/2018,56,1.71,1.73,1.74,1.74,7526,670,11.23,25.29%,6/21/2018
SQ,67.1,Call,80,8/17/2018,56,1.46,1.49,1.51,1.55,1443,1191,1.21,50.53%,6/21/2018
RBS,6.92,Put,8,8/17/2018,56,1.1,1.15,1.2,0.7,3750,2645,1.42,37.32%,6/21/2018
SBUX,50.62,Put,50,8/17/2018,56,1.61,1.65,1.68,1.64,5477,2794,1.96,25.54%,6/21/2018
SU,39.22,Put,39,8/17/2018,56,1.36,1.38,1.4,1.15,514,271,1.9,25.47%,6/21/2018
MET,45.66,Call,45,8/17/2018,56,1.85,1.88,1.91,1.9,1138,781,1.46,20.52%,6/21/2018
NKE,73.94,Put,70,8/17/2018,56,1.31,1.34,1.36,1.23,1069,281,3.8,26.34%,6/21/2018
PRTK,10.8,Put,10,8/17/2018,56,0.2,0.7,1.2,1.04,933,822,1.14,66.33%,6/21/2018
UBNT,86.08,Call,95,8/17/2018,56,2.3,2.53,2.75,3.5,582,568,1.02,41.95%,6/21/2018
TSRO,45.75,Call,65,8/17/2018,56,1.55,2.15,2.75,2.77,799,778,1.03,100.74%,6/21/2018
UBNT,86.08,Put,90,8/17/2018,56,10.2,10.45,10.7,8.64,507,500,1.01,62.54%,6/21/2018
AMZN,1730.22,Call,1750,8/17/2018,56,75.7,76.18,76.65,82.75,2472,2068,1.2,31.00%,6/21/2018
EBAY,38.01,Call,41,8/17/2018,56,0.57,0.6,0.62,0.6,1471,633,2.32,26.76%,6/21/2018
EBAY,38.01,Call,40,8/17/2018,56,0.86,0.88,0.9,0.89,1285,674,1.91,27.14%,6/21/2018
MPLX,35,Call,37,8/17/2018,56,0.25,0.3,0.35,0.3,1521,231,6.58,17.19%,6/21/2018
NFLX,415.44,Call,405,8/17/2018,56,37.1,37.38,37.65,37.08,1894,1105,1.71,49.32%,6/21/2018
CELG,79.14,Call,95,8/17/2018,56,0.41,0.44,0.46,0.43,1021,723,1.41,33.32%,6/21/2018
GERN,3.51,Call,4,8/17/2018,56,0.65,0.78,0.9,0.79,1100,1069,1.03,175.10%,6/21/2018
IMMU,24.88,Call,25,8/17/2018,56,3,3.05,3.1,3,2811,1725,1.63,79.30%,6/21/2018
CPB,37.46,Call,39,8/17/2018,56,1.15,1.23,1.3,1.15,4898,1670,2.93,31.06%,6/21/2018
MOS,28.38,Put,26,8/17/2018,56,0.53,0.57,0.6,0.66,826,164,5.04,34.93%,6/21/2018
MCD,160.53,Call,160,8/17/2018,56,5.1,5.38,5.65,5.37,522,407,1.28,19.45%,6/21/2018
AA,44.81,Call,52.5,7/27/2018,36,0.15,0.2,0.25,0.98,916,516,1.78,36.72%,6/20/2018
SU,39.22,Call,40,7/27/2018,36,0.71,0.86,1,1.25,5558,2767,2.01,24.41%,6/20/2018
PCG,40.53,Put,36.5,7/27/2018,36,0.1,2.15,4.2,1.95,1000,105,9.52,82.60%,6/20/2018
C,67.63,Call,65.5,7/27/2018,36,3.2,3.98,4.75,2.49,1203,403,2.99,33.43%,6/20/2018
DISH,33.75,Put,30,7/27/2018,36,0.35,1.28,2.2,0.4,2500,256,9.77,71.69%,6/20/2018
ADBE,248.83,Call,267.5,7/27/2018,36,1.67,1.75,1.83,2.75,1484,1210,1.23,24.33%,6/20/2018
MRO,19.92,Call,20.5,7/27/2018,35,0.79,0.8,0.81,0.87,776,364,2.13,42.09%,6/21/2018
INTC,52.19,Call,55,7/27/2018,35,0.8,0.84,0.87,0.85,794,555,1.43,28.57%,6/21/2018
AAPL,185.46,Put,182.5,7/27/2018,35,3.1,3.15,3.2,3.22,1096,505,2.17,20.30%,6/21/2018
ORCL,43.1,Put,42,7/27/2018,35,0.53,0.56,0.59,0.55,1057,609,1.74,19.89%,6/21/2018
BAC,29.29,Call,33,7/27/2018,35,0.05,0.06,0.07,0.06,12303,4046,3.04,24.34%,6/21/2018
GOOGL,1169.44,Call,1250,7/27/2018,35,12.7,13.2,13.7,12,529,512,1.03,27.47%,6/21/2018
FB,201.5,Call,220,7/27/2018,35,1.7,2,2.3,1.9,1609,1593,1.01,31.22%,6/21/2018
JCP,2.76,Call,3.5,7/27/2018,35,0.03,0.04,0.04,0.04,2048,858,2.39,64.85%,6/21/2018
SBUX,50.62,Call,55,7/27/2018,35,0.35,0.38,0.4,0.38,622,422,1.47,26.68%,6/21/2018
COST,209.96,Put,192.5,7/27/2018,35,0.51,0.57,0.62,0.7,933,909,1.03,21.76%,6/21/2018
FB,201.5,Call,217.5,7/27/2018,35,1.35,2.18,3,2.19,1598,1530,1.04,29.65%,6/21/2018
MGM,30.31,Call,31.5,7/27/2018,35,0.7,0.75,0.8,0.82,860,766,1.12,32.39%,6/21/2018
MDCO,36.59,Call,35,7/20/2018,29,2.75,2.85,2.95,3.4,500,284,1.76,49.52%,6/20/2018
ARNA,44.54,Put,40,7/20/2018,29,0.49,0.71,0.93,0.2,2696,2682,1.01,50.67%,6/20/2018
PRTA,15.04,Put,25,7/20/2018,29,9.7,10.05,10.4,10.2,500,102,4.9,113.52%,6/20/2018
WRK,57.44,Call,65,7/20/2018,29,0,0.3,0.3,0.09,1042,508,2.05,30.16%,6/20/2018
HSY,91.91,Call,110,7/20/2018,29,0,0.06,0.06,0.06,505,500,1.01,28.69%,6/20/2018
RES,13.96,Call,18,7/20/2018,29,0,0.4,0.4,0.1,2400,1206,1.99,79.05%,6/20/2018
RWT,16.57,Put,12.5,7/20/2018,29,0,0.05,0.05,0.01,500,479,1.04,55.33%,6/20/2018
XENT,36.65,Put,35,7/20/2018,29,1.2,2.05,2.9,1.45,750,704,1.07,72.69%,6/20/2018
HPQ,23.5,Call,21,7/20/2018,29,2.47,2.55,2.62,2.63,1270,1069,1.19,22.27%,6/20/2018
TIF,135,Put,105,7/20/2018,29,0,0.12,0.12,0.11,1508,894,1.69,41.63%,6/20/2018
VZ,48.63,Put,42.5,7/20/2018,29,0.06,0.07,0.08,0.09,561,558,1.01,29.74%,6/20/2018
PAA,24.17,Put,23.5,7/20/2018,29,0.4,0.45,0.5,0.35,1241,1200,1.03,29.01%,6/20/2018
APO,31.69,Call,35,7/20/2018,29,0,0.15,0.15,0.1,539,439,1.23,24.94%,6/20/2018
OXY,82.09,Call,89,7/20/2018,29,0.23,0.25,0.27,0.41,610,604,1.01,22.77%,6/20/2018
TV,17.5,Put,23,7/20/2018,29,5.4,5.5,5.6,3,500,321,1.56,52.75%,6/20/2018
VIAV,10,Put,7,7/20/2018,29,0,0.04,0.04,0.04,1009,1000,1.01,70.99%,6/20/2018
AMGN,185.99,Put,135,7/20/2018,29,0,0.04,0.04,0.01,630,398,1.58,43.83%,6/20/2018
AGI,5.6,Call,2.5,7/20/2018,29,3,3.1,3.2,3.5,500,100,5,0.00%,6/20/2018
INTC,52.19,Call,52,7/20/2018,28,1.64,1.66,1.68,1.64,3061,2800,1.09,26.49%,6/21/2018
ALRM,37.29,Put,42.5,7/20/2018,28,5.1,5.3,5.5,3.4,1470,947,1.55,34.86%,6/21/2018
LUV,53.15,Call,53,7/20/2018,28,1.55,1.6,1.65,1.6,1684,133,12.66,25.33%,6/21/2018
CL,63.49,Call,66,7/20/2018,28,0.4,0.44,0.47,0.43,7378,226,32.65,18.20%,6/21/2018
MDB,56.86,Put,55,7/20/2018,28,2.15,2.45,2.75,2.6,997,103,9.68,53.98%,6/21/2018
JKS,14.15,Put,14,7/20/2018,28,1,1.08,1.15,1.78,733,532,1.38,76.00%,6/21/2018
SFIX,28.87,Call,30,7/20/2018,28,1.35,1.48,1.6,1.05,4233,1360,3.11,61.85%,6/21/2018
COG,24.16,Put,23.5,7/20/2018,28,0.45,0.53,0.6,0.6,5048,5000,1.01,31.41%,6/21/2018
ELLI,110.59,Put,100,7/20/2018,28,0.45,0.55,0.65,0.55,563,492,1.14,31.57%,6/21/2018
AAPL,185.46,Put,187.5,7/20/2018,28,4.8,4.85,4.9,4.98,661,645,1.02,18.95%,6/21/2018
EFX,127.22,Call,110,7/20/2018,28,17.1,17.55,18,17.7,1500,241,6.22,30.66%,6/21/2018
FOXA,48.35,Put,47,7/20/2018,28,0.4,0.53,0.65,0.5,21075,3066,6.87,20.72%,6/21/2018
DFRG,12.95,Put,12.5,7/20/2018,28,0.25,0.68,1.1,0.35,1005,150,6.7,63.40%,6/21/2018
UTX,123.48,Put,125,7/20/2018,28,3.05,3.1,3.15,3.05,5339,4640,1.15,17.28%,6/21/2018
INTC,52.19,Call,54,7/20/2018,28,0.75,0.77,0.78,0.78,2129,815,2.61,25.11%,6/21/2018
I,19.56,Call,35,7/20/2018,28,0.55,0.68,0.8,0.55,579,403,1.44,176.30%,6/21/2018
PCG,40.53,Call,48,7/20/2018,28,0.5,0.63,0.75,0.55,1116,820,1.36,62.04%,6/21/2018
TEVA,24.01,Call,24.5,7/20/2018,28,0.73,0.74,0.75,0.87,636,604,1.05,36.16%,6/21/2018
CVE,9.2,Put,9,7/20/2018,28,0.25,0.33,0.4,0.35,5040,2775,1.82,42.13%,6/21/2018
INSY,8.41,Put,8,7/20/2018,28,0.4,0.53,0.65,0.5,505,367,1.38,79.22%,6/21/2018
BABA,202.21,Call,202.5,7/20/2018,28,6.5,6.55,6.6,6.6,10062,352,28.59,29.32%,6/21/2018
WEN,17.94,Call,19,7/20/2018,28,0.15,0.2,0.25,0.15,2020,104,19.42,28.19%,6/21/2018
QCOM,58.75,Call,64.5,7/20/2018,28,0.15,0.47,0.79,0.36,554,388,1.43,33.79%,6/21/2018
LCII,95,Call,105,7/20/2018,28,0.55,0.7,0.85,1.1,625,478,1.31,34.41%,6/21/2018
DAN,20.89,Call,23,7/20/2018,28,0.1,0.13,0.15,0.15,650,645,1.01,30.77%,6/21/2018
BAC,29.29,Put,27.5,7/20/2018,28,0.18,0.2,0.21,0.19,614,302,2.03,25.44%,6/21/2018
DB,10.89,Put,10.5,7/20/2018,28,0.28,0.29,0.3,0.29,1114,996,1.12,39.38%,6/21/2018
SBUX,50.62,Put,48,7/20/2018,28,0.33,0.37,0.4,0.34,635,305,2.08,23.64%,6/21/2018
TWTR,45.24,Call,52,7/20/2018,28,0.42,0.43,0.44,0.79,727,328,2.22,46.56%,6/21/2018
C,67.63,Put,63,7/20/2018,28,0.36,0.38,0.4,0.61,1140,1029,1.11,26.29%,6/21/2018
MU,59.44,Call,62,7/20/2018,28,1.78,1.8,1.82,2.14,3131,3027,1.03,43.60%,6/21/2018
GOOGL,1169.44,Call,1175,7/20/2018,28,26.3,26.6,26.9,24,1348,285,4.73,22.01%,6/21/2018
UNP,143.1,Call,155,7/20/2018,28,0.4,0.44,0.47,0.44,8836,2045,4.32,22.15%,6/21/2018
INTC,52.19,Call,59,7/20/2018,28,0.05,0.06,0.07,0.07,1004,113,8.88,24.84%,6/21/2018
AAPL,185.46,Call,207.5,7/20/2018,28,0.13,0.15,0.17,0.14,591,522,1.13,21.69%,6/21/2018
SFIX,28.87,Call,26,7/20/2018,28,3.4,3.65,3.9,2.6,1055,561,1.88,62.11%,6/21/2018
NFLX,415.44,Call,415,7/20/2018,28,26.15,26.38,26.6,26.1,648,551,1.18,57.50%,6/21/2018
INTC,52.19,Put,51,7/20/2018,28,0.96,0.98,1,0.97,3015,2700,1.12,26.86%,6/21/2018
MSFT,101.14,Call,102,7/20/2018,28,2.36,2.38,2.4,2.69,1315,1085,1.21,24.74%,6/21/2018
AMT,141.68,Put,131,7/20/2018,28,0.3,0.35,0.4,0.64,1458,720,2.03,22.08%,6/21/2018
CAT,139.53,Call,145,7/20/2018,28,2.07,2.12,2.17,2.18,4456,1581,2.82,27.01%,6/21/2018
MDLZ,40.74,Put,39,7/20/2018,28,0.22,0.24,0.25,0.26,6918,5393,1.28,19.58%,6/21/2018
BWA,45.94,Put,45,7/20/2018,28,0.85,0.9,0.95,0.85,511,167,3.06,26.76%,6/21/2018
FB,201.5,Put,202.5,7/20/2018,28,5.65,5.7,5.75,5.1,1041,968,1.08,24.36%,6/21/2018
CMCSA,32.79,Call,34.5,7/20/2018,28,0.38,0.41,0.43,0.44,2316,1440,1.61,27.71%,6/21/2018
KMX,71.05,Put,70,7/20/2018,28,1.75,1.93,2.1,1.87,790,461,1.71,31.57%,6/21/2018
SBUX,50.62,Put,52,7/20/2018,28,1.95,2.01,2.06,2.08,1508,1053,1.43,21.99%,6/21/2018
UNIT,22.6,Put,17.5,7/20/2018,28,0.05,0.1,0.15,0.1,5001,3563,1.4,63.09%,6/21/2018
BBY,77.23,Call,90,7/20/2018,28,0.07,0.09,0.11,0.14,504,100,5.04,29.83%,6/21/2018
HCA,107.57,Call,102,7/20/2018,28,6.3,6.45,6.6,6.7,955,651,1.47,23.59%,6/21/2018
AAPL,185.46,Call,185,7/20/2018,28,4.4,4.45,4.5,4.45,61653,24516,2.51,19.93%,6/21/2018
OAS,12.63,Call,13,7/20/2018,28,0.5,0.53,0.55,0.8,2234,1750,1.28,49.46%,6/21/2018
TWTR,45.24,Call,60,7/20/2018,28,0.07,0.08,0.09,0.15,2523,2250,1.12,53.83%,6/21/2018
FB,201.5,Call,202.5,7/20/2018,28,5.05,5.1,5.15,5.15,2771,2646,1.05,24.89%,6/21/2018
INTC,52.19,Call,56,7/20/2018,28,0.28,0.3,0.31,0.3,3116,380,8.2,24.48%,6/21/2018
MDT,86.3,Put,80.5,7/20/2018,28,0.26,0.27,0.28,0.29,647,290,2.23,21.22%,6/21/2018
GOOGL,1169.44,Call,1230,7/20/2018,28,7.9,8.15,8.4,8.1,695,620,1.12,21.42%,6/21/2018
SBUX,50.62,Put,51,7/20/2018,28,1.33,1.38,1.42,1.39,4450,578,7.7,21.68%,6/21/2018
COP,65.11,Call,69,7/20/2018,28,0.66,0.69,0.71,0.71,2117,169,12.53,27.64%,6/21/2018
AAPL,185.46,Put,185,7/20/2018,28,3.55,3.6,3.65,3.55,54492,20076,2.71,19.33%,6/21/2018
CPB,37.46,Call,38,7/20/2018,28,0.95,1,1.05,1,2232,657,3.4,29.47%,6/21/2018
WFC,54.37,Call,54.5,7/20/2018,28,1.46,1.5,1.54,1.6,1496,132,11.33,25.38%,6/21/2018
SPLK,113.17,Put,110,7/20/2018,28,2.8,2.88,2.95,2.1,4709,2984,1.58,35.85%,6/21/2018
PWR,34.74,Put,35,7/20/2018,28,0.95,1.03,1.1,0.75,1052,599,1.76,24.22%,6/21/2018
UTX,123.48,Call,127,7/20/2018,28,1.01,1.05,1.09,1.07,3009,143,21.04,17.00%,6/21/2018
DIS,105.89,Call,125,7/20/2018,28,0,0.05,0.05,0.02,1310,870,1.51,25.22%,6/21/2018
MRO,19.92,Put,19.5,7/20/2018,28,0.71,0.72,0.73,0.72,5127,1301,3.94,42.62%,6/21/2018
SQ,67.1,Put,60.5,7/20/2018,28,0.82,0.84,0.86,0.71,1033,166,6.22,44.90%,6/21/2018
BBT,52.06,Call,52.5,7/20/2018,28,1.04,1.08,1.11,1.05,2611,1270,2.06,21.63%,6/21/2018
CAG,38.28,Call,40,7/20/2018,28,0.25,0.38,0.5,0.45,1265,220,5.75,22.97%,6/21/2018
SBUX,50.62,Put,49,7/20/2018,28,0.54,0.61,0.67,0.58,723,415,1.74,23.21%,6/21/2018
NBL,34.96,Call,37.5,7/20/2018,28,0.4,0.45,0.5,0.5,1388,1195,1.16,33.58%,6/21/2018
SBUX,50.62,Call,52.5,7/20/2018,28,0.51,0.55,0.59,0.56,2054,1604,1.28,21.97%,6/21/2018
PCG,40.53,Call,43,7/20/2018,28,1.8,1.83,1.85,1.58,561,376,1.49,63.48%,6/21/2018
AAPL,185.46,Call,197.5,7/20/2018,28,0.61,0.63,0.64,0.62,1010,985,1.03,19.21%,6/21/2018
AMZN,1730.22,Call,1745,7/20/2018,28,38.8,40.15,41.5,46.85,768,391,1.96,24.45%,6/21/2018
FCAU,19.16,Call,21,7/20/2018,28,0.15,0.2,0.25,0.2,7548,1277,5.91,36.09%,6/21/2018
TSRO,45.75,Call,40,7/20/2018,28,7.4,7.95,8.5,8.4,519,242,2.14,96.32%,6/21/2018
AZN,35.15,Call,36,7/20/2018,28,0.35,0.4,0.45,0.4,2164,1388,1.56,18.60%,6/21/2018
WFC,54.37,Put,54,7/20/2018,28,1.23,1.27,1.3,1.22,585,106,5.52,24.71%,6/21/2018
SQ,67.1,Put,69,7/20/2018,28,3.95,4.05,4.15,3.95,1206,1128,1.07,41.55%,6/21/2018
CIT,50.86,Call,49,7/20/2018,28,2.46,2.5,2.54,2.72,1452,1250,1.16,23.86%,6/21/2018
AAPL,185.46,Call,187.5,7/20/2018,28,3.15,3.2,3.25,3.2,1538,1355,1.14,19.54%,6/21/2018
NXPI,112.84,Call,117,7/20/2018,28,3.3,4.6,5.9,5,5123,5090,1.01,51.42%,6/21/2018
MSFT,101.14,Put,102,7/20/2018,28,3,3.05,3.1,2.56,854,795,1.07,24.30%,6/21/2018
SBUX,50.62,Call,52,7/20/2018,28,0.65,0.7,0.75,0.71,1644,1448,1.14,21.98%,6/21/2018
SQ,67.1,Call,72,7/20/2018,28,1.4,1.44,1.47,1.57,1913,1842,1.04,43.71%,6/21/2018
PKG,114.14,Call,120,7/20/2018,28,0.65,0.9,1.15,1.35,971,480,2.02,22.85%,6/21/2018
BNED,7.66,Call,7.5,7/20/2018,28,0.5,0.58,0.65,0.35,1033,883,1.17,59.08%,6/21/2018
MSFT,101.14,Put,103,7/20/2018,28,3.5,3.55,3.6,3.05,609,433,1.41,23.52%,6/21/2018
BAC,29.29,Call,27.5,7/20/2018,28,2.03,2.07,2.11,2.09,665,276,2.41,27.56%,6/21/2018
GOOGL,1169.44,Put,1175,7/20/2018,28,29.6,29.9,30.2,30,1335,144,9.27,21.58%,6/21/2018
MDB,56.86,Put,50,7/20/2018,28,0.8,1,1.2,1,1562,276,5.66,57.76%,6/21/2018
FB,201.5,Put,215,7/20/2018,28,14.4,14.5,14.6,13.75,867,764,1.13,24.76%,6/21/2018
DRI,107.06,Call,105,7/20/2018,28,3.4,3.55,3.7,3.6,1980,559,3.54,19.43%,6/21/2018
AIMT,27.57,Call,35,7/20/2018,28,0.15,0.2,0.25,0.35,2163,756,2.86,62.90%,6/21/2018
EGN,63.84,Put,55,7/20/2018,28,0.35,0.43,0.5,0.4,685,309,2.22,45.56%,6/21/2018
HSY,91.91,Put,92,7/20/2018,28,1.66,1.71,1.76,1.63,1295,1279,1.01,17.34%,6/21/2018
MRO,19.92,Call,22,7/20/2018,28,0.28,0.29,0.3,0.27,5122,4722,1.08,43.13%,6/21/2018
CLF,8.6,Call,9.5,7/20/2018,28,0.14,0.15,0.15,0.14,969,578,1.68,45.91%,6/21/2018
MU,59.44,Call,68,7/20/2018,28,0.51,0.52,0.53,0.75,568,498,1.14,44.32%,6/21/2018
NFLX,415.44,Put,380,7/20/2018,28,10.65,10.78,10.9,9.45,1258,1222,1.03,57.39%,6/21/2018
GE,12.76,Put,11.5,7/20/2018,28,0.13,0.14,0.14,0.12,502,449,1.12,42.22%,6/21/2018
MU,59.44,Call,64,7/20/2018,28,1.2,1.21,1.22,1.52,525,405,1.3,43.62%,6/21/2018
WLK,105.87,Put,105,7/20/2018,28,2.85,2.98,3.1,3.4,1008,319,3.16,30.27%,6/21/2018
ORCL,43.1,Call,43.5,7/20/2018,28,0.66,0.67,0.68,0.69,708,275,2.57,17.31%,6/21/2018
SBUX,50.62,Call,54,7/20/2018,28,0.27,0.28,0.29,0.28,4625,2831,1.63,22.96%,6/21/2018
CAT,139.53,Put,120,7/20/2018,28,0.42,0.45,0.48,0.43,1048,330,3.18,38.01%,6/21/2018
SBUX,50.62,Call,51.5,7/20/2018,28,0.82,0.87,0.92,0.92,1294,119,10.87,21.84%,6/21/2018
SFIX,28.87,Call,27,7/20/2018,28,2.85,2.98,3.1,2.05,3436,1769,1.94,61.77%,6/21/2018
DIS,105.89,Call,113,7/20/2018,28,0.27,0.3,0.33,0.32,853,306,2.79,18.69%,6/21/2018
INTC,52.19,Call,53,7/20/2018,28,1.14,1.16,1.17,1.19,1642,1479,1.11,25.72%,6/21/2018
VLO,111.22,Call,115,7/20/2018,28,1.93,1.98,2.02,2.02,508,503,1.01,27.94%,6/21/2018
TWTR,45.24,Put,46.5,7/20/2018,28,2.9,2.92,2.94,2.45,537,530,1.01,45.73%,6/21/2018
NFLX,415.44,Call,407.5,7/20/2018,28,29.9,30.15,30.4,29.85,566,497,1.14,57.60%,6/21/2018
SBUX,50.62,Call,51,7/20/2018,28,1.02,1.1,1.17,1.1,2279,155,14.7,22.14%,6/21/2018
FB,201.5,Call,207.5,7/20/2018,28,3.05,3.1,3.15,2.89,3176,3061,1.04,24.76%,6/21/2018
INTC,52.19,Call,54.5,7/20/2018,28,0.6,0.62,0.64,0.65,3960,766,5.17,25.05%,6/21/2018
USB,50.99,Call,51.5,7/20/2018,28,0.71,0.72,0.72,0.65,600,275,2.18,16.20%,6/21/2018
MSFT,101.14,Call,103,7/20/2018,28,1.9,1.92,1.93,2.18,809,749,1.08,24.28%,6/21/2018
AMZN,1730.22,Call,1680,7/20/2018,28,76.2,78.73,81.25,90,1699,1558,1.09,25.93%,6/21/2018
VIVE,2.91,Put,5,7/20/2018,28,1.95,2.15,2.35,3,3000,156,19.23,150.35%,6/21/2018
MU,59.44,Call,67,7/20/2018,28,0.63,0.65,0.66,0.91,737,720,1.02,44.08%,6/21/2018
SFIX,28.87,Call,29,7/20/2018,28,1.8,1.9,2,1.25,2095,946,2.21,62.05%,6/21/2018
TWTR,45.24,Call,46.5,7/20/2018,28,1.71,1.73,1.74,2.18,1022,784,1.3,45.73%,6/21/2018
FOX,48.04,Call,48,7/20/2018,28,1.3,1.45,1.6,1.2,605,413,1.46,26.81%,6/21/2018
ETSY,43.6,Put,40,7/20/2018,28,0.8,0.85,0.9,0.85,2587,1027,2.52,48.05%,6/21/2018
AAPL,185.46,Call,192.5,7/20/2018,28,1.46,1.49,1.51,1.46,3941,1638,2.41,19.11%,6/21/2018
EFX,127.22,Put,110,7/20/2018,28,0,0.15,0.15,0.1,1500,848,1.77,26.59%,6/21/2018
NYT,26.55,Call,28,7/20/2018,28,0.2,0.28,0.35,0.35,831,114,7.29,26.14%,6/21/2018
NFLX,415.44,Put,405,7/20/2018,28,20.1,20.25,20.4,18.37,885,372,2.38,57.11%,6/21/2018
PZZA,55.87,Call,56.5,7/20/2018,28,2.3,2.4,2.5,2.85,525,513,1.02,43.80%,6/21/2018
CAG,38.28,Put,38,7/20/2018,28,0.7,0.83,0.95,0.85,626,418,1.5,23.36%,6/21/2018
GE,12.76,Call,12.5,7/20/2018,28,0.65,0.66,0.67,0.74,701,632,1.11,37.21%,6/21/2018
BAC,29.29,Call,30.5,7/20/2018,28,0.34,0.35,0.36,0.36,3725,878,4.24,24.29%,6/21/2018
FNSR,17.72,Call,18.5,7/20/2018,28,0.35,0.4,0.45,0.55,500,169,2.96,35.74%,6/21/2018
PWR,34.74,Put,34,7/20/2018,28,0.55,0.6,0.65,0.41,544,376,1.45,25.28%,6/21/2018
P,8.26,Call,9.5,7/20/2018,28,0.08,0.09,0.1,0.11,1125,430,2.62,48.81%,6/21/2018
AAPL,185.46,Put,172.5,7/20/2018,28,0.69,0.71,0.72,0.75,2697,1676,1.61,23.12%,6/21/2018
AMZN,1730.22,Put,1750,7/20/2018,28,51.1,53.05,55,39.01,797,710,1.12,23.24%,6/21/2018
UTX,123.48,Call,125,7/20/2018,28,1.76,1.79,1.81,1.78,5051,2380,2.12,17.46%,6/21/2018
PENN,34.66,Call,35,7/20/2018,28,0.95,1.03,1.1,1.05,10399,527,19.73,30.27%,6/21/2018
DRI,107.06,Call,110,7/20/2018,28,1.15,1.25,1.35,1.2,2573,146,17.62,19.92%,6/21/2018
INTC,52.19,Put,49.5,7/20/2018,28,0.55,0.57,0.58,0.53,719,234,3.07,28.08%,6/21/2018
UNP,143.1,Put,140,7/20/2018,28,2.31,2.37,2.42,2.32,2029,1122,1.81,24.25%,6/21/2018
HFC,72,Call,78,7/13/2018,22,0.55,0.63,0.7,1.25,850,812,1.05,36.75%,6/20/2018
YY,112.02,Put,130,7/13/2018,22,18.1,18.65,19.2,12.5,753,684,1.1,52.11%,6/20/2018
OKE,68.78,Call,71,7/13/2018,22,0.4,0.48,0.55,0.9,646,606,1.07,19.47%,6/20/2018
GS,226.98,Call,227.5,7/13/2018,21,4.6,4.7,4.8,5.25,825,201,4.1,22.83%,6/21/2018
BBBY,20.12,Call,22,7/13/2018,21,0.54,0.58,0.62,0.61,1517,236,6.43,64.81%,6/21/2018
GS,226.98,Call,225,7/13/2018,21,5.95,6.1,6.25,6.5,1250,357,3.5,23.30%,6/21/2018
NFLX,415.44,Put,410,7/13/2018,21,13.1,13.38,13.65,12.7,804,707,1.14,41.91%,6/21/2018
SQ,67.1,Call,66,7/13/2018,21,3.25,3.33,3.4,3.65,674,195,3.46,43.50%,6/21/2018
AMAT,48.99,Call,51,7/13/2018,21,0.67,0.71,0.74,0.58,551,538,1.02,31.78%,6/21/2018
AGN,172.49,Call,180,7/13/2018,21,1.63,1.72,1.8,2.74,624,604,1.03,27.07%,6/21/2018
WMT,84.21,Call,84,7/13/2018,21,1.51,1.53,1.55,1.28,2013,983,2.05,17.54%,6/21/2018
CVX,122.59,Call,130,7/13/2018,21,0.4,0.42,0.44,0.38,647,280,2.31,21.32%,6/21/2018
SQ,67.1,Call,70,7/13/2018,21,1.6,1.63,1.65,1.77,508,373,1.36,44.03%,6/21/2018
NFLX,415.44,Put,400,7/13/2018,21,9.15,9.4,9.65,8.6,720,631,1.14,42.33%,6/21/2018
CLF,8.6,Call,9.5,7/13/2018,21,0.07,0.08,0.08,0.07,767,541,1.42,41.22%,6/21/2018
AAPL,185.46,Call,205,7/13/2018,21,0.1,0.12,0.13,0.11,1100,678,1.62,21.83%,6/21/2018
SHOP,164.54,Put,165,7/13/2018,21,6.8,7.25,7.7,4,946,926,1.02,46.22%,6/21/2018
NFLX,415.44,Call,415,7/13/2018,21,16.4,16.7,17,17.5,617,438,1.41,41.98%,6/21/2018
SQ,67.1,Call,75,7/13/2018,21,0.61,0.63,0.65,0.69,604,355,1.7,46.59%,6/21/2018
TECK,25.95,Call,34,7/6/2018,15,0,1.72,1.72,0.04,700,560,1.25,156.84%,6/20/2018
OCLR,8.73,Put,8.5,7/6/2018,15,0.05,0.13,0.2,0.15,512,500,1.02,34.45%,6/20/2018
ABC,93.21,Put,81,7/6/2018,15,0,0.15,0.15,0.1,555,448,1.24,39.69%,6/20/2018
AIG,54.25,Call,57,7/6/2018,15,0,0.07,0.07,0.24,1139,1016,1.12,15.76%,6/20/2018
ENDP,9.3,Call,7.5,7/6/2018,15,1.75,1.83,1.9,2,511,343,1.49,67.66%,6/20/2018
GLW,28.29,Put,26.5,7/6/2018,15,0.04,0.06,0.08,0.06,1046,983,1.06,26.54%,6/20/2018
BABA,202.21,Call,205,7/6/2018,14,3.35,3.4,3.45,3.5,1415,1208,1.17,28.93%,6/21/2018
GOOGL,1169.44,Call,1200,7/6/2018,14,8.3,8.6,8.9,8.72,533,434,1.23,21.66%,6/21/2018
SNAP,13.24,Put,12,7/6/2018,14,0.11,0.13,0.14,0.22,698,571,1.22,56.03%,6/21/2018
BABA,202.21,Call,202.5,7/6/2018,14,4.5,4.6,4.7,4.6,756,455,1.66,29.56%,6/21/2018
NFLX,415.44,Call,410,7/6/2018,14,16.25,16.53,16.8,17.08,805,573,1.4,43.39%,6/21/2018
MU,59.44,Put,59.5,7/6/2018,14,1.92,1.95,1.97,2.94,858,590,1.45,43.24%,6/21/2018
LUV,53.15,Call,52.5,7/6/2018,14,1.35,1.43,1.5,1.4,923,149,6.19,25.33%,6/21/2018
EBAY,38.01,Put,38,7/6/2018,14,0.66,0.7,0.73,0.69,1871,364,5.14,24.04%,6/21/2018
INTC,52.19,Call,54,7/6/2018,14,0.39,0.41,0.43,0.41,1404,908,1.55,25.82%,6/21/2018
FB,201.5,Put,202.5,7/6/2018,14,4.1,4.2,4.3,3.76,6343,6049,1.05,24.68%,6/21/2018
NFLX,415.44,Put,400,7/6/2018,14,6.6,6.8,7,6.25,562,397,1.42,43.01%,6/21/2018
LUV,53.15,Call,52,7/6/2018,14,1.65,1.75,1.85,1.73,521,203,2.57,25.60%,6/21/2018
AAPL,185.46,Call,187.5,7/6/2018,14,1.94,1.98,2.01,1.96,2201,1706,1.29,19.40%,6/21/2018
NFLX,415.44,Put,410,7/6/2018,14,10.4,10.63,10.85,10,531,319,1.66,42.79%,6/21/2018
SQ,67.1,Call,68,7/6/2018,14,1.81,1.84,1.87,2.1,716,443,1.62,44.10%,6/21/2018
GE,12.76,Call,12.5,7/6/2018,14,0.46,0.48,0.49,0.57,656,496,1.32,34.01%,6/21/2018
JD,40.82,Call,43.5,7/6/2018,14,0.28,0.29,0.3,0.49,872,582,1.5,36.77%,6/21/2018
JPM,107.51,Put,105,7/6/2018,14,0.98,1.01,1.04,0.96,3108,2153,1.44,25.60%,6/21/2018
CAT,139.53,Put,148,7/6/2018,14,8.85,9.03,9.2,6.8,715,692,1.03,29.21%,6/21/2018
TSLA,347.51,Call,520,7/6/2018,14,0.09,0.13,0.16,0.28,934,361,2.59,84.42%,6/21/2018
MSFT,101.14,Call,107,7/6/2018,14,0.09,0.11,0.12,0.17,2287,1385,1.65,19.34%,6/21/2018
AAPL,185.46,Put,195,7/6/2018,14,9.65,9.73,9.8,9.9,1102,256,4.3,19.37%,6/21/2018
TSLA,347.51,Call,355,7/6/2018,14,12.35,12.65,12.95,20.9,663,515,1.29,60.61%,6/21/2018
LL,26.16,Call,27.5,7/6/2018,14,0.3,0.4,0.5,0.7,1373,1202,1.14,45.21%,6/21/2018
MU,59.44,Call,59.5,7/6/2018,14,1.91,1.98,2.05,2.52,559,379,1.47,44.47%,6/21/2018
SQ,67.1,Call,66,7/6/2018,14,2.8,2.83,2.86,3.05,621,277,2.24,44.15%,6/21/2018
PYPL,85.97,Call,87,7/6/2018,14,1.33,1.36,1.38,1.34,740,710,1.04,27.64%,6/21/2018
NVDA,257.11,Call,262.5,7/6/2018,14,3.6,3.68,3.75,6.15,1024,843,1.21,30.28%,6/21/2018
PYPL,85.97,Call,86,7/6/2018,14,1.8,1.83,1.85,1.79,1287,840,1.53,27.99%,6/21/2018
SBUX,50.62,Call,53,7/6/2018,14,0.25,0.26,0.27,0.25,761,682,1.12,25.61%,6/21/2018
FB,201.5,Put,200,7/6/2018,14,2.96,3.03,3.1,2.74,733,522,1.4,25.10%,6/21/2018
CAT,139.53,Put,138,7/6/2018,14,2.37,2.48,2.59,2.41,1636,147,11.13,29.80%,6/21/2018
HFC,72,Call,79,7/6/2018,14,0.2,0.25,0.3,0.6,507,487,1.04,37.82%,6/21/2018
GLW,28.29,Put,26.5,6/29/2018,8,0,0.07,0.07,0.06,6542,5995,1.09,34.12%,6/20/2018
ROKU,45.37,Put,40,6/29/2018,8,0.15,0.2,0.25,0.14,506,329,1.54,77.01%,6/20/2018
ADM,46,Call,49,6/29/2018,8,0,0.03,0.03,0.03,1318,1144,1.15,25.19%,6/20/2018
C,67.63,Call,78,6/29/2018,8,0,0.02,0.02,0.09,4500,2680,1.68,45.39%,6/20/2018
SPLK,113.17,Put,119,6/29/2018,8,5.9,6.25,6.6,5.8,1010,1004,1.01,38.22%,6/20/2018
YNDX,35.36,Put,33,6/29/2018,8,0.1,0.15,0.2,0.25,1010,1002,1.01,49.43%,6/20/2018
HAL,44.92,Call,55,6/29/2018,8,0.01,0.02,0.03,0.03,614,477,1.29,70.60%,6/20/2018
OKE,68.78,Put,62.5,6/29/2018,8,0,0.15,0.15,0.1,800,369,2.17,44.96%,6/20/2018
AMTD,59.16,Put,57,6/29/2018,8,0.2,0.25,0.3,0.15,1500,243,6.17,32.86%,6/20/2018
TRN,33.4,Put,34,6/29/2018,8,0.85,0.9,0.95,0.55,812,800,1.02,32.28%,6/20/2018
EW,152.18,Call,148,6/29/2018,8,4.6,4.85,5.1,5.05,514,502,1.02,27.26%,6/20/2018
HCA,107.57,Put,104,6/29/2018,8,0.2,0.25,0.3,2.35,617,500,1.23,24.99%,6/20/2018
SQ,67.1,Put,68,6/29/2018,7,2.2,2.23,2.26,2.05,1319,650,2.03,50.83%,6/21/2018
AMZN,1730.22,Call,1780,6/29/2018,7,6.65,6.85,7.05,10,760,751,1.01,26.50%,6/21/2018
BB,11.7,Call,11.5,6/29/2018,7,0.63,0.65,0.66,0.66,544,511,1.06,83.82%,6/21/2018
CAT,139.53,Put,139,6/29/2018,7,2.2,2.28,2.35,2.15,640,116,5.52,33.21%,6/21/2018
SBUX,50.62,Call,52.5,6/29/2018,7,0.2,0.24,0.28,0.21,1193,460,2.59,30.63%,6/21/2018
ROKU,45.37,Call,48,6/29/2018,7,0.5,0.6,0.7,1.25,1519,1498,1.01,65.96%,6/21/2018
GOOGL,1169.44,Call,1180,6/29/2018,7,10.9,11.1,11.3,10.8,902,430,2.1,24.11%,6/21/2018
NFLX,415.44,Call,510,6/29/2018,7,0.11,0.13,0.14,0.28,1148,999,1.15,67.85%,6/21/2018
NFLX,415.44,Put,425,6/29/2018,7,15.85,16.1,16.35,15.6,1253,732,1.71,49.96%,6/21/2018
MCD,160.53,Call,162.5,6/29/2018,7,0.79,1.06,1.32,1.08,1589,712,2.23,20.81%,6/21/2018
FB,201.5,Call,205,6/29/2018,7,1.67,1.69,1.71,1.83,8975,5854,1.53,29.93%,6/21/2018
PM,79.47,Call,83.5,6/29/2018,7,0.09,0.11,0.12,0.22,522,240,2.18,27.39%,6/21/2018
GOOGL,1169.44,Call,1220,6/29/2018,7,2.3,2.35,2.4,2.4,2213,1029,2.15,25.27%,6/21/2018
CVX,122.59,Call,125,6/29/2018,7,0.88,0.92,0.96,0.95,1060,140,7.57,27.34%,6/21/2018
FB,201.5,Put,210,6/29/2018,7,8.95,9.03,9.1,9,2452,2291,1.07,30.17%,6/21/2018
WFC,54.37,Put,52.5,6/29/2018,7,0.23,0.27,0.31,0.28,3045,527,5.78,31.27%,6/21/2018
LUV,53.15,Call,52.5,6/29/2018,7,1.15,1.2,1.25,1.18,4535,548,8.28,28.19%,6/21/2018
SBUX,50.62,Put,49,6/29/2018,7,0.23,0.29,0.34,0.27,1677,815,2.06,31.60%,6/21/2018
BX,32.44,Call,32,6/29/2018,7,0.64,0.67,0.69,0.52,512,147,3.48,22.43%,6/21/2018
DAL,53.73,Call,55,6/29/2018,7,0.29,0.3,0.3,0.29,681,467,1.46,25.39%,6/21/2018
BABA,202.21,Call,205,6/29/2018,7,2.33,2.36,2.39,2.37,3343,3208,1.04,31.60%,6/21/2018
PYPL,85.97,Call,86,6/29/2018,7,1.42,1.46,1.49,1.48,849,466,1.82,33.13%,6/21/2018
GOOGL,1169.44,Put,1150,6/29/2018,7,7.5,7.85,8.2,7.8,562,198,2.84,24.72%,6/21/2018
AMZN,1730.22,Call,1800,6/29/2018,7,3.6,3.85,4.1,5.6,774,681,1.14,26.84%,6/21/2018
CMG,463.16,Call,460,6/29/2018,7,13.8,14.4,15,14.8,877,197,4.45,49.69%,6/21/2018
AAPL,185.46,Call,180,6/29/2018,7,6.1,6.18,6.25,6.2,1767,1597,1.11,24.76%,6/21/2018
TSLA,347.51,Call,360,6/29/2018,7,6.4,6.5,6.6,13.42,2413,1708,1.41,64.47%,6/21/2018
NFLX,415.44,Call,540,6/29/2018,7,0.03,0.05,0.06,0.1,1316,1300,1.01,75.07%,6/21/2018
NFLX,415.44,Call,400,6/29/2018,7,19.85,20.18,20.5,21.05,1672,1150,1.45,50.99%,6/21/2018
KEY,20.67,Call,21,6/29/2018,7,0.21,0.22,0.23,0.23,6974,1290,5.41,31.14%,6/21/2018
AMZN,1730.22,Call,1770,6/29/2018,7,8.75,9,9.25,13,576,389,1.48,26.38%,6/21/2018
JPM,107.51,Put,102,6/29/2018,7,0.17,0.2,0.23,0.18,3320,1252,2.65,32.01%,6/21/2018
AMD,15.65,Call,15.5,6/29/2018,7,0.59,0.6,0.61,1.22,4154,3154,1.32,65.17%,6/21/2018
EBAY,38.01,Put,37.5,6/29/2018,7,0.34,0.35,0.36,0.35,791,126,6.28,27.54%,6/21/2018
NFLX,415.44,Call,417.5,6/29/2018,7,9.55,9.7,9.85,10.85,1852,673,2.75,49.95%,6/21/2018
CRM,137.88,Put,140,6/29/2018,7,3.05,3.13,3.2,3,531,330,1.61,24.96%,6/21/2018
GM,41.12,Put,39,6/29/2018,7,0.09,0.1,0.11,0.07,3824,1489,2.57,34.64%,6/21/2018
TSLA,347.51,Call,357.5,6/29/2018,7,7.15,7.3,7.45,14.74,818,386,2.12,64.23%,6/21/2018
AMZN,1730.22,Call,1760,6/29/2018,7,11.6,11.83,12.05,16.83,942,615,1.53,26.47%,6/21/2018
TSLA,347.51,Call,365,6/29/2018,7,5.05,5.13,5.2,11.2,1214,977,1.24,65.02%,6/21/2018
ORCL,43.1,Call,44,6/29/2018,7,0.15,0.18,0.2,0.17,635,573,1.11,20.66%,6/21/2018
NFLX,415.44,Call,412.5,6/29/2018,7,12,12.23,12.45,13.39,670,250,2.68,50.17%,6/21/2018
NFLX,415.44,Call,425,6/29/2018,7,6.6,6.73,6.85,7.68,1397,850,1.64,50.22%,6/21/2018
INTC,52.19,Put,52.5,6/29/2018,7,1.04,1.07,1.09,1.07,898,818,1.1,31.55%,6/21/2018
REGN,329.04,Call,350,6/29/2018,7,1.35,1.58,1.8,1.8,2056,352,5.84,42.90%,6/21/2018
KMI,17.16,Put,17,6/29/2018,7,0.14,0.16,0.18,0.16,561,374,1.5,24.78%,6/21/2018
DWDP,65.28,Put,64.5,6/29/2018,7,0.63,0.66,0.68,0.7,600,335,1.79,28.07%,6/21/2018
TWTR,45.24,Put,46.5,6/29/2018,7,1.95,1.98,2,1.56,656,292,2.25,53.52%,6/21/2018
GE,12.76,Put,11.5,6/29/2018,7,0.02,0.03,0.04,0.03,1344,1221,1.1,56.74%,6/21/2018
CSCO,43.16,Call,44.5,6/29/2018,7,0.09,0.11,0.12,0.1,1574,1388,1.13,21.45%,6/21/2018
FB,201.5,Call,202.5,6/29/2018,7,2.64,2.67,2.7,2.84,5677,2334,2.43,30.17%,6/21/2018
AAPL,185.46,Call,187.5,6/29/2018,7,1.37,1.39,1.4,1.36,7718,6125,1.26,21.69%,6/21/2018
AAPL,185.46,Put,160,6/29/2018,7,0.02,0.03,0.04,0.03,520,299,1.74,44.74%,6/21/2018
NFLX,415.44,Put,415,6/29/2018,7,10.1,10.28,10.45,9.81,941,405,2.32,49.72%,6/21/2018
NBR,6.24,Call,7,6/29/2018,7,0,0.06,0.06,0.05,2016,309,6.52,65.81%,6/21/2018
AMZN,1730.22,Call,1765,6/29/2018,7,10.1,10.48,10.85,14.9,590,263,2.24,26.60%,6/21/2018
FB,201.5,Put,205,6/29/2018,7,5,5.08,5.15,4.8,1054,768,1.37,29.39%,6/21/2018
NFLX,415.44,Put,410,6/29/2018,7,7.85,7.98,8.1,7.7,1213,535,2.27,49.88%,6/21/2018
CCL,62.4,Put,62,6/29/2018,7,1.1,1.2,1.3,1.2,913,277,3.3,40.79%,6/21/2018
SBUX,50.62,Put,50,6/29/2018,7,0.53,0.57,0.61,0.54,1176,500,2.35,30.64%,6/21/2018
NFLX,415.44,Put,385,6/29/2018,7,1.71,1.79,1.86,1.67,840,719,1.17,53.09%,6/21/2018
M,39.32,Put,40,6/29/2018,7,1.18,1.19,1.2,1.13,600,458,1.31,40.09%,6/21/2018
NFLX,415.44,Put,407.5,6/29/2018,7,6.85,6.98,7.1,6.7,816,545,1.5,50.00%,6/21/2018
SBUX,50.62,Call,54,6/29/2018,7,0.07,0.1,0.13,0.1,520,503,1.03,34.23%,6/21/2018
T,31.6,Call,31.5,6/29/2018,7,0.41,0.43,0.45,0.7,587,573,1.02,23.09%,6/21/2018
FB,201.5,Put,200,6/29/2018,7,2.37,2.39,2.41,2.13,2390,1639,1.46,30.28%,6/21/2018
CAT,139.53,Call,145,6/29/2018,7,0.68,0.73,0.78,0.81,623,274,2.27,32.89%,6/21/2018
FB,201.5,Call,195,6/29/2018,7,7.5,7.6,7.7,7.9,4364,3730,1.17,33.00%,6/21/2018
EBAY,38.01,Put,39,6/29/2018,7,1.16,1.17,1.18,1.2,800,692,1.16,25.85%,6/21/2018
WHR,143.98,Call,150,6/29/2018,7,0.34,0.39,0.43,0.37,1539,1523,1.01,26.94%,6/21/2018
CHK,4.87,Put,5,6/29/2018,7,0.26,0.27,0.27,0.27,913,328,2.78,71.28%,6/21/2018
PYPL,85.97,Call,87,6/29/2018,7,0.93,0.98,1.02,0.99,972,839,1.16,32.12%,6/21/2018
LVS,79.4,Put,78,6/29/2018,7,0.57,0.62,0.66,0.53,2292,396,5.79,27.51%,6/21/2018
SKX,30.37,Call,30.5,6/29/2018,7,0.5,0.58,0.65,0.65,1173,1022,1.15,37.64%,6/21/2018
NFLX,415.44,Put,412.5,6/29/2018,7,8.9,9.05,9.2,8.8,785,175,4.49,49.67%,6/21/2018
SKX,30.37,Call,30.5,6/29/2018,7,0.5,0.58,0.65,0.65,1173,1022,1.15,37.64%,6/21/2018
NFLX,415.44,Put,412.5,6/29/2018,7,8.9,9.05,9.2,8.8,785,175,4.49,49.67%,6/21/2018
AMZN,1730.22,Put,1650,6/29/2018,7,4.3,4.43,4.55,1.93,868,802,1.08,32.56%,6/21/2018
FB,201.5,Call,210,6/29/2018,7,0.6,0.62,0.64,0.7,1729,1530,1.13,30.66%,6/21/2018
SQ,67.1,Put,66,6/29/2018,7,1.2,1.22,1.24,1.13,934,631,1.48,50.62%,6/21/2018
C,67.63,Call,66,6/29/2018,7,2.03,2.07,2.1,2.05,815,686,1.19,30.37%,6/21/2018
GOOGL,1169.44,Call,1210,6/29/2018,7,3.3,3.5,3.7,3.4,2115,344,6.15,24.75%,6/21/2018
INTC,52.19,Call,53,6/29/2018,7,0.53,0.56,0.58,0.55,4361,1371,3.18,30.82%,6/21/2018
CZR,11.35,Call,12,6/29/2018,7,0,0.1,0.1,0.07,503,150,3.35,38.97%,6/21/2018
HAL,44.92,Call,45,6/29/2018,7,0.82,0.83,0.84,1.19,1802,351,5.13,37.52%,6/21/2018
FDX,246.72,Put,242.5,6/29/2018,7,1.82,1.92,2.01,2.1,560,485,1.15,27.19%,6/21/2018
PM,79.47,Call,82.5,6/29/2018,7,0.17,0.19,0.2,0.23,600,521,1.15,26.21%,6/21/2018
AMZN,1730.22,Put,1750,6/29/2018,7,33.9,34.3,34.7,20.15,631,321,1.97,26.34%,6/21/2018
HPE,15.42,Put,15.5,6/29/2018,7,0.26,0.29,0.32,0.42,2843,2806,1.01,31.70%,6/21/2018
NFLX,415.44,Call,440,6/29/2018,7,3,3.08,3.15,3.78,1721,1540,1.12,51.87%,6/21/2018
NFLX,415.44,Call,415,6/29/2018,7,10.7,10.9,11.1,12,2741,1032,2.66,49.99%,6/21/2018
TSLA,347.51,Call,355,6/29/2018,7,8,8.13,8.25,16.5,815,583,1.4,63.69%,6/21/2018
BABA,202.21,Call,200,6/29/2018,7,4.8,4.88,4.95,4.9,1643,1057,1.55,32.59%,6/21/2018
INTC,52.19,Put,50,6/29/2018,7,0.24,0.26,0.27,0.26,11145,691,16.13,35.14%,6/21/2018
NVDA,257.11,Call,262.5,6/29/2018,7,2.45,2.51,2.56,4.96,608,571,1.06,35.29%,6/21/2018
AAPL,185.46,Call,185,6/29/2018,7,2.53,2.56,2.59,2.55,3480,3043,1.14,22.35%,6/21/2018
CMCSA,32.79,Put,33,6/29/2018,7,0.65,0.79,0.92,0.8,2047,775,2.64,37.51%,6/21/2018
AAPL,185.46,Call,190,6/29/2018,7,0.67,0.68,0.69,0.68,33272,11505,2.89,21.61%,6/21/2018
CMG,463.16,Call,465,6/29/2018,7,11.4,11.95,12.5,12.3,782,255,3.07,49.82%,6/21/2018
TSLA,347.51,Call,450,6/29/2018,7,0.12,0.16,0.2,0.45,835,698,1.2,87.38%,6/21/2018
INTC,52.19,Call,53.5,6/29/2018,7,0.37,0.39,0.41,0.43,1702,1225,1.39,30.51%,6/21/2018
MS,49.79,Put,47,6/29/2018,7,0.11,0.12,0.13,0.16,1960,1511,1.3,36.75%,6/21/2018
SQ,67.1,Call,68.5,6/29/2018,7,1.17,1.2,1.22,1.54,548,370,1.48,51.95%,6/21/2018
FB,201.5,Put,197.5,6/29/2018,7,1.55,1.57,1.58,1.36,2157,1623,1.33,31.30%,6/21/2018
FDX,246.72,Put,240,6/29/2018,7,1.17,1.26,1.35,1.24,582,237,2.46,27.62%,6/21/2018
NVDA,257.11,Call,275,6/29/2018,7,0.33,0.36,0.39,1.07,2379,1984,1.2,35.09%,6/21/2018
SBUX,50.62,Put,51,6/29/2018,7,0.95,1.08,1.2,0.97,654,385,1.7,31.45%,6/21/2018
BK,57.15,Put,57,6/29/2018,7,0.63,0.66,0.68,0.56,3103,3015,1.03,23.38%,6/21/2018
NFLX,415.44,Call,405,6/29/2018,7,16.5,16.75,17,17.86,1901,1247,1.52,50.74%,6/21/2018
NFLX,415.44,Call,475,6/29/2018,7,0.52,0.57,0.61,0.87,684,552,1.24,59.91%,6/21/2018
NFLX,415.44,Call,420,6/29/2018,7,8.45,8.6,8.75,9.76,4317,1938,2.23,49.95%,6/21/2018
SQ,67.1,Call,70,6/29/2018,7,0.75,0.77,0.79,0.97,1526,555,2.75,53.26%,6/21/2018
INTC,52.19,Call,52.5,6/29/2018,7,0.77,0.78,0.79,0.77,1786,442,4.04,31.76%,6/21/2018
ROKU,45.37,Call,47,6/29/2018,7,0.85,0.93,1,1.65,525,494,1.06,67.98%,6/21/2018
GE,12.76,Call,12.5,6/29/2018,7,0.41,0.42,0.42,0.52,1008,763,1.32,40.60%,6/21/2018
SBUX,50.62,Call,52,6/29/2018,7,0.32,0.35,0.38,0.33,1367,760,1.8,30.55%,6/21/2018
SQ,67.1,Call,68,6/29/2018,7,1.36,1.38,1.4,1.69,833,717,1.16,51.68%,6/21/2018
MRO,19.92,Call,21,6/29/2018,7,0.2,0.23,0.25,0.22,1047,781,1.34,54.79%,6/21/2018
NFLX,415.44,Call,435,6/29/2018,7,3.9,4,4.1,4.87,1132,831,1.36,51.13%,6/21/2018
GS,226.98,Call,225,6/29/2018,7,4.4,4.48,4.55,5.3,966,835,1.16,28.99%,6/21/2018
SQ,67.1,Call,69,6/29/2018,7,1,1.03,1.06,1.27,684,314,2.18,52.22%,6/21/2018
WFC,54.37,Put,53,6/29/2018,7,0.35,0.4,0.44,0.36,1425,418,3.41,31.33%,6/21/2018
NFLX,415.44,Put,405,6/29/2018,7,5.95,6.05,6.15,5.85,1524,811,1.88,50.05%,6/21/2018
GOOGL,1169.44,Call,1175,6/29/2018,7,12.6,12.95,13.3,12.9,853,817,1.04,23.76%,6/21/2018
AMZN,1730.22,Put,1740,6/29/2018,7,28.05,28.43,28.8,15.49,501,298,1.68,26.50%,6/21/2018
AMZN,1730.22,Call,1750,6/29/2018,7,14.95,15.23,15.5,21.65,2038,568,3.59,26.53%,6/21/2018
DB,10.89,Put,10.5,6/29/2018,7,0.1,0.14,0.18,0.13,558,198,2.82,50.15%,6/21/2018
BB,11.7,Put,10.5,6/29/2018,7,0.12,0.13,0.14,0.12,598,101,5.92,86.10%,6/21/2018
BB,11.7,Put,11.5,6/29/2018,7,0.43,0.45,0.46,0.45,662,304,2.18,84.48%,6/21/2018
DE,142.01,Put,148,6/29/2018,7,7,7.28,7.55,7.2,719,515,1.4,47.70%,6/21/2018
FB,201.5,Call,200,6/29/2018,7,3.95,4.03,4.1,4.24,5958,4235,1.41,31.01%,6/21/2018
FB,201.5,Put,202.5,6/29/2018,7,3.5,3.58,3.65,3.21,1695,960,1.77,29.85%,6/21/2018
NFLX,415.44,Put,392.5,6/29/2018,7,2.77,2.85,2.93,2.8,924,910,1.02,51.48%,6/21/2018
JD,40.82,Put,40,6/29/2018,7,0.5,0.52,0.53,0.34,1931,971,1.99,42.03%,6/21/2018
FB,201.5,Put,207.5,6/29/2018,7,6.85,6.93,7,6.55,650,265,2.45,29.57%,6/21/2018
NVDA,257.11,Call,270,6/29/2018,7,0.76,0.81,0.86,2.04,3067,2630,1.17,34.62%,6/21/2018
GOOGL,1169.44,Call,1200,6/29/2018,7,5,5.2,5.4,5,4596,2594,1.77,24.35%,6/21/2018
BABA,202.21,Call,202.5,6/29/2018,7,3.4,3.45,3.5,3.45,1553,806,1.93,31.83%,6/21/2018
NVDA,257.11,Call,265,6/29/2018,7,1.7,1.75,1.79,3.75,6566,3382,1.94,34.77%,6/21/2018
NFLX,415.44,Put,395,6/29/2018,7,3.25,3.35,3.45,3.11,965,934,1.03,51.21%,6/21/2018
CF,44.91,Call,46.5,6/29/2018,7,0.37,0.41,0.44,0.41,564,500,1.13,39.66%,6/21/2018
NFLX,415.44,Call,430,6/29/2018,7,5.1,5.2,5.3,6.1,2248,1772,1.27,50.58%,6/21/2018
TWTR,45.24,Call,46,6/29/2018,7,0.89,0.91,0.92,1.44,1425,1396,1.02,53.26%,6/21/2018
CELG,79.14,Call,80,6/29/2018,7,0.82,0.86,0.89,0.85,1006,865,1.16,27.89%,6/21/2018
CVX,122.59,Call,126,6/29/2018,7,0.57,0.62,0.66,0.65,1062,402,2.64,26.58%,6/21/2018
LUV,53.15,Call,53.5,6/29/2018,7,0.6,0.63,0.65,0.64,2461,2085,1.18,26.45%,6/21/2018
NFLX,415.44,Put,400,6/29/2018,7,4.45,4.53,4.6,4.45,3159,1835,1.72,50.50%,6/21/2018
INTC,52.19,Call,52,6/29/2018,7,1.02,1.04,1.05,1.02,777,554,1.4,32.21%,6/21/2018
HUM,298.67,Put,260,6/22/2018,1,0,0.1,0.1,0.15,602,485,1.24,112.23%,6/20/2018
AA,44.81,Put,43,6/22/2018,1,0,0.05,0.05,0.31,1190,1123,1.06,48.77%,6/20/2018
GLW,28.29,Put,26,6/22/2018,1,0,0.03,0.03,0.04,822,759,1.08,86.66%,6/20/2018
AMTD,59.16,Put,58,6/22/2018,1,0,0.1,0.1,0.05,2625,405,6.48,30.86%,6/20/2018
AGN,172.49,Put,185,6/22/2018,1,12.2,12.58,12.95,7.1,1177,261,4.51,70.65%,6/20/2018
HPQ,23.5,Put,21,6/22/2018,1,0,0.02,0.02,0.01,5000,1857,2.69,106.49%,6/20/2018
TGT,76.14,Call,74,6/22/2018,1,2.09,2.16,2.22,1.53,716,340,2.11,28.19%,6/20/2018
PM,79.47,Call,86,6/22/2018,1,0,0.04,0.04,0.04,840,213,3.94,71.74%,6/20/2018
TIF,135,Call,143,6/22/2018,1,0,0.05,0.05,0.19,1608,567,2.84,52.44%,6/20/2018
QCOM,58.75,Call,52,6/22/2018,1,4.5,6.83,9.15,7.9,4954,968,5.12,137.12%,6/20/2018
IONS,42.17,Put,46,6/22/2018,1,3.7,3.85,4,3.45,2150,1628,1.32,87.44%,6/20/2018
HPE,15.42,Put,16,6/22/2018,1,0.56,0.59,0.62,0.78,5405,841,6.43,46.49%,6/20/2018
ACAD,15.95,Put,16.5,6/22/2018,1,0,4.3,4.3,0.5,564,553,1.02,551.72%,6/20/2018
AMZN,1730.22,Put,1717.5,6/22/2018,0,3.85,4.08,4.3,1.76,858,605,1.42,25.22%,6/21/2018
GOOGL,1169.44,Put,1177.5,6/22/2018,0,10.6,10.9,11.2,11.43,923,276,3.34,24.82%,6/21/2018
MSFT,101.14,Put,103,6/22/2018,0,1.88,1.9,1.91,1.24,1931,1158,1.67,23.72%,6/21/2018
FB,201.5,Put,197.5,6/22/2018,0,0.17,0.19,0.2,0.36,13017,5456,2.39,31.88%,6/21/2018
AMZN,1730.22,Put,1697.5,6/22/2018,0,1.29,1.39,1.49,0.91,580,490,1.18,29.64%,6/21/2018
AMZN,1730.22,Put,1645,6/22/2018,0,0.23,0.44,0.65,0.34,1045,604,1.73,49.83%,6/21/2018
EBAY,38.01,Put,38.5,6/22/2018,0,0.56,0.59,0.61,0.6,2353,683,3.45,34.40%,6/21/2018
SQ,67.1,Put,67,6/22/2018,0,0.62,0.65,0.68,0.72,615,318,1.93,50.04%,6/21/2018
BABA,202.21,Put,200,6/22/2018,0,0.55,0.58,0.6,0.57,4563,4501,1.01,33.74%,6/21/2018
JD,40.82,Put,42,6/22/2018,0,1.2,1.23,1.26,0.78,1552,1175,1.32,44.59%,6/21/2018
LUV,53.15,Call,52.5,6/22/2018,0,0.75,0.83,0.9,0.74,5366,4741,1.13,38.12%,6/21/2018
SQ,67.1,Call,66,6/22/2018,0,1.33,1.39,1.45,1.98,1636,1528,1.07,50.75%,6/21/2018
INTC,52.19,Call,53,6/22/2018,0,0.08,0.11,0.13,0.1,10299,2109,4.88,34.57%,6/21/2018
CMG,463.16,Call,465,6/22/2018,0,1.95,2.18,2.4,2.3,961,209,4.6,30.92%,6/21/2018
INTC,52.19,Call,52,6/22/2018,0,0.5,0.51,0.52,0.5,2244,1373,1.63,37.36%,6/21/2018
GOOGL,1169.44,Put,1162.5,6/22/2018,0,3.2,3.35,3.5,3.4,602,232,2.59,25.61%,6/21/2018
AMZN,1730.22,Call,1735,6/22/2018,0,5.85,6.13,6.4,19.3,1099,852,1.29,22.83%,6/21/2018
NFLX,415.44,Put,417.5,6/22/2018,0,4.85,5.13,5.4,5.86,2558,723,3.54,46.27%,6/21/2018
LRCX,176.05,Call,180,6/22/2018,0,0.25,0.33,0.4,0.25,2961,898,3.3,42.15%,6/21/2018
BB,11.7,Call,15,6/22/2018,0,0.01,0.02,0.03,0.02,682,327,2.09,251.69%,6/21/2018
GOOGL,1169.44,Put,1175,6/22/2018,0,9,9.25,9.5,9.67,1281,309,4.15,24.97%,6/21/2018
BB,11.7,Call,12,6/22/2018,0,0.32,0.34,0.35,0.35,3369,1386,2.43,189.86%,6/21/2018
GOOGL,1169.44,Put,1180,6/22/2018,0,12.3,12.65,13,12.79,882,487,1.81,24.44%,6/21/2018
SBUX,50.62,Put,51.5,6/22/2018,0,0.93,1.1,1.26,0.96,1770,672,2.63,51.42%,6/21/2018
COP,65.11,Call,66,6/22/2018,0,0.31,0.35,0.38,0.31,945,130,7.27,51.20%,6/21/2018
VLO,111.22,Call,115,6/22/2018,0,0.07,0.12,0.17,0.16,594,570,1.04,47.82%,6/21/2018
SQ,67.1,Put,69,6/22/2018,0,1.98,2.03,2.08,1.86,625,599,1.04,50.33%,6/21/2018
AMZN,1730.22,Put,1720,6/22/2018,0,4.5,4.75,5,1.9,3157,1949,1.62,24.93%,6/21/2018
AMZN,1730.22,Call,1790,6/22/2018,0,0.1,0.21,0.32,1.18,3871,1931,2,31.47%,6/21/2018
AMZN,1730.22,Call,1780,6/22/2018,0,0.14,0.23,0.32,1.9,4897,2063,2.37,27.42%,6/21/2018
NFLX,415.44,Put,415,6/22/2018,0,3.6,3.7,3.8,4.64,5872,1550,3.79,45.29%,6/21/2018
TWTR,45.24,Call,46.5,6/22/2018,0,0.08,0.09,0.09,0.52,7201,3709,1.94,48.86%,6/21/2018
SQ,67.1,Call,68,6/22/2018,0,0.32,0.35,0.37,0.77,1930,1178,1.64,49.94%,6/21/2018
MGM,30.31,Call,30.5,6/22/2018,0,0.12,0.13,0.14,0.14,991,584,1.7,33.23%,6/21/2018
WDC,80.89,Put,82,6/22/2018,0,1.33,1.38,1.43,1.33,1045,487,2.15,40.63%,6/21/2018
GOOGL,1169.44,Call,1170,6/22/2018,0,5.7,5.85,6,6,2341,1063,2.2,24.96%,6/21/2018
ORCL,43.1,Call,44,6/22/2018,0,0.01,0.03,0.04,0.03,2689,2124,1.27,28.56%,6/21/2018
SBUX,50.62,Call,52.5,6/22/2018,0,0.02,0.04,0.05,0.04,1219,1095,1.11,45.89%,6/21/2018
UPS,113.42,Call,114,6/22/2018,0,0.33,0.35,0.36,0.33,3669,310,11.84,24.76%,6/21/2018
CAT,139.53,Call,142,6/22/2018,0,0.3,0.35,0.39,0.35,1467,140,10.48,40.60%,6/21/2018
NVDA,257.11,Call,267.5,6/22/2018,0,0.06,0.07,0.08,0.65,6520,5183,1.26,40.80%,6/21/2018
AGN,172.49,Put,172.5,6/22/2018,0,1.07,1.16,1.25,0.7,901,831,1.08,32.19%,6/21/2018
GOOG,1157.66,Call,1200,6/22/2018,0,0.05,0.13,0.2,0.1,958,924,1.04,32.44%,6/21/2018
X,35.4,Call,35,6/22/2018,0,0.6,0.62,0.63,0.91,2236,1608,1.39,51.82%,6/21/2018
WYNN,172,Call,172.5,6/22/2018,0,0.94,1.01,1.07,0.97,2554,342,7.47,34.34%,6/21/2018
NFLX,415.44,Put,397.5,6/22/2018,0,0.28,0.32,0.35,0.56,2925,1772,1.65,54.95%,6/21/2018
GOOG,1157.66,Call,1160,6/22/2018,0,4.6,4.85,5.1,4.7,731,521,1.4,24.47%,6/21/2018
BP,44.16,Put,44,6/22/2018,0,0.23,0.28,0.32,0.3,1413,157,9,38.04%,6/21/2018
INTC,52.19,Put,53,6/22/2018,0,0.89,0.91,0.93,0.94,4213,3008,1.4,34.28%,6/21/2018
AAPL,185.46,Call,185,6/22/2018,0,1.1,1.11,1.12,1.12,21041,5683,3.7,22.10%,6/21/2018
MA,200.78,Call,205,6/22/2018,0,0,0.06,0.06,0.26,2212,899,2.46,21.60%,6/21/2018
EBAY,38.01,Call,40,6/22/2018,0,0,0.02,0.02,0.02,593,575,1.03,50.03%,6/21/2018
TSLA,347.51,Call,357.5,6/22/2018,0,1.21,1.27,1.32,8.95,3135,1147,2.73,63.10%,6/21/2018
TSLA,347.51,Put,362.5,6/22/2018,0,15.1,15.58,16.05,6.85,1349,653,2.07,64.41%,6/21/2018
NFLX,415.44,Call,425,6/22/2018,0,0.91,0.96,1,2.73,3847,2211,1.74,46.29%,6/21/2018
BABA,202.21,Call,202.5,6/22/2018,0,1.14,1.19,1.23,1.2,4845,2669,1.82,31.24%,6/21/2018
TEVA,24.01,Call,23,6/22/2018,0,1.02,1.04,1.05,1.21,1586,1005,1.58,57.23%,6/21/2018
TSLA,347.51,Call,370,6/22/2018,0,0.27,0.29,0.31,3.75,5810,5140,1.13,73.02%,6/21/2018
GOOG,1157.66,Call,1175,6/22/2018,0,0.6,0.8,1,0.8,512,444,1.15,23.52%,6/21/2018
AMZN,1730.22,Call,1752.5,6/22/2018,0,1.49,1.64,1.78,9.08,1924,643,2.99,23.36%,6/21/2018
PM,79.47,Call,79,6/22/2018,0,0.63,0.69,0.75,2.6,542,204,2.66,24.79%,6/21/2018
MA,200.78,Put,200,6/22/2018,0,0.6,0.66,0.71,0.48,984,942,1.04,23.92%,6/21/2018
ORCL,43.1,Put,43.5,6/22/2018,0,0.42,0.45,0.48,0.41,2123,1959,1.08,20.77%,6/21/2018
SBUX,50.62,Put,51,6/22/2018,0,0.57,0.63,0.69,0.6,2317,685,3.38,39.05%,6/21/2018
INTC,52.19,Put,52,6/22/2018,0,0.3,0.32,0.33,0.32,2642,1782,1.48,37.14%,6/21/2018
NFLX,415.44,Call,470,6/22/2018,0,0,0.03,0.03,0.13,1215,1180,1.03,84.26%,6/21/2018
TSLA,347.51,Put,345,6/22/2018,0,3.05,3.2,3.35,1.26,3029,2139,1.42,60.13%,6/21/2018
AMZN,1730.22,Call,1747.5,6/22/2018,0,2.3,2.47,2.63,12.14,698,362,1.93,23.16%,6/21/2018
ORCL,43.1,Call,43.5,6/22/2018,0,0.06,0.07,0.08,0.08,3663,2284,1.6,23.46%,6/21/2018
KMX,71.05,Call,75,6/22/2018,0,0.45,0.55,0.65,0.65,756,296,2.55,125.19%,6/21/2018
TSLA,347.51,Put,357.5,6/22/2018,0,10.95,11.28,11.6,4.52,1463,810,1.81,63.85%,6/21/2018
AMZN,1730.22,Put,1735,6/22/2018,0,10.65,11,11.35,4.4,1541,995,1.55,23.35%,6/21/2018
TWTR,45.24,Call,46,6/22/2018,0,0.16,0.17,0.18,0.7,5274,3892,1.36,47.37%,6/21/2018
GOOGL,1169.44,Put,1160,6/22/2018,0,2.55,2.75,2.95,2.85,956,577,1.66,26.36%,6/21/2018
TWTR,45.24,Put,47,6/22/2018,0,1.79,1.86,1.93,1.27,2065,1426,1.45,64.81%,6/21/2018
AMZN,1730.22,Call,1800,6/22/2018,0,0.05,0.15,0.24,0.77,2235,1822,1.23,33.98%,6/21/2018
INTC,52.19,Put,51,6/22/2018,0,0.06,0.08,0.09,0.08,1094,800,1.37,40.25%,6/21/2018
NFLX,415.44,Call,432.5,6/22/2018,0,0.27,0.3,0.32,1.29,1185,481,2.46,49.83%,6/21/2018
NFLX,415.44,Put,420,6/22/2018,0,6.4,6.65,6.9,7.45,2891,784,3.69,45.58%,6/21/2018
GOOGL,1169.44,Call,1205,6/22/2018,0,0,0.25,0.25,0.15,1275,1093,1.17,27.75%,6/21/2018
BB,11.7,Put,10.5,6/22/2018,0,0.06,0.08,0.09,0.09,1508,153,9.86,188.19%,6/21/2018
PYPL,85.97,Call,87,6/22/2018,0,0.24,0.27,0.29,0.36,848,826,1.03,36.20%,6/21/2018
BIDU,260.5,Put,260,6/22/2018,0,1.25,1.4,1.54,1.28,1626,924,1.76,30.16%,6/21/2018
AMZN,1730.22,Put,1715,6/22/2018,0,3.3,3.5,3.7,1.56,1764,1673,1.05,25.57%,6/21/2018
NFLX,415.44,Call,435,6/22/2018,0,0.16,0.2,0.23,1.02,2018,1112,1.81,50.91%,6/21/2018
FB,201.5,Call,205,6/22/2018,0,0.2,0.22,0.24,0.55,20551,9661,2.13,29.92%,6/21/2018
FB,201.5,Put,205,6/22/2018,0,3.65,3.7,3.75,3.5,2785,1227,2.27,29.51%,6/21/2018
LRCX,176.05,Call,177.5,6/22/2018,0,0.8,0.88,0.95,0.88,1248,1172,1.06,40.25%,6/21/2018
AMZN,1730.22,Put,1757.5,6/22/2018,0,26.85,27.85,28.85,13.95,716,327,2.19,20.90%,6/21/2018
CAT,139.53,Call,140,6/22/2018,0,0.88,0.95,1.01,1.14,773,297,2.6,39.81%,6/21/2018
NVDA,257.11,Call,262.5,6/22/2018,0,0.23,0.27,0.3,2.35,4835,2973,1.63,33.46%,6/21/2018
NFLX,415.44,Call,417.5,6/22/2018,0,2.91,3.03,3.15,5.35,5786,2012,2.88,45.61%,6/21/2018
TWTR,45.24,Put,46.5,6/22/2018,0,1.34,1.37,1.39,0.9,1669,1318,1.27,52.84%,6/21/2018
SQ,67.1,Call,69,6/22/2018,0,0.14,0.16,0.17,0.49,1920,1477,1.3,52.90%,6/21/2018
NFLX,415.44,Call,415,6/22/2018,0,4,4.13,4.25,6.5,12030,2505,4.8,44.87%,6/21/2018
BB,11.7,Call,11.5,6/22/2018,0,0.53,0.57,0.6,0.57,541,290,1.87,189.05%,6/21/2018
CELG,79.14,Call,79,6/22/2018,0,0.53,0.57,0.61,0.5,984,669,1.47,29.96%,6/21/2018
CMG,463.16,Put,460,6/22/2018,0,1.25,1.5,1.75,1.35,614,334,1.84,29.15%,6/21/2018
GOOGL,1169.44,Call,1175,6/22/2018,0,3.6,3.85,4.1,3.53,1114,835,1.33,25.40%,6/21/2018
INTC,52.19,Call,51.5,6/22/2018,0,0.83,0.85,0.87,1.04,698,220,3.17,38.33%,6/21/2018
EBAY,38.01,Put,39,6/22/2018,0,0.99,1.02,1.04,1.01,3607,839,4.3,35.39%,6/21/2018
AMZN,1730.22,Put,1675,6/22/2018,0,0.61,0.71,0.8,0.5,1540,1506,1.02,37.76%,6/21/2018
SNAP,13.24,Put,12.5,6/22/2018,0,0.01,0.02,0.02,0.14,5221,4666,1.12,73.92%,6/21/2018
FB,201.5,Put,195,6/22/2018,0,0.08,0.09,0.09,0.16,6340,4038,1.57,38.36%,6/21/2018
HPQ,23.5,Put,23.5,6/22/2018,0,0.11,0.12,0.13,0.21,1846,1541,1.2,24.58%,6/21/2018
TWTR,45.24,Put,46,6/22/2018,0,0.93,0.96,0.98,0.61,9915,7087,1.4,50.91%,6/21/2018
SBUX,50.62,Put,49,6/22/2018,0,0.04,0.05,0.06,0.05,1091,481,2.27,46.30%,6/21/2018
INTC,52.19,Put,51.5,6/22/2018,0,0.15,0.16,0.17,0.14,3278,964,3.4,38.63%,6/21/2018
SPOT,179.53,Call,180,6/22/2018,0,1.6,1.68,1.75,0.85,726,446,1.63,50.52%,6/21/2018
AGN,172.49,Put,175,6/22/2018,0,2.56,2.81,3.05,1.43,844,804,1.05,31.58%,6/21/2018
LUV,53.15,Call,50,6/22/2018,0,3.1,3.2,3.3,2.98,1617,222,7.28,73.55%,6/21/2018
BA,337.66,Put,337.5,6/22/2018,0,1.98,2.12,2.26,2.17,873,447,1.95,31.32%,6/21/2018
AMZN,1730.22,Put,1760,6/22/2018,0,29.9,30.6,31.3,16,1763,505,3.49,24.16%,6/21/2018
FB,201.5,Call,200,6/22/2018,0,2.08,2.11,2.13,2.88,17085,6829,2.5,28.67%,6/21/2018
SQ,67.1,Put,65,6/22/2018,0,0.1,0.12,0.13,0.19,550,507,1.08,53.11%,6/21/2018
SQ,67.1,Call,70,6/22/2018,0,0.08,0.09,0.1,0.26,1003,869,1.15,60.20%,6/21/2018
CVX,122.59,Call,124,6/22/2018,0,0.37,0.42,0.46,0.42,2198,1217,1.81,37.20%,6/21/2018
TSLA,347.51,Call,367.5,6/22/2018,0,0.36,0.38,0.4,4.58,2398,1262,1.9,70.75%,6/21/2018
X,35.4,Put,35,6/22/2018,0,0.2,0.21,0.22,0.24,1242,895,1.39,51.34%,6/21/2018
NVDA,257.11,Call,260,6/22/2018,0,0.68,0.7,0.72,3.85,3824,2124,1.8,32.99%,6/21/2018
FDX,246.72,Call,247.5,6/22/2018,0,0.63,0.73,0.82,0.68,1499,1053,1.42,20.64%,6/21/2018
TSLA,347.51,Call,392.5,6/22/2018,0,0.05,0.09,0.13,0.72,817,717,1.14,104.20%,6/21/2018
CVX,122.59,Call,123,6/22/2018,0,0.75,0.8,0.85,0.83,1663,456,3.65,38.56%,6/21/2018
AMZN,1730.22,Call,1750,6/22/2018,0,1.84,2.01,2.17,10.4,6916,2347,2.95,23.22%,6/21/2018
SBUX,50.62,Call,51,6/22/2018,0,0.2,0.23,0.26,0.23,1918,200,9.59,36.76%,6/21/2018
MU,59.44,Call,61,6/22/2018,0,0.1,0.12,0.14,1.13,11618,10235,1.14,48.11%,6/21/2018
TSRO,45.75,Call,45,6/22/2018,0,0.75,1.43,2.1,2.63,541,235,2.3,106.01%,6/21/2018
LUV,53.15,Call,51,6/22/2018,0,2.1,2.2,2.3,2.1,983,494,1.99,54.12%,6/21/2018
SBUX,50.62,Put,50.5,6/22/2018,0,0.28,0.32,0.35,0.33,1033,889,1.16,35.34%,6/21/2018
GOOGL,1169.44,Call,1180,6/22/2018,0,2.1,2.3,2.5,2.1,2305,2146,1.07,25.21%,6/21/2018
AMZN,1730.22,Call,1840,6/22/2018,0,0.01,0.11,0.21,0.27,1112,949,1.17,48.22%,6/21/2018
AMZN,1730.22,Call,1740,6/22/2018,0,4.15,4.35,4.55,16.9,2625,1395,1.88,22.94%,6/21/2018
WDC,80.89,Put,79.5,6/22/2018,0,0.23,0.25,0.26,0.24,1314,1287,1.02,44.38%,6/21/2018
NFLX,415.44,Call,405,6/22/2018,0,10.9,11.2,11.5,13.4,3524,1678,2.1,46.10%,6/21/2018
CMG,463.16,Call,470,6/22/2018,0,0.7,0.85,1,1.25,1457,998,1.46,32.36%,6/21/2018
ROKU,45.37,Call,46,6/22/2018,0,0.3,0.35,0.4,1.21,1540,1528,1.01,64.30%,6/21/2018
NFLX,415.44,Call,412.5,6/22/2018,0,5.4,5.6,5.8,8,5178,1120,4.62,45.62%,6/21/2018
TWTR,45.24,Call,47.5,6/22/2018,0,0.02,0.03,0.03,0.21,6197,4113,1.51,55.03%,6/21/2018
PYPL,85.97,Call,86.5,6/22/2018,0,0.41,0.43,0.45,0.53,897,738,1.22,36.64%,6/21/2018
TSLA,347.51,Call,362.5,6/22/2018,0,0.65,0.67,0.69,6.5,1818,1016,1.79,66.32%,6/21/2018
NFLX,415.44,Put,400,6/22/2018,0,0.4,0.44,0.48,0.66,9688,3868,2.5,52.83%,6/21/2018
DB,10.89,Put,10.5,6/22/2018,0,0.04,0.05,0.06,0.05,953,649,1.47,81.75%,6/21/2018
NFLX,415.44,Call,402.5,6/22/2018,0,13.05,13.45,13.85,15.5,2055,1895,1.08,47.53%,6/21/2018
NFLX,415.44,Call,455,6/22/2018,0,0.01,0.04,0.06,0.25,1091,950,1.15,70.27%,6/21/2018
REGN,329.04,Call,330,6/22/2018,0,2.35,2.6,2.85,2.75,634,506,1.25,44.30%,6/21/2018
GE,12.76,Call,12,6/22/2018,0,0.75,0.77,0.78,0.88,2873,2010,1.43,61.67%,6/21/2018
BA,337.66,Call,342.5,6/22/2018,0,0.41,0.5,0.58,0.46,668,473,1.41,29.18%,6/21/2018
CVX,122.59,Call,122,6/22/2018,0,1.29,1.34,1.38,1.38,725,126,5.75,39.51%,6/21/2018
GOOGL,1169.44,Call,1195,6/22/2018,0,0.4,0.45,0.5,0.4,1390,967,1.44,26.86%,6/21/2018
AAPL,185.46,Call,180,6/22/2018,0,5.4,5.5,5.6,5.53,4080,4024,1.01,29.91%,6/21/2018
CRM,137.88,Call,139,6/22/2018,0,0.29,0.33,0.37,0.37,787,604,1.3,26.30%,6/21/2018
KR,28.73,Put,26.5,6/22/2018,0,0,0.04,0.04,0.96,7670,4352,1.76,87.76%,6/21/2018
AAPL,185.46,Put,182.5,6/22/2018,0,0.15,0.16,0.16,0.16,16294,9440,1.73,26.54%,6/21/2018
WBA,67.79,Call,68,6/22/2018,0,0.28,0.31,0.34,0.3,1139,320,3.56,28.56%,6/21/2018
AMZN,1730.22,Call,1755,6/22/2018,0,1.19,1.32,1.44,8.16,3111,1185,2.63,23.44%,6/21/2018
MRO,19.92,Call,20,6/22/2018,0,0.25,0.26,0.27,0.26,1344,279,4.82,71.46%,6/21/2018
TSLA,347.51,Call,350,6/22/2018,0,3.15,3.2,3.25,14.2,3822,3050,1.25,59.38%,6/21/2018
CAT,139.53,Call,144,6/22/2018,0,0.08,0.11,0.13,0.1,772,399,1.93,41.86%,6/21/2018
AMZN,1730.22,Call,1785,6/22/2018,0,0.09,0.19,0.29,1.48,1572,995,1.58,28.82%,6/21/2018
AMZN,1730.22,Call,1810,6/22/2018,0,0.02,0.11,0.2,0.5,855,825,1.04,36.73%,6/21/2018
MA,200.78,Put,195,6/22/2018,0,0.07,0.08,0.09,0.1,1647,928,1.77,34.58%,6/21/2018
TEVA,24.01,Call,25,6/22/2018,0,0.01,0.02,0.03,0.06,6862,3752,1.83,51.80%,6/21/2018
AMZN,1730.22,Call,1772.5,6/22/2018,0,0.25,0.36,0.47,2.96,509,275,1.85,25.91%,6/21/2018
EBAY,38.01,Put,38,6/22/2018,0,0.25,0.28,0.3,0.35,1917,1508,1.27,35.40%,6/21/2018
AAPL,185.46,Put,187.5,6/22/2018,0,2.24,2.32,2.4,2.3,11454,7634,1.5,25.45%,6/21/2018
AAPL,185.46,Call,175,6/22/2018,0,10.4,10.48,10.55,10.2,2116,717,2.95,42.72%,6/21/2018
COP,65.11,Put,65,6/22/2018,0,0.61,0.66,0.71,0.6,572,276,2.07,52.66%,6/21/2018
COF,95.26,Call,95,6/22/2018,0,0,0.96,0.96,0.8,1210,291,4.16,16.65%,6/21/2018
GOOGL,1169.44,Put,1150,6/22/2018,0,0.95,1.03,1.1,1.1,690,500,1.38,27.71%,6/21/2018
CF,44.91,Call,46,6/22/2018,0,0.11,0.15,0.19,0.17,6123,1959,3.13,55.18%,6/21/2018
CSX,64.05,Put,64.5,6/22/2018,0,0.57,0.6,0.62,0.74,893,776,1.15,24.13%,6/21/2018
TSLA,347.51,Call,360,6/22/2018,0,0.9,0.93,0.95,7.81,9623,3276,2.94,64.77%,6/21/2018
AAPL,185.46,Call,187.5,6/22/2018,0,0.22,0.24,0.25,0.25,52888,11148,4.74,23.44%,6/21/2018
FB,201.5,Put,210,6/22/2018,0,8.45,8.55,8.65,8.15,2226,767,2.9,43.02%,6/21/2018
AMZN,1730.22,Put,1755,6/22/2018,0,25.3,25.95,26.6,12.55,1089,244,4.46,23.15%,6/21/2018
NFLX,415.44,Call,437.5,6/22/2018,0,0.1,0.13,0.15,0.81,633,437,1.45,51.75%,6/21/2018
NFLX,415.44,Put,412.5,6/22/2018,0,2.54,2.64,2.74,3.55,2851,978,2.92,45.64%,6/21/2018
MU,59.44,Call,68.5,6/22/2018,0,0.01,0.02,0.02,0.08,667,653,1.02,118.41%,6/21/2018
MU,59.44,Put,54.5,6/22/2018,0,0.01,0.02,0.02,0.42,3244,3077,1.05,78.81%,6/21/2018
KMX,71.05,Put,70,6/22/2018,0,1.3,1.35,1.4,1.36,4072,102,39.92,124.20%,6/21/2018
AGN,172.49,Call,180,6/22/2018,0,0.02,0.05,0.07,0.27,1505,456,3.3,43.02%,6/21/2018
TSLA,347.51,Call,365,6/22/2018,0,0.47,0.51,0.55,5.35,15894,3968,4.01,68.77%,6/21/2018
TEVA,24.01,Put,24.5,6/22/2018,0,0.52,0.54,0.55,0.46,549,363,1.51,40.27%,6/21/2018
QCOM,58.75,Call,59,6/22/2018,0,0.25,0.31,0.37,0.53,1051,560,1.88,34.33%,6/21/2018
CMG,463.16,Call,480,6/22/2018,0,0.05,0.13,0.2,0.15,2385,1680,1.42,37.41%,6/21/2018
CMG,463.16,Call,472.5,6/22/2018,0,0.25,0.5,0.75,0.8,622,392,1.59,33.02%,6/21/2018
AMZN,1730.22,Put,1655,6/22/2018,0,0.38,0.47,0.56,0.4,1138,560,2.03,45.28%,6/21/2018
BIDU,260.5,Call,262.5,6/22/2018,0,0.92,0.95,0.97,0.94,1341,643,2.09,32.29%,6/21/2018
NFLX,415.44,Call,445,6/22/2018,0,0.01,0.05,0.08,0.45,1491,725,2.06,56.73%,6/21/2018
FB,201.5,Call,197.5,6/22/2018,0,4.1,4.18,4.25,4.9,4662,4416,1.06,30.85%,6/21/2018
TWTR,45.24,Call,47,6/22/2018,0,0.04,0.05,0.05,0.34,6819,6145,1.11,51.72%,6/21/2018
AMZN,1730.22,Put,1742.5,6/22/2018,0,15.5,15.93,16.35,6.95,508,254,2,23.37%,6/21/2018
AMD,15.65,Call,17.5,6/22/2018,0,0,0.01,0.01,0.04,11359,11161,1.02,99.68%,6/21/2018
AMZN,1730.22,Call,1767.5,6/22/2018,0,0.37,0.48,0.58,4.15,538,238,2.26,24.73%,6/21/2018
AMGN,185.99,Call,187.5,6/22/2018,0,0.25,0.28,0.3,0.62,572,563,1.02,20.89%,6/21/2018
NFLX,415.44,Call,427.5,6/22/2018,0,0.61,0.64,0.67,2.1,2291,818,2.8,47.23%,6/21/2018
AMZN,1730.22,Call,1730,6/22/2018,0,8.15,8.55,8.95,24.3,2610,1734,1.51,23.24%,6/21/2018
NFLX,415.44,Put,407.5,6/22/2018,0,1.23,1.3,1.36,2,3008,1452,2.07,47.78%,6/21/2018
CAT,139.53,Call,143,6/22/2018,0,0.14,0.17,0.2,0.18,688,246,2.8,39.59%,6/21/2018
MU,59.44,Put,60.5,6/22/2018,0,1.22,1.26,1.3,2.71,1302,858,1.52,46.81%,6/21/2018
DAL,53.73,Put,53.5,6/22/2018,0,0.25,0.27,0.29,0.21,3504,1249,2.81,33.49%,6/21/2018
TSLA,347.51,Call,352.5,6/22/2018,0,2.26,2.35,2.44,12.28,750,716,1.05,60.15%,6/21/2018
GOOG,1157.66,Put,1150,6/22/2018,0,2.65,2.78,2.9,2.65,892,743,1.2,24.24%,6/21/2018
NVDA,257.11,Call,265,6/22/2018,0,0.11,0.12,0.13,1.32,9547,5829,1.64,36.39%,6/21/2018
MA,200.78,Call,200,6/22/2018,0,1.29,1.42,1.55,2.55,953,680,1.4,23.28%,6/21/2018
AAPL,185.46,Call,190,6/22/2018,0,0.07,0.08,0.08,0.07,36321,25147,1.44,29.63%,6/21/2018
SBUX,50.62,Call,52,6/22/2018,0,0.02,0.05,0.08,0.06,2224,1722,1.29,39.83%,6/21/2018
MRO,19.92,Call,20.5,6/22/2018,0,0.1,0.11,0.12,0.11,1087,655,1.66,75.70%,6/21/2018
AMZN,1730.22,Put,1725,6/22/2018,0,6.1,6.4,6.7,2.5,2504,1748,1.43,24.40%,6/21/2018
SBUX,50.62,Put,53,6/22/2018,0,2.35,2.43,2.5,2.36,3237,1098,2.95,58.82%,6/21/2018
BIDU,260.5,Put,257.5,6/22/2018,0,0.64,0.68,0.71,0.59,721,428,1.68,33.16%,6/21/2018
TSLA,347.51,Put,355,6/22/2018,0,9.05,9.25,9.45,3.6,4010,1913,2.1,62.40%,6/21/2018
X,35.4,Put,34,6/22/2018,0,0.03,0.04,0.04,0.06,785,656,1.2,54.50%,6/21/2018
FB,201.5,Put,202.5,6/22/2018,0,1.68,1.73,1.77,1.82,4969,1833,2.71,27.59%,6/21/2018
BB,11.7,Put,11,6/22/2018,0,0.19,0.24,0.28,0.2,838,557,1.5,215.65%,6/21/2018
AMZN,1730.22,Call,1770,6/22/2018,0,0.42,0.46,0.49,3.55,6034,2786,2.17,25.81%,6/21/2018
COF,95.26,Put,94.5,6/22/2018,0,0.21,0.55,0.88,0.46,515,137,3.76,44.15%,6/21/2018
KR,28.73,Call,27,6/22/2018,0,1.69,1.75,1.81,0.52,15026,14107,1.07,69.83%,6/21/2018
WTW,101.25,Put,76,6/22/2018,0,0,0.05,0.05,0.35,548,508,1.08,224.83%,6/21/2018
WBA,67.79,Call,66,6/22/2018,0,1.62,1.77,1.92,1.89,584,154,3.79,0.00%,6/21/2018
NFLX,415.44,Call,422.5,6/22/2018,0,1.39,1.46,1.52,3.4,2384,864,2.76,46.12%,6/21/2018
AMZN,1730.22,Call,1765,6/22/2018,0,0.59,0.65,0.7,4.7,3108,1378,2.26,25.00%,6/21/2018
KR,28.73,Call,27.5,6/22/2018,0,1.17,1.24,1.3,0.34,3758,3707,1.01,39.50%,6/21/2018
BIDU,260.5,Call,265,6/22/2018,0,0.3,0.35,0.39,0.43,1488,1124,1.32,31.75%,6/21/2018
FB,201.5,Call,207.5,6/22/2018,0,0.07,0.08,0.09,0.23,6810,4926,1.38,34.37%,6/21/2018
GOOGL,1169.44,Call,1185,6/22/2018,0,1.2,1.3,1.4,1.3,909,665,1.37,25.21%,6/21/2018
AMZN,1730.22,Call,1775,6/22/2018,0,0.19,0.29,0.39,2.55,1907,1226,1.56,26.12%,6/21/2018
GILD,71.52,Put,70.5,6/22/2018,0,0.05,0.07,0.08,0.13,537,168,3.2,25.18%,6/21/2018
SQ,67.1,Call,68.5,6/22/2018,0,0.22,0.24,0.26,0.62,1026,933,1.1,52.07%,6/21/2018
AMZN,1730.22,Put,1740,6/22/2018,0,13.7,14.13,14.55,5.7,2609,1132,2.3,23.20%,6/21/2018
SLB,64.79,Call,65.5,6/22/2018,0,0.27,0.3,0.32,0.25,647,207,3.13,42.73%,6/21/2018
GOOGL,1169.44,Put,1165,6/22/2018,0,4,4.2,4.4,4.5,743,319,2.33,25.40%,6/21/2018
AMZN,1730.22,Put,1710,6/22/2018,0,2.44,2.59,2.73,1.24,4359,2662,1.64,26.37%,6/21/2018
GS,226.98,Call,225,6/22/2018,0,2.51,2.59,2.66,3.4,1536,1324,1.16,28.91%,6/21/2018
GOOGL,1169.44,Call,1197.5,6/22/2018,0,0.2,0.3,0.4,0.3,854,313,2.73,26.57%,6/21/2018
UPS,113.42,Call,115,6/22/2018,0,0.07,0.11,0.15,0.12,888,126,7.05,24.82%,6/21/2018
BABA,202.21,Call,205,6/22/2018,0,0.38,0.4,0.41,0.39,9484,3746,2.53,31.86%,6/21/2018
ADBE,248.83,Call,252.5,6/22/2018,0,0.27,0.32,0.36,1.26,950,876,1.08,28.20%,6/21/2018
WYNN,172,Call,177.5,6/22/2018,0,0.06,0.1,0.13,0.07,2223,1786,1.24,38.95%,6/21/2018
NFLX,415.44,Call,460,6/22/2018,0,0.02,0.03,0.04,0.18,1070,878,1.22,76.32%,6/21/2018
BA,337.66,Call,345,6/22/2018,0,0.16,0.23,0.29,0.29,2504,2476,1.01,30.47%,6/21/2018
NFLX,415.44,Put,402.5,6/22/2018,0,0.58,0.63,0.67,1,2840,1341,2.12,50.92%,6/21/2018
INTC,52.19,Call,52.5,6/22/2018,0,0.24,0.25,0.26,0.24,4008,1400,2.86,35.15%,6/21/2018
TSLA,347.51,Put,350,6/22/2018,0,5.6,5.78,5.95,2.15,4968,3490,1.42,60.83%,6/21/2018
TEVA,24.01,Call,24.5,6/22/2018,0,0.05,0.06,0.06,0.21,6023,1876,3.21,42.91%,6/21/2018
AMZN,1730.22,Put,1665,6/22/2018,0,0.48,0.54,0.6,0.41,866,813,1.07,41.15%,6/21/2018
WYNN,172,Call,175,6/22/2018,0,0.22,0.31,0.4,0.31,7519,877,8.57,35.60%,6/21/2018
FB,201.5,Put,200,6/22/2018,0,0.57,0.59,0.61,0.8,14571,5812,2.51,28.55%,6/21/2018
MU,59.44,Call,67,6/22/2018,0,0.01,0.02,0.02,0.13,2708,2494,1.09,102.35%,6/21/2018
CAT,139.53,Put,140,6/22/2018,0,1.31,1.39,1.46,1.3,1232,1023,1.2,39.02%,6/21/2018
COP,65.11,Call,67.5,6/22/2018,0,0.05,0.09,0.13,0.08,1488,1335,1.11,53.96%,6/21/2018
AMZN,1730.22,Call,1762.5,6/22/2018,0,0.59,0.71,0.83,5.35,1557,747,2.08,24.14%,6/21/2018
BABA,202.21,Put,202.5,6/22/2018,0,1.46,1.5,1.53,1.48,6789,2860,2.37,31.97%,6/21/2018
AMZN,1730.22,Put,1705,6/22/2018,0,1.83,1.98,2.12,1.02,905,781,1.16,27.53%,6/21/2018
AMZN,1730.22,Call,1760,6/22/2018,0,0.71,0.83,0.94,6.07,11092,2531,4.38,23.56%,6/21/2018
BIDU,260.5,Put,262.5,6/22/2018,0,2.79,2.87,2.94,2.6,968,568,1.7,30.94%,6/21/2018
TSLA,347.51,Put,360,6/22/2018,0,13.3,13.45,13.6,5.5,2099,1977,1.06,66.00%,6/21/2018
PFE,36.3,Put,37,6/22/2018,0,0.67,0.7,0.72,0.62,606,404,1.5,0.00%,6/21/2018
LUV,53.15,Call,53,6/22/2018,0,0.4,0.48,0.55,0.51,2600,1284,2.02,35.54%,6/21/2018
HIG,51.47,Put,51.5,6/22/2018,0,0.18,0.21,0.24,0.13,3000,2561,1.17,18.23%,6/21/2018
GOOGL,1169.44,Put,1170,6/22/2018,0,6.1,6.65,7.2,6.91,1426,386,3.69,26.19%,6/21/2018
KR,28.73,Call,26.5,6/22/2018,0,2.15,2.2,2.25,0.69,9318,6658,1.4,0.00%,6/21/2018
CVX,122.59,Call,125,6/22/2018,0,0.2,0.23,0.25,0.21,2044,1332,1.53,38.64%,6/21/2018
AAPL,185.46,Put,185,6/22/2018,0,0.63,0.66,0.68,0.67,26578,12462,2.13,22.49%,6/21/2018
WFC,54.37,Put,53.5,6/22/2018,0,0,0.07,0.07,0.06,2834,1659,1.71,24.67%,6/21/2018
AMZN,1730.22,Put,1747.5,6/22/2018,0,19.2,19.65,20.1,8.45,662,244,2.71,23.14%,6/21/2018
PYPL,85.97,Call,85,6/22/2018,0,1.26,1.29,1.32,1.34,1257,1083,1.16,39.06%,6/21/2018
SIRI,7.16,Put,7,6/22/2018,0,0,0.06,0.06,0.03,781,202,3.87,59.44%,6/21/2018
BABA,202.21,Call,207.5,6/22/2018,0,0.1,0.11,0.12,0.1,6001,4620,1.3,33.31%,6/21/2018
AMZN,1730.22,Put,1730,6/22/2018,0,8.15,8.48,8.8,3.5,1948,960,2.03,23.89%,6/21/2018
GE,12.76,Put,13,6/22/2018,0,0.26,0.27,0.28,0.2,13607,6846,1.99,41.61%,6/21/2018
NFLX,415.44,Put,395,6/22/2018,0,0.2,0.23,0.25,0.36,2698,2297,1.17,57.00%,6/21/2018
CSCO,43.16,Call,43,6/22/2018,0,0.32,0.33,0.33,0.35,654,460,1.42,26.13%,6/21/2018
X,35.4,Call,35.5,6/22/2018,0,0.31,0.33,0.34,0.59,1227,1159,1.06,50.26%,6/21/2018
INTC,52.19,Put,52.5,6/22/2018,0,0.54,0.56,0.58,0.57,3074,1521,2.02,35.42%,6/21/2018
PZZA,55.87,Call,52,6/22/2018,0,3.6,3.95,4.3,3.4,1329,376,3.53,91.95%,6/21/2018
GOOGL,1169.44,Call,1160,6/22/2018,0,11.8,12.15,12.5,12.1,765,438,1.75,25.87%,6/21/2018
MU,59.44,Put,50,6/22/2018,0,0,0.01,0.01,0.05,4605,4567,1.01,126.28%,6/21/2018
BA,337.66,Call,340,6/22/2018,0,1,1.1,1.19,1.1,1554,281,5.53,28.98%,6/21/2018
SQ,67.1,Put,68,6/22/2018,0,1.2,1.24,1.28,1.16,1637,749,2.19,49.82%,6/21/2018
NFLX,415.44,Put,410,6/22/2018,0,1.8,1.85,1.9,2.7,6772,2552,2.65,46.44%,6/21/2018
AMZN,1730.22,Call,1745,6/22/2018,0,2.8,2.95,3.1,13.4,1898,834,2.28,22.90%,6/21/2018
AMZN,1730.22,Put,1700,6/22/2018,0,1.45,1.57,1.69,0.89,2255,2079,1.08,29.00%,6/21/2018
PM,79.47,Call,79.5,6/22/2018,0,0.34,0.38,0.42,2.17,642,226,2.84,23.67%,6/21/2018
TSLA,347.51,Put,352.5,6/22/2018,0,7.4,7.63,7.85,2.77,1197,992,1.21,64.71%,6/21/2018
GE,12.76,Call,12.5,6/22/2018,0,0.28,0.29,0.3,0.41,3413,2059,1.66,43.96%,6/21/2018
ORCL,43.1,Call,43,6/22/2018,0,0.25,0.27,0.28,0.29,4300,3097,1.39,23.35%,6/21/2018
GOOGL,1169.44,Call,1200,6/22/2018,0,0.2,0.23,0.25,0.25,5051,3425,1.47,26.97%,6/21/2018
AMZN,1730.22,Put,1745,6/22/2018,0,17.35,17.8,18.25,7.36,1780,641,2.78,23.47%,6/21/2018
INTC,52.19,Call,53.5,6/22/2018,0,0.03,0.06,0.08,0.06,9209,2152,4.28,38.22%,6/21/2018
GE,12.76,Call,13,6/22/2018,0,0.02,0.03,0.03,0.09,23126,13191,1.75,38.48%,6/21/2018
MCD,160.53,Call,160,6/22/2018,0,0.84,1.02,1.2,1.19,1007,398,2.53,21.49%,6/21/2018
AAPL,185.46,Call,182.5,6/22/2018,0,3,3.08,3.15,3.15,2216,1037,2.14,23.81%,6/21/2018
KR,28.73,Put,24.5,6/22/2018,0,0,0.01,0.01,0.2,2825,1944,1.45,127.47%,6/21/2018
DIS,105.89,Put,106,6/22/2018,0,0.5,0.56,0.61,0.52,1256,1153,1.09,22.65%,6/21/2018
MCD,160.53,Call,162.5,6/22/2018,0,0.11,0.21,0.3,0.26,3171,825,3.84,25.16%,6/21/2018
CMG,463.16,Call,475,6/22/2018,0,0.2,0.28,0.35,0.3,780,604,1.29,33.41%,6/21/2018
NFLX,415.44,Put,405,6/22/2018,0,0.84,0.9,0.95,1.44,4947,2673,1.85,49.17%,6/21/2018
NFLX,415.44,Call,440,6/22/2018,0,0.06,0.09,0.12,0.68,1597,998,1.6,53.59%,6/21/2018
NFLX,415.44,Call,410,6/22/2018,0,7.05,7.28,7.5,9.4,7482,2786,2.69,45.95%,6/21/2018
NFLX,415.44,Call,420,6/22/2018,0,2.09,2.15,2.2,4.3,13458,3252,4.14,46.00%,6/21/2018
DAL,53.73,Put,53,6/22/2018,0,0.11,0.13,0.15,0.17,2370,1429,1.66,35.20%,6/21/2018
AMZN,1730.22,Put,1690,6/22/2018,0,1,1.1,1.2,0.64,1327,1217,1.09,32.49%,6/21/2018
GILD,71.52,Call,71,6/22/2018,0,0.65,0.71,0.76,0.57,808,646,1.25,26.09%,6/21/2018
TSLA,347.51,Call,355,6/22/2018,0,1.67,1.74,1.8,10.77,5390,1735,3.11,61.67%,6/21/2018
BB,11.7,Put,11.5,6/22/2018,0,0.37,0.39,0.4,0.37,902,826,1.09,197.69%,6/21/2018
OSTK,36.15,Call,39,6/22/2018,0,0.05,0.08,0.1,0.11,534,390,1.37,103.63%,6/21/2018
SQ,67.1,Put,66,6/22/2018,0,0.28,0.3,0.31,0.37,2093,1451,1.44,51.48%,6/21/2018
AMZN,1730.22,Put,1737.5,6/22/2018,0,12.15,12.53,12.9,5.21,641,278,2.31,23.33%,6/21/2018
CRM,137.88,Call,140,6/22/2018,0,0.13,0.17,0.2,0.18,2982,1799,1.66,28.42%,6/21/2018
AMZN,1730.22,Put,1732.5,6/22/2018,0,9.3,9.68,10.05,3.67,682,495,1.38,23.61%,6/21/2018
AMZN,1730.22,Put,1750,6/22/2018,0,21.05,21.63,22.2,9.7,3371,990,3.41,22.92%,6/21/2018
MRK,61.18,Call,62,6/22/2018,0,0.03,0.05,0.06,0.04,4292,2885,1.49,22.17%,6/21/2018
SPOT,179.53,Call,175,6/22/2018,0,4.9,5.05,5.2,3.06,853,764,1.12,54.54%,6/21/2018
AIG,54.25,Put,54,6/22/2018,0,0.14,0.16,0.18,0.1,500,473,1.06,23.68%,6/21/2018
SQ,67.1,Call,67.5,6/22/2018,0,0.51,0.53,0.54,1.02,884,469,1.88,50.21%,6/21/2018
FB,201.5,Call,202.5,6/22/2018,0,0.73,0.76,0.78,1.31,22000,5618,3.92,28.08%,6/21/2018
INTC,52.19,Put,53.5,6/22/2018,0,1.3,1.37,1.44,1.37,2214,970,2.28,39.69%,6/21/2018
NXPI,112.84,Call,109,6/22/2018,0,2.95,4.48,6,4.6,597,500,1.19,85.84%,6/21/2018
AMZN,1730.22,Call,1757.5,6/22/2018,0,0.93,1.08,1.22,7.1,1149,490,2.34,23.68%,6/21/2018
NFLX,415.44,Put,425,6/22/2018,0,10.15,10.55,10.95,10.6,662,181,3.66,47.29%,6/21/2018
NFLX,415.44,Call,450,6/22/2018,0,0.03,0.05,0.06,0.33,1255,933,1.35,64.67%,6/21/2018
NFLX,415.44,Call,430,6/22/2018,0,0.39,0.42,0.45,1.62,3880,1860,2.09,48.09%,6/21/2018
INTC,52.19,Call,54,6/22/2018,0,0,0.07,0.07,0.03,5899,3705,1.59,43.27%,6/21/2018
