Ticker,forwardPE,revenueGrowth,overallRisk, netIncomeToCommon ,auditRisk,beta,boardRisk,compensationRisk,currentRatio,debtToEquity,earningsGrowth,earningsQuarterlyGrowth,ebitdaMargins,enterpriseToEbitda,enterpriseToRevenue,forwardEps,heldPercentInsiders,heldPercentInstitutions,industry,netIncomeToCommon,pegRatio,quickRatio,recommendationMean,returnOnAssets,returnOnEquity,revenuePerShare,sector,shareHolderRightsRisk,sharesShort,sharesShortPriorMonth,shortRatio,trailingEps
BIIB,12.877595,0.09,1," 2,968,199,936.00 ",1,1.398122,3,3,2.358,48.38,0.027,0.004,0.53411,10.647,5.687,27.45,0.39%,91.17%,Biotechnology,2968199936,1.78,1.795,2,0.16898,0.26407,61.195,Healthcare,3,3346521,3906614,1.76,14.084
AET,16.348572,0.002,6," 3,503,000,064.00 ",1,0.772363,7,7,1.082,46.172,0.019,0.007,0.100360006,10.478,1.052,12.25,0.38%,86.86%,Health Care Plans,3503000064,1.83,0.839,2.5,0.0594,0.21284,185.192,Healthcare,5,4865902,4256256,2.52,10.608
MKSI,10.153006,0.192,6," 381,615,008.00 ",1,0.920806,6,4,5.026,19.685,0.014,0.02,0.28177,7.997,2.253,9.15,1.56%,93.49%,Scientific & Technical Instruments,381615008,0.81,3.454,1.6,0.13069001,0.23621,39.046,Technology,9,836903,1221912,1.28,6.912
IBM,10.433048,0.037,10," 5,751,000,064.00 ",2,1.037999,7,10,1.32,244.428,0.054,0.031,0.21088,9.816,2.07,14.04,0.11%,57.86%,Information Technology Services,5751000064,11.01,1.13,2.6,0.06442,0.30926,87.564,Technology,2,15145841,15164536,3.23,6.208
JNJ,15.67986,0.106,3," 1,372,000,000.00 ",2,0.598498,4,3,1.653,51.015,0.036,0.033,0.33166,14.05,4.66,8.59,0.07%,68.78%,Drug Manufacturers - Major,1372000000,2.14,1.173,2.3,0.07998,0.020350002,30.067,Healthcare,4,14034703,16686830,2.22,0.503
LOGI,24.36946,0.148,3," 210,000,992.00 ",2,1.134182,3,2,1.819,,0.045,0.039,0.11131,25.766,2.868,2.03,,,Computer Systems,210000992,1.77,1.396,2.2,0.0856,0.20941,16.08,Technology,2,1259901,1828574,4.02,1.24
VRSN,30.560694,0.048,3," 480,350,016.00 ",1,0.740145,6,3,1.334,,0.051,0.043,0.65970004,25.342,16.718,5.19,1.04%,91.22%,Internet Content & Information,480350016,4.3,1.283,3.3,0.21615,,11.633,Technology,3,2220801,2623061,3.64,3.879
HDS,13.941896,0.142,5," 198,000,000.00 ",2,1.423245,5,5,2.151,146.546,0.133,0.047,0.13506,14.55,1.965,3.27,0.35%,97.26%,Industrial Distribution,198000000,1.61,1.095,1.9,0.07754,0.15149,28.139,Industrials,8,3366417,3520262,3.54,5.14
GD,15.774877,0.197,1," 2,984,999,936.00 ",1,0.872369,5,1,1.196,119.043,0.069,0.049,0.14451,14.747,2.131,12.26,5.81%,86.07%,Aerospace & Defense,2984999936,1.39,0.776,2,0.06424,0.26018,109.72,Industrials,1,2776049,2947572,1.89,9.886
GPOR,8.6470585,0.243,3," 376,169,984.00 ",1,-0.28134,4,7,0.533,66.21,0.105,0.051,0.63854,4.974,3.176,1.36,13.46%,97.94%,Oil & Gas E&P,376169984,0.89,0.485,2.1,0.03829,0.12312999,6.955,Energy,2,13149883,14035448,4,2.077
SWK,14.934113,0.109,7," 1,018,899,968.00 ",1,1.287803,2,4,0.944,60.401,0.06,0.058,0.15988,12.499,1.998,9.41,0.72%,86.42%,Tools & Accessories,1018899968,1.55,0.45,2.2,0.05244,0.12807,89.712,Industrials,10,2967297,2182656,1.85,6.653
LEA,7.7681994,0.089,1," 1,340,700,032.00 ",1,1.300769,1,3,1.352,42.654,0.076,0.063,0.105459996,5.112,0.539,20.88,0.17%,99.24%,Auto Parts,1340700032,0.64,0.99,2.4,0.09652001,0.35076,322.067,Consumer Cyclical,1,2604623,3046942,3.29,19.745
GT,6.427762,0.042,3," 265,000,000.00 ",1,1.620016,5,1,1.359,131.028,0.121,0.068,0.12699,5.633,0.715,3.53,0.33%,92.67%,Rubber & Plastics,265000000,1.25,0.689,2.3,0.04343,0.05726,64.457,Consumer Cyclical,6,15051657,14747923,3.86,1.073
COST,30.15912,0.121,8," 3,009,999,872.00 ",2,0.994127,7,9,1.015,52.157,0.069,0.071,0.042529996,17.026,0.724,7.73,0.63%,73.46%,Discount Stores,3009999872,2.72,0.445,2,0.074499995,0.27024,318.136,Consumer Defensive,8,5932126,6552966,3.21,6.829
LOW,18.125,0.071,3," 3,923,000,064.00 ",2,1.384087,3,4,1.062,273.845,0.107,0.071,0.11083,12.883,1.428,6,0.16%,74.97%,Home Improvement Stores,3923000064,1.35,0.181,1.9,0.10661,0.69541,85.572,Consumer Cyclical,3,8934604,8740954,2.6,4.754
SAP,21.192919,0.038,9," 4,958,112,256.00 ",1,1.195519,8,10,1.001,29.681,0.082,0.076,0.26248,20.457,5.37,5.65,0.00%,6.58%,Software - Application,4958112256,2.47,0.913,2.2,0.07463,0.17018,23.08,Technology,1,2804818,2471112,3.08,4.15
CDNS,25.565218,0.082,5," 214,748,992.00 ",1,1.221964,3,3,1.298,54.278,0.08,0.087,0.23074,28.128,6.49,1.84,1.17%,91.54%,Software - Application,214748992,2.33,1.21,2.2,0.09129,0.20072001,7.398,Technology,7,4847347,5497892,3.2,0.771
TSM,17.03125,0.091,," 11,601,751,040.00 ",,0.973297,,,2.071,8.73,0.091,0.091,0.66470003,9.27,6.162,2.56,0.03%,19.65%,Semiconductors,11601751040,1.26,1.843,2.2,0.120579995,0.24937001,6.405,Technology,,20053825,18295842,2.51,2.235
TECK,8.035336,0.065,7," 2,079,260,288.00 ",2,1.622793,5,5,2.375,30.969,0.101,0.093,0.42534,4.302,1.83,2.83,,,Industrial Metals & Minerals,2079260288,-0.85,1.277,2.2,0.07706,0.13991,16.292,Basic Materials,10,5271545,9190942,2.19,3.556
ESRX,9.216753,0.012,2," 4,669,799,936.00 ",1,1.116558,7,2,0.709,77.37,0.131,0.094,0.07195,8.553,0.615,9.55,0.45%,86.81%,Health Care Plans,4669799936,0.93,0.553,2.7,0.06568,0.26654,177.719,Healthcare,3,16240454,13104769,3.27,8.211
VTR,37.654087,0.043,4," 1,251,778,048.00 ",1,0.305685,7,4,0.555,96.079,0.095,0.097,0.51168996,17.024,8.711,1.59,0.39%,87.92%,REIT - Healthcare Facilities,1251778048,6.52,0.399,3.1,0.027139999,0.11733,10.24,Real Estate,5,7204096,7063331,3.08,3.478
MSFT,22.877802,0.175,1," 16,570,999,808.00 ",1,1.249269,1,3,2.901,105.791,0.108,0.1,0.40737,18.068,7.36,4.91,1.39%,74.57%,Software - Infrastructure," 16,570,999,808.00 ",2.11,2.738,1.7,0.08607,0.19445999,14.332,Technology,1," 44,633,868.00 "," 47,158,592.00 ",1.69,2.13
NXPI,11.849873,0.04,4," 973,000,000.00 ",1,0.657525,1,6,2.979,38.469,0.121,0.102,0.29738,9.202,2.737,7.86,1.42%,85.43%,Semiconductors,973000000,0.96,2.038,2.5,0.020750001,0.076869994,27.482,Technology,10,13244157,7537795,1.16,2.805
KSU,16.49502,0.04,8," 973,500,032.00 ",2,0.649585,2,10,1.197,53.903,0.142,0.103,0.48101002,11.67,5.613,7.03,0.57%,90.26%,Railroads,973500032,1.39,0.706,2.2,0.06397,0.20537001,25.612,Industrials,3,2379148,2600092,2.46,9.421
FDX,12.185314,0.101,4," 4,566,000,128.00 ",2,1.560926,5,6,1.386,85.419,0.108,0.105,0.12747,9.461,1.206,20.02,7.60%,74.57%,Integrated Shipping & Logistics,4566000128,1.07,1.22,1.9,0.06503,0.25766,245.131,Industrials,4,4129380,4553086,3.01,16.79
NKE,26.261978,0.128,10," 1,932,999,936.00 ",2,0.563096,7,3,2.506,38.83,0.16,0.128,0.14339,24.689,3.54,3.13,1.72%,82.71%,Footwear & Accessories,1932999936,2.51,1.448,2.3,0.12133,0.17399,22.415,Consumer Cyclical,10,12056907,12022562,2.21,1.17
V,27.6109,0.148,1," 9,264,000,000.00 ",1,0.971877,2,1,1.691,49.904,0.162,0.131,0.68267,24.623,16.809,5.32,0.11%,94.34%,Credit Services,9264000000,1.67,1.348,1.8,0.12637,0.29408002,8.881,Financial Services,3,29732000,28213960,4.08,4.096
ITW,16.85437,0.064,2," 1,882,000,000.00 ",1,1.261135,5,5,1.725,195.855,0.166,0.135,0.27229,12.952,3.527,8.24,0.22%,78.26%,Diversified Industrials,1882000000,1.48,1.27,2.7,0.14191,0.43962002,43.502,Industrials,2,3470390,3136605,1.86,5.478
PRTY,7.4514565,0.03,10," 222,395,008.00 ",2,2.084228,10,8,1.274,193.436,0.388,0.14,0.15737,8.824,1.389,2.06,4.95%,107.66%,Specialty Retail,222395008,0.38,0.246,2.2,0.0529,0.21739,22.595,Consumer Cyclical,6,6202635,7401662,4.77,2.045
MGA,7.2839837,0.125,2," 2,367,000,064.00 ",1,1.364078,1,6,1.174,37.414,0.229,0.142,0.10284001,5.396,0.555,7.43,1.32%,12.39%,Auto Parts,2367000064,0.74,0.805,2.4,0.071890004,0.21086,116.849,Consumer Cyclical,3,3507590,3522343,1.8,6.542
NCLH,10.3494215,0.132,7," 829,320,000.00 ",1,1.733132,9,8,0.203,120.085,0.161,0.142,0.29062,11.094,3.224,5.18,2.08%,100.62%,Leisure,829320000,0.84,0.076,1.8,0.04768,0.15531999,25.201,Consumer Cyclical,3,6129529,4521326,2.95,3.622
DM,11.884058,1.14,," 148,000,000.00 ",,1.946941,,,1.417,11.393,0.155,0.149,0.58919,22.372,13.181,1.38,22.80%,0.00%,Oil & Gas Midstream,148000000,0.73,0.653,2.8,0.01799,0.03455,5.924,Energy,,1185683,1029546,0.8,1.411
WBA,10.629457,0.14,1," 4,313,999,872.00 ",1,0.876191,3,5,0.93,52.845,0.262,0.155,0.06491,9.761,0.634,6.45,14.86%,64.07%,Pharmaceutical Retailers,4313999872,0.97,0.418,2.7,0.05941,0.14423999,126.836,Consumer Defensive,1,31651003,28307872,4.55,4.248
SYK,21.338789,0.103,2," 1,080,000,000.00 ",1,0.399178,6,4,1.832,76.131,0.155,0.156,0.27331,19.218,5.253,7.94,7.90%,77.04%,Medical Devices,1080000000,2.33,0.991,2,0.0837,0.1108,34.857,Healthcare,2,3360975,4174018,2.72,2.832
BLD,12.1640625,0.277,6," 189,924,000.00 ",1,0.47973,8,1,1.56,70.569,0.206,0.157,0.10572,12.912,1.365,5.12,0.71%,100.53%,Building Materials,189924000,,1.119,1.9,0.05885,0.18908001,59.591,Basic Materials,8,776173,1375496,2.31,5.301
PWR,10.877358,0.207,10," 314,852,992.00 ",1,0.699352,3,9,1.819,23.183,0.171,0.165,0.06791,8.523,0.579,3.18,0.62%,88.95%,Engineering & Construction,314852992,0.79,1.645,1.8,0.04533,0.08851,65.079,Industrials,10,3014267,4204142,1.99,1.999
UNM,6.804428,0.024,2," 1,078,200,064.00 ",1,1.412823,1,1,8.481,33.928,0.206,0.165,0.1459,5.814,0.848,5.42,0.44%,97.06%,Insurance - Life,1078200064,0.8,3.138,2.9,0.01561,0.114930004,51.351,Financial Services,7,5577656,4482043,3.24,4.82
AFL,11.088729,0.03,7," 4,848,999,936.00 ",1,0.839993,7,10,0.378,37.928,0.202,0.167,0.20838,8.869,1.848,4.17,2.17%,70.47%,Insurance - Life,4848999936,1.34,0.259,2.8,0.020539999,0.21406999,28.324,Financial Services,1,11236872,13243341,3.72,6.164
ALL,11.063807,0.029,1," 3,440,000,000.00 ",1,0.868848,3,6,0.465,27.883,0.208,0.168,0.1345,7.594,1.021,9.09,0.31%,78.62%,Insurance - Property & Casualty,3440000000,0.84,0.23,2.3,0.02644,0.15983,109.525,Financial Services,1,5228168,4735655,2.83,9.519
MMM,18.781836,0.074,2," 4,410,999,808.00 ",1,1.124864,4,4,1.56,139.394,0.19,0.173,0.25982,15.811,4.108,11.23,7.74%,10.42%,Diversified Industrials,4410999808,2.1,0.963,2.9,0.12213001,0.40105,55.144,Industrials,2,6841239,7732425,2.95,7.228
XOM,14.576364,0.264,9," 20,949,999,616.00 ",1,0.80013,9,10,0.81,21.299,0.179,0.179,0.1399,10.487,1.467,5.5,0.09%,54.55%,Oil & Gas Integrated,20949999616,0.8,0.487,2.8,0.03356,0.1121,61.699,Energy,1,27366090,32220387,2.66,4.907
CNC,17.563549,0.127,8," 1,075,000,064.00 ",1,1.155665,8,8,1.255,59.908,0.042,0.181,0.046430003,12.993,0.603,8.34,2.29%,92.49%,Health Care Plans,1075000064,1.13,1.152,2.1,0.04587,0.12311,272.286,Healthcare,9,3587311,4873366,2.56,5.878
ETN,14.139456,0.069,6," 3,132,999,936.00 ",1,1.237231,6,6,1.469,46.26,0.209,0.182,0.17281,11.893,2.055,5.88,0.25%,81.52%,Diversified Industrials,3132999936,1.65,0.879,2.1,0.05416,0.19388,48.178,Industrials,6,11045793,11394551,4.21,7.097
MXIM,18.213856,0.052,1," 467,318,016.00 ",2,1.60748,1,2,4.026,77.193,0.237,0.189,0.40095,15.801,6.335,3.32,0.78%,93.90%,Semiconductors,467318016,1.45,3.645,2.5,0.11769,0.22611,8.827,Technology,3,5053453,5242660,2.56,1.64
ECL,24.955223,0.066,2," 1,558,200,064.00 ",1,0.849659,4,5,1.272,91.264,0.2,0.192,0.21029,16.735,3.519,6.03,0.49%,88.78%,Specialty Chemicals,1558200064,2.04,0.78,2.4,0.066539995,0.21086,49.771,Basic Materials,2,5115861,6297773,4.56,5.314
GPC,16.895094,0.176,6," 670,172,992.00 ",1,1.185383,7,4,1.33,89.182,0.194,0.195,0.0734,13.512,0.992,5.91,2.83%,80.01%,Specialty Retail,670172992,1.39,0.535,3,0.06215,0.19528,120.73,Consumer Cyclical,8,3706046,4390143,4.84,4.558
THO,10.004193,0.117,4," 461,409,984.00 ",1,1.288739,5,2,1.668,4.288,0.199,0.202,0.09277,6.33,0.587,9.54,5.33%,90.38%,Recreational Vehicles,461409984,0.65,0.941,1.6,0.1566,0.27649,159.356,Consumer Cyclical,6,3273321,4013899,3.47,8.729
PH,14.115757,0.092,7," 1,060,801,024.00 ",1,1.255044,7,3,1.59,84.512,0.213,0.204,0.16992001,11.265,1.914,12.44,0.46%,84.09%,Diversified Industrials,1060801024,1.91,0.994,2.5,0.07969,0.19066,107.533,Industrials,9,2582524,2409864,2,7.83
MRVL,13.786667,0.056,8," 462,161,984.00 ",10,1.072005,7,9,5.506,,0.181,0.206,0.2579,13.571,3.5,1.5,4.28%,85.09%,Semiconductors,462161984,1.22,4.968,2.1,0.07157,0.112069994,4.918,Technology,1,13054748,22657153,1.79,1.059
XLNX,23.656536,0.135,3," 545,174,976.00 ",1,0.759943,2,8,4.377,75.182,0.254,0.209,0.35462,19.271,6.834,3.29,0.21%,90.30%,Semiconductors,545174976,1.63,4.054,2.4,0.101689994,0.22448999,10.449,Technology,2,4482284,4923255,1.98,2.137
TSN,10.53859,0.02,10," 2,880,999,936.00 ",1,-0.066579,8,7,1.478,81.692,0.215,0.21,0.10252,7.98,0.818,5.96,2.07%,90.00%,Farm Products,2880999936,1.42,0.452,2.1,0.071729995,0.2556,109.831,Consumer Defensive,10,5813960,7078572,1.79,7.796
NFX,6.329467,0.689,5," 387,000,000.00 ",1,1.661779,7,2,0.72,148.476,0.204,0.214,0.44178,7.784,3.439,4.31,0.57%,102.79%,Oil & Gas E&P,387000000,0.25,0.61,2.1,0.05469,0.27186,11.063,Energy,7,7747609,7952964,2.84,1.93
CBOE,20.826447,0.042,6," 514,000,000.00 ",2,0.534009,7,7,0.859,38.433,0.217,0.22,0.29194,15.616,4.559,4.84,0.96%,84.79%,Financial Exchanges,514000000,1.56,0.84,2.4,0.06824,0.17317,23.851,Financial Services,5,2351494,2605189,2.99,4.555
FTV,22.1,0.139,8," 1,160,700,032.00 ",1,0.675,9,5,1.959,66.054,0.221,0.229,0.23535,18.35,4.319,3.8,11.72%,85.05%,Scientific & Technical Instruments,1160700032,1.93,1.547,2.1,0.088599995,0.26339,20.346,Technology,9,7987670,6499180,4.94,3.279
ROST,21.050549,0.089,6," 1,532,851,968.00 ",2,0.723924,9,4,1.708,12.473,0.268,0.23,0.16419001,14.158,2.325,4.55,2.08%,91.29%,Apparel Stores,1532851968,2.11,0.763,2.1,0.22790001,0.50887,39.26,Consumer Cyclical,4,5146608,4968905,2.23,4.061
ANTM,15.481287,0.023,6," 4,343,499,776.00 ",1,1.051424,3,4,1.525,69.312,0.259,0.232,0.067150004,10.616,0.713,17.1,0.17%,90.31%,Health Care Plans,4343499776,1.1,1.366,1.9,0.048299998,0.1575,351.225,Healthcare,9,3995875,3842782,3.75,16.432
DIS,15.158322,0.07,8," 12,023,000,064.00 ",1,1.254999,5,10,0.877,46.229,0.291,0.232,0.30087999,10.958,3.297,7.39,4.47%,65.14%,Media - Diversified,12023000064,1.44,0.712,2.4,0.094610006,0.25729,38.323,Consumer Cyclical,3,29278362,26534390,3.67,7.921
SBUX,20.246212,0.115,3," 4,551,399,936.00 ",1,0.578637,6,5,1.006,170.113,0.298,0.233,0.20993,15.105,3.171,2.64,2.96%,74.72%,Restaurants,4551399936,1.59,0.682,2.3,0.15100999,0.92447996,17.124,Consumer Cyclical,2,26824990,27147718,2.54,3.203
BZUN,30.508572,0.305,," 33,467,512.00 ",,3.899047,,,2.124,9.019,0.235,0.235,0.07675,59.765,4.587,1.75,0.00%,63.09%,Specialty Retail,33467512,43.89,1.392,2,0.06436,0.12401,12.443,Consumer Cyclical,,6768410,6193890,3.4,0.568
AIMC,12.436305,0.063,2," 53,725,000.00 ",1,1.541883,6,1,2.576,67.088,0.226,0.236,0.14374,10.3,1.481,3.14,2.45%,105.14%,Diversified Industrials,53725000,1,1.342,1.5,0.06501,0.13746001,31.514,Industrials,3,655311,572668,4.74,1.84
AOS,19.822525,0.129,10," 329,700,000.00 ",1,1.48669,10,5,2.151,14.338,0.245,0.239,0.19761999,15.421,3.047,2.93,0.91%,94.69%,Diversified Industrials,329700000,1.98,1.694,2,0.113129996,0.19719,18.284,Industrials,10,5928488,5410748,3.87,1.897
NOC,15.7017355,0.1,1," 2,238,000,128.00 ",1,0.712863,3,1,1.241,183.919,0.244,0.241,0.15287,15.96,2.44,19.01,0.51%,82.33%,Aerospace & Defense,2238000128,1.11,1.101,2,0.07022,0.31641,153.653,Industrials,3,1797828,1575211,1.34,12.757
TRN,18.474226,0.041,1," 694,700,032.00 ",1,2.22483,4,3,2.74,69.14,0.303,0.254,0.20313999,11.136,2.262,1.94,1.83%,86.12%,Railroads,694700032,2.23,1.606,1.9,0.029289998,0.15918,24.77,Industrials,1,5289283,5335843,3.39,4.581
BLK,15.717192,0.114,3," 5,418,999,808.00 ",1,1.609735,3,4,1.351,15.193,0.273,0.256,0.44521,12.355,5.501,30.48,3.74%,85.09%,Asset Management,5418999808,1.26,0.445,1.9,0.01732,0.17358999,82.751,Financial Services,4,1006764,1246167,1.37,33.162
TIF,22.62915,0.121,7," 449,200,000.00 ",2,1.693651,8,6,6.045,31.636,0.272,0.258,0.24247,14.495,3.514,5.42,0.92%,91.40%,Luxury Goods,449200000,2.33,1.673,2.4,0.10244001,0.14422,35.613,Consumer Cyclical,7,3892235,3781118,3.21,3.608
OC,9.044728,0.142,1," 305,000,000.00 ",1,1.076635,3,1,1.593,87.377,0.271,0.26,0.15548,9.25,1.438,6.26,1.34%,99.73%,Building Materials,305000000,0.61,0.794,2.3,0.044359997,0.075040005,61.422,Basic Materials,4,4457182,5069790,2.09,2.704
PFE,13.436893,0.044,1," 22,545,000,448.00 ",2,0.957756,5,1,1.16,58.509,0.274,0.26,0.40328997,12.633,5.095,3.11,0.04%,72.66%,Drug Manufacturers - Major,22545000448,1.95,0.838,2.8,0.05731,0.35081002,8.972,Healthcare,1,52192249,57638413,2.41,3.744
RCL,12.160714,0.065,7," 1,725,828,992.00 ",1,1.416469,7,6,0.2,79.555,0.281,0.262,0.30941,12.424,3.844,10.08,20.52%,73.00%,Leisure,1725828992,1.06,0.068,1.7,0.048600003,0.16872999,41.93,Consumer Cyclical,8,3506689,3224065,2.06,8.041
HPQ,11.307339,0.117,4," 4,536,000,000.00 ",2,1.757212,1,6,0.854,,0.317,0.264,0.08314,8.279,0.688,2.18,0.17%,82.70%,Computer Systems,4536000000,1.25,0.566,2.1,0.08051,,34.824,Technology,4,18309622,24879010,3.34,2.742
AMAT,9.755102,0.193,1," 3,419,000,064.00 ",1,1.326634,2,1,2.519,77.773,0.376,0.268,0.30916,8.213,2.539,4.41,0.35%,78.72%,Semiconductor Equipment & Materials,3419000064,0.56,1.589,1.9,0.16497,0.44,16.618,Technology,3,13409550,15061436,1.41,3.265
WUBA,22.245615,0.323,," 247,335,776.00 ",,1.601755,,,1.28,3.636,0.251,0.271,0.22793,26.756,6.098,3.42,4.85%,74.48%,Internet Content & Information,247335776,0.68,1.026,1.9,0.04603,0.08167,11.801,Technology,,2504957,2642105,2.26,1.662
CMCSA,13.258065,0.021,10," 23,953,999,872.00 ",1,1.364863,7,8,0.958,88.362,0.327,0.276,0.32563,8.078,2.63,2.79,0.68%,83.75%,Pay TV,23953999872,0.89,0.767,2,0.059759997,0.36947,18.76,Communication Services,10,62178138,71552338,3.1,5.088
UNH,18.65601,0.121,1," 11,859,999,744.00 ",1,0.757217,5,2,0.706,66.617,0.284,0.279,0.084750004,15.233,1.291,14.39,1.62%,88.19%,Health Care Plans,11859999744,1.37,0.637,1.5,0.069699995,0.24525999,221.177,Healthcare,2,6141661,6410144,2.66,12.013
PYPL,32.510567,0.23,5," 2,036,999,936.00 ",2,1.252396,6,6,1.378,13.316,0.294,0.28,0.18162,38.142,6.927,2.84,5.05%,82.40%,Credit Services,2036999936,2.05,0.985,1.9,0.03482,0.13572,12.14,Financial Services,4,17711470,13416106,2.11,1.679
BWA,9.11875,0.127,5," 535,600,000.00 ",2,1.994616,2,9,1.585,53.601,0.3,0.282,0.16625999,6.428,1.069,4.8,0.58%,95.63%,Auto Parts,535600000,1.52,1.131,2.4,0.08612,0.15071,50.052,Consumer Cyclical,2,4561905,5992779,2.38,2.543
TSCO,19.233114,0.097,3," 480,360,992.00 ",1,1.258344,2,5,1.923,40.949,0.352,0.29,0.115150005,12.662,1.458,4.59,0.54%,83.88%,Specialty Retail,480360992,1.51,0.082,2.4,0.1488,0.34452,60.752,Consumer Cyclical,5,5586328,5379489,3.64,3.842
BAX,22.604864,0.091,4," 919,000,000.00 ",1,1.057808,7,3,2.621,39.441,0.308,0.294,0.21372999,17.075,3.649,3.29,0.09%,86.33%,Medical Instruments & Supplies,919000000,1.88,1.765,2.3,0.059369996,0.10192,20.352,Healthcare,5,4721321,5075949,1.52,1.642
ABB,14.786163,0.051,8," 2,219,000,064.00 ",10,1.109534,2,9,1.153,73.729,0.305,0.297,0.13502,11.938,1.612,1.59,0.00%,5.37%,Diversified Industrials,2219000064,2.86,0.793,2.8,0.05444,0.16712,16.645,Industrials,1,2435195,3809087,1.17,1.029
TOL,7.0486383,0.273,2," 629,052,992.00 ",2,1.281114,5,3,6.732,80.166,0.451,0.301,0.11744001,11.033,1.296,5.14,7.61%,81.99%,Residential Construction,629052992,0.39,0.826,2.4,0.04749,0.13862,43.385,Consumer Cyclical,2,8294833,7508982,4.07,3.992
MLM,17.72703,0.132,9," 722,275,008.00 ",1,0.77925,9,9,2.055,66.295,0.298,0.303,0.27261,15.429,4.206,11.21,0.65%,104.80%,Building Materials,722275008,1.61,1,1.8,0.05298,0.15998,60.597,Basic Materials,9,3394456,2773083,4.14,11.42
DG,16.079105,0.09,4," 1,624,322,944.00 ",1,0.763782,1,7,1.65,45.931,0.337,0.305,0.102060005,12.608,1.287,6.7,0.20%,102.79%,Discount Stores,1624322944,1.16,0.124,2.1,0.10457,0.27612,88.424,Consumer Defensive,6,6704530,5657178,4.11,5.975
FB,21.070742,0.419,10," 19,062,999,040.00 ",2,0.718886,10,10,10.671,0.152,0.319,0.311,0.56488,17.182,9.706,8.34,1.28%,74.58%,Internet Content & Information,19062999040,1.11,10.257,1.8,0.18115999,0.26145,16.703,Technology,10,27705406,24296950,0.78,6.463
AAPL,16.786873,0.173,1," 56,120,000,512.00 ",1,1.142598,2,6,1.307,99.696,0.401,0.321,0.30764,14.395,4.429,13.56,0.07%,61.33%,Consumer Electronics,56120000512,1.47,1.099,2,0.12222999,0.45373002,50.626,Technology,1,42160518,42845978,1.61,11.038
VMC,20.866291,0.164,4," 651,816,000.00 ",2,0.848372,4,1,1.458,62.481,0.339,0.329,0.24313,17.856,4.341,5.31,0.24%,99.54%,Building Materials,651816000,0.87,0.854,1.6,0.04303,0.13547,31.138,Basic Materials,7,5451532,6046630,3.73,4.821
TJX,20.327173,0.116,9," 2,974,718,976.00 ",1,0.383187,6,10,1.643,42.702,0.375,0.338,0.13176,13.683,1.803,5.41,0.08%,92.18%,Apparel Stores,2974718976,2.07,0.767,2.1,0.19406,0.60908,60.126,Consumer Cyclical,5,7159856,8562165,2.67,4.677
A,22.740742,0.08,8," 298,000,000.00 ",2,1.454999,2,8,3.616,39.383,0.352,0.349,0.24121,18.214,4.393,2.97,0.27%,86.88%,Diagnostics & Research,298000000,2.24,2.824,1.6,0.07179,0.06493,14.935,Healthcare,9,4686717,5108038,2.02,0.913
AAP,20.529411,0.028,3," 535,057,984.00 ",1,0.978446,1,9,1.634,28.575,0.359,0.354,0.09897,13.006,1.287,7.99,0.29%,103.28%,Specialty Retail,535057984,1.67,0.435,2.3,0.04993,0.15769,127.386,Consumer Cyclical,1,3094591,3374272,3.38,7.22
YELP,76,0.119,6," 157,398,000.00 ",1,0.94986,2,9,13.685,,0.333,0.355,0.04382,79.627,3.489,0.62,7.81%,90.41%,Internet Content & Information,157398000,6.37,13.372,2.5,0.008690001,0.15858,10.766,Technology,8,8223451,5495260,2.32,1.753
BKNG,19.428074,0.169,3," 2,749,515,008.00 ",1,0.88198,6,5,1.921,83.674,0.399,0.357,0.3987,17.154,6.839,100.45,0.29%,94.87%,Leisure,2749515008,1.37,1.732,2.2,0.12973,0.24925,282.44,Consumer Cyclical,2,1268571,1221294,2.57,55.7
KLAC,12.042487,0.14,2," 802,265,024.00 ",1,1.525615,3,1,3.735,138.068,0.373,0.362,0.39633,10.991,4.356,9.65,0.25%,94.94%,Semiconductor Equipment & Materials,802265024,1.16,2.9,2.1,0.17231001,0.54447,25.819,Technology,5,5744978,5942704,3.55,5.1
RP,35.86207,0.341,5," 5,349,000.00 ",1,0.867585,4,7,0.964,57.575,0.145,0.365,0.16815001,41.873,7.041,1.74,5.40%,0.00%,Software - Application,5349000,1.74,0.756,1.9,0.02091,0.00695,9.478,Technology,7,3232552,2520844,4.73,0.057
WM,20.56561,0.017,2," 2,184,000,000.00 ",1,0.664069,2,4,0.748,161.757,0.42,0.378,0.28,12.718,3.561,4.42,0.24%,80.58%,Waste Management,2184000000,1.77,0.677,2,0.07788,0.37793,33.698,Industrials,5,5153196,6029359,2.57,4.993
PVH,13.8586645,0.127,3," 692,300,032.00 ",1,0.723124,5,1,1.725,53.516,0.395,0.38,0.12088,11.713,1.416,10.33,0.53%,98.82%,Apparel Manufacturing,692300032,1.21,0.633,2,0.04402,0.12944001,123.271,Consumer Cyclical,6,1232408,2015521,1.61,8.855
FANG,11.077767,0.945,7," 569,540,992.00 ",2,0.554195,8,9,0.541,32.717,0.379,0.383,0.65307,12.903,8.426,10.93,0.67%,104.15%,Oil & Gas E&P,569540992,0.37,0.513,1.7,0.05288,0.122279994,17.105,Energy,6,5074366,4298473,3.67,5.755
CX,11.435484,0.123,," 563,968,000.00 ",,1.443538,,,0.761,94.397,0.333,0.393,0.18313,9.143,1.674,0.62,0.35%,35.68%,Building Materials,563968000,1.08,0.531,2.2,0.03753,0.059369996,8.62,Basic Materials,,17560891,21075934,2.75,0.36
TPR,16.299036,0.309,5," 397,500,000.00 ",2,0.060405,1,5,2.593,49.331,0.369,0.396,0.19888,12.766,2.539,3.11,0.20%,92.90%,Luxury Goods,397500000,1.86,1.695,2.1,0.09084,0.12727,20.603,Consumer Cyclical,8,3934138,5794276,1.1,1.38
QCOM,15.831797,0.042,4," (4,201,999,872.00)",1,1.599064,4,1,2.734,97.455,0.414,0.408,0.30269,12.542,3.796,4.34,0.16%,79.52%,Semiconductors,-4201999872,1.25,2.41,2.3,0.05287,-0.15461999,15.451,Technology,7,15903428,15021444,1.5,-2.853
AEP,17.368038,0.122,4," 1,928,199,936.00 ",1,-0.020225,3,2,0.505,130.812,0.408,0.409,0.33015,11.338,3.743,4.13,0.02%,73.96%,Utilities - Regulated Electric,1928199936,3.29,0.292,2.1,0.03213,0.10609,32.461,Utilities,7,6287873,7715362,2.6,3.91
MT,6.320083,0.16,2," 5,301,000,192.00 ",1,3.208866,3,3,1.384,31.933,0.412,0.411,0.122880004,4.816,0.592,4.78,0.00%,3.46%,Steel,5301000192,4.81,0.343,1.6,0.04675,0.13582,73.215,Basic Materials,1,3804437,5032325,1.85,5.179
UTX,16.819923,0.093,1," 5,072,000,000.00 ",1,1.132886,4,1,1.458,84.565,0.422,0.423,0.16805,11.863,1.994,7.83,0.08%,83.87%,Aerospace & Defense,5072000000,2.1,1.05,2.1,0.052589998,0.16950001,79.398,Industrials,5,17165728,14525557,4.68,6.351
M,10.266854,0.037,3," 1,664,000,000.00 ",2,0.606534,5,8,1.532,93.926,0.396,0.431,0.105170004,5.896,0.62,3.56,0.29%,95.38%,Department Stores,1664000000,-11.51,0.297,2.8,0.05547,0.32051998,81.534,Consumer Cyclical,1,39010058,47038105,4.7,5.378
RTN,17.163511,0.055,3," 2,399,000,064.00 ",1,0.547337,7,6,1.613,45.436,0.473,0.447,0.14954,15.272,2.284,11.62,0.16%,75.29%,Aerospace & Defense,2399000064,0.79,1.446,1.7,0.06955,0.21263,89.824,Industrials,2,4670618,4537154,2.7,8.289
BIDU,19.112236,0.244,," 3,833,743,872.00 ",,1.977889,,,2.192,33.576,0.603,0.45,0.3379,14.481,4.893,11.85,0.10%,80.60%,Internet Content & Information,3833743872,53.84,1.641,2,0.047659997,0.17066999,41,Technology,,4565128,3782329,1.17,11.01
XEC,10.56,0.219,8," 584,211,008.00 ",2,0.883948,8,5,1.344,51.541,0.446,0.45,0.61115,6.837,4.179,8,1.61%,102.39%,Oil & Gas E&P,584211008,0.23,1.161,2.1,0.0962,0.22830999,22.836,Energy,8,3958413,4648182,2.81,6.237
LEN,7.4667625,0.674,10," 995,716,992.00 ",1,1.226122,8,10,7.356,82.49,0.054,0.452,0.09997,17.761,1.776,6.92,1.77%,98.08%,Residential Construction,995716992,0.37,0.623,1.9,0.04073,0.09397,58.784,Consumer Cyclical,10,14247028,15929777,4.2,3.768
LYB,9.841187,0.215,1," 5,838,000,128.00 ",1,1.409769,1,7,2.265,81.345,0.501,0.462,0.18410999,7.147,1.316,11.46,19.78%,76.15%,Specialty Chemicals,5838000128,1.19,1.33,2.7,0.14159,0.66876,95.614,Basic Materials,1,6349147,7291842,3.77,14.809
TXT,18.556452,0.034,3," 466,000,000.00 ",1,1.424049,6,3,2.27,72.51,0.526,0.464,0.10831001,13.076,1.416,3.72,0.21%,83.35%,Aerospace & Defense,466000000,1.5,0.77,1.9,0.046479996,0.08439,55.734,Industrials,4,7421249,5261471,3.92,1.768
CCL,12.918067,0.104,7," 2,827,000,064.00 ",1,1.113855,5,6,0.245,41.278,0.5,0.48,0.29303,9.777,2.865,4.76,17.21%,78.67%,Leisure,2827000064,1.14,0.15,2,0.0519,0.12056,25.593,Consumer Cyclical,9,12163970,12538858,3.69,3.93
KORS,13.548508,0.263,9," 652,800,000.00 ",2,-0.514528,6,8,1.369,40.22,0.525,0.485,0.23793,9.854,2.345,5.36,4.76%,91.78%,Apparel Manufacturing,652800000,1.95,0.469,2.5,0.18931,0.36038,32.897,Consumer Cyclical,10,5002608,5067302,2.06,4.24
SINA,15.2274685,0.497,," 158,400,992.00 ",,1.207329,,,3.025,31.051,0.516,0.499,0.25661,8.626,2.214,4.66,12.32%,71.90%,Internet Content & Information,158400992,0.65,2.536,1.6,0.055370003,0.12066,26.958,Technology,,1287247,1056401,1.38,2.105
RHT,37.211586,0.202,6," 296,679,008.00 ",2,1.21994,3,7,1.276,52.31,0.439,0.503,0.19601,41.061,8.048,3.97,0.52%,97.35%,Software - Application,296679008,2.49,1.141,2.3,0.064,0.21675,17.256,Technology,8,6367033,7487877,3.75,1.587
EW,27.52672,0.121,2," 656,600,000.00 ",1,0.721992,4,3,2.279,37.706,0.535,0.519,0.30238,27.874,8.428,5.24,3.94%,0.00%,Medical Devices,656600000,2.12,1.623,2,0.11465,0.21514,16.865,Healthcare,2,2787070,2606167,2.16,3.045
JBHT,18.75,0.239,9," 755,486,016.00 ",2,1.105017,10,3,1.129,49.426,0.557,0.55,0.13998,12.708,1.779,6.44,20.69%,74.68%,Integrated Shipping & Logistics,755486016,1.02,0.893,2.3,0.10419,0.4391,72.229,Industrials,7,2653492,3005986,2.73,6.828
ACN,23.223902,0.163,2," 3,962,835,968.00 ",1,1.011362,3,3,1.291,0.284,0.526,0.558,0.1627,16.651,2.709,7.28,0.21%,73.71%,Information Technology Services,3962835968,2.46,1.191,2.3,0.1601,0.4361,61.955,Technology,3,7221518,8430257,3.82,6.243
CSCO,14.698462,0.059,1," 110,000,000.00 ",1,1.120561,7,1,2.287,59.182,0.687,0.569,0.2998,13.477,4.04,3.25,0.10%,76.02%,Communication Equipment,110000000,1.73,2.11,2.1,0.06599,0.00201,10.198,Technology,1,40119782,42120412,2.19,0.02
DHI,9.572042,0.174,6," 1,307,399,936.00 ",1,0.983832,9,5,7.513,35.275,0.553,0.57,0.12771,9.422,1.203,4.65,6.34%,85.91%,Residential Construction,1307399936,0.53,0.776,2.1,0.09518,0.16125,41.794,Consumer Cyclical,6,10699837,11486384,2.1,3.41
CCI,66.68421,0.281,6," 392,256,000.00 ",1,0.335595,4,3,0.905,126.978,0.17,0.607,0.54323,23.495,12.763,1.71,0.34%,98.19%,REIT - Diversified,392256000,4.29,0.608,2.2,0.02871,0.050359998,12.14,Real Estate,8,10497117,10924617,4.89,0.955
DXC,9.976998,0.009,9," 1,880,999,936.00 ",2,1.034128,6,10,0.947,59.709,0.625,0.629,0.22035,5.591,1.232,9.13,0.31%,87.51%,Information Technology Services,1880999936,0.36,0.843,2.2,0.06844,0.15771,86.298,Technology,6,4409163,6886667,2.5,6.386
ILMN,57.978756,0.254,9," 648,000,000.00 ",1,1.118981,9,9,2.742,37.78,0.621,0.633,0.32839,50.088,16.448,6.12,0.49%,91.83%,Diagnostics & Research,648000000,3.07,2.389,1.9,0.0998,0.19079,21.181,Healthcare,6,2259185,2183298,2.12,4.398
ATVI,23.717106,0.006,9," 506,000,000.00 ",1,0.654288,9,10,2.978,42.471,0.625,0.654,0.30848,24.94,7.694,3.04,6.00%,89.79%,Electronic Gaming & Multimedia,506000000,1.87,2.617,2,0.05526,0.05045,9.588,Technology,3,13792763,9898607,2.24,0.657
ON,10.564357,0.088,1," 933,500,032.00 ",1,2.026906,1,2,1.545,89.344,0.591,0.654,0.22383,8.723,1.953,2.02,1.28%,94.75%,Semiconductors,933500032,0.69,0.817,2.2,0.067,0.35916,13.182,Technology,2,26679031,27202407,4.2,2.131
WMB,30.193876,0.087,2," 2,007,000,064.00 ",1,1.987385,1,3,0.787,137.988,0.632,0.667,0.42938,14.515,6.232,0.98,0.11%,60.66%,Oil & Gas Midstream,2007000064,3.62,0.591,1.9,0.024130002,0.14928001,10.031,Energy,5,45109771,23180147,2.64,2.418
OXY,14.574818,0.334,1," 2,231,000,064.00 ",1,0.604377,1,3,1.36,49.267,0.667,0.673,0.47639,10.282,4.898,5.48,0.32%,83.96%,Oil & Gas E&P,2231000064,0.24,0.852,2.1,0.036170002,0.10689,18.726,Energy,1,8970010,7249557,1.86,2.911
GLW,16.50739,0.1,5," (971,000,000.00)",1,1.259398,4,7,2.23,38.456,0.843,0.681,0.26928,11.62,3.129,2.03,0.29%,72.88%,Electronic Components,-971000000,1.96,1.329,2.3,0.03659,-0.05451,12.299,Technology,5,22331573,25291688,3.7,-1.189
ASML,25.535494,0.396,1," 3,033,698,304.00 ",1,1.159473,1,2,2.687,24.902,0.735,0.714,0.31889,23.119,7.373,8.03,0.00%,16.80%,Semiconductor Equipment & Materials,3033698304,1.44,1.567,2,0.09389,0.22155,27.687,Technology,4,2542642,2992908,2.37,7.064
CSX,18.447762,0.058,1," 6,169,999,872.00 ",1,1.256733,8,1,1.663,98.324,0.836,0.72,0.47833002,13.74,6.572,4.02,5.27%,76.93%,Railroads,6169999872,1.01,1.408,2.1,0.07249,0.48166,13.06,Industrials,1,19785151,11221856,3.12,6.939
LPX,10.414286,0.168,4," 499,400,000.00 ",1,1.59445,4,2,5.68,21.276,0.706,0.722,0.27083,4.523,1.225,2.8,0.61%,94.32%,Building Materials,499400000,1.89,4.517,2.5,0.17497,0.32072,20.27,Basic Materials,8,6802157,6221874,3.53,3.371
EMR,20.626345,0.103,9," 2,082,000,000.00 ",2,1.193863,9,8,1.233,70.78,0.752,0.724,0.21025999,14.197,2.985,3.72,0.65%,72.04%,Diversified Industrials,2082000000,1.34,0.926,2.4,0.09125,0.25531,26.708,Industrials,10,5921041,6741286,2.09,3.273
STM,13.885906,0.18,4," 460,000,000.00 ",1,1.124487,3,5,2.358,30.35,0.706,0.728,0.22293,8.946,1.994,1.49,0.00%,4.86%,Semiconductors,460000000,0.31,1.467,2.5,0.08772001,0.088690005,10.207,Technology,7,5331826,5091039,1.8,0.513
VIPS,9.830986,0.184,," 337,839,296.00 ",,2.342929,,,1.114,41.431,0.553,0.764,0.04329,8.175,0.354,0.71,4.29%,62.03%,Specialty Retail,337839296,592.64,0.844,2.7,0.04818,0.18951,19.477,Consumer Cyclical,,21228183,18245607,3.13,0.517
ADBE,34.22208,0.239,2," 2,167,361,024.00 ",1,0.778122,8,6,2.076,21.643,0.773,0.771,0.35861,43.263,15.515,7.7,0.31%,87.29%,Software - Application,2167361024,1.6,1.987,2,0.11376,0.26256,16.495,Technology,1,3630343,4142131,1.52,4.339
INTC,11.289044,0.149,5," 13,288,999,936.00 ",2,0.862937,6,7,1.571,40.176,0.81,0.783,0.43745,8.227,3.599,4.29,0.04%,68.59%,Semiconductors,13288999936,1.14,0.96,2.6,0.10309,0.19166,14.173,Technology,3,80130799,83311747,3.21,2.773
KBH,7.8144655,0.098,2," 119,744,000.00 ",1,1.216582,3,3,2.625,122.939,0.732,0.803,0.079169996,10.773,0.853,3.18,12.32%,87.96%,Residential Construction,119744000,0.68,0.554,2.9,0.044180002,0.06542,52.025,Consumer Cyclical,2,7568069,4828317,4.2,1.296
TOT,10.491639,0.337,3," 10,101,999,616.00 ",1,0.630172,4,2,1.347,44.919,0.747,0.827,0.17357999,6.628,1.151,5.98,0.01%,5.24%,Oil & Gas Integrated,10101999616,24.28,0.794,2,0.04306,0.08493,65.956,Energy,4,2533486,1931078,0.96,3.828
IDTI,20.330145,0.162,2," 1,870,000.00 ",2,1.433005,1,1,5.661,78.652,0.917,0.838,0.24555,23.489,5.768,2.09,0.79%,106.09%,Semiconductors,1870000,1.44,4.851,2.2,0.06978,0.00266,6.64,Technology,6,5620647,7192435,4.93,0.014
STZ,19.847473,0.061,10," 2,664,199,936.00 ",1,-0.149161,9,4,1.811,95.658,0.904,0.866,0.36200002,17.865,6.467,10.49,5.29%,85.87%,Beverages - Wineries & Distilleries,2664199936,1.84,0.521,2,0.07356,0.29795,39.727,Consumer Defensive,10,4831912,4977934,2.2,13.334
NVDA,35.17293,0.4,4," 4,301,000,192.00 ",1,1.426308,7,1,7.408,22.752,0.913,0.889,0.39058998,30.806,12.032,7.98,4.27%,68.07%,Semiconductors,4301000192,2.22,6.57,2,0.24794,0.58248,19.631,Technology,7,11273456,13275030,1.5,6.861
WB,20.036552,0.684,," 472,110,016.00 ",,2.684216,,,3.97,61.456,0.879,0.916,0.36913,30.144,11.127,3.83,7.41%,38.29%,Internet Content & Information,472110016,0.6,3.369,1.8,0.15641,0.40049,6.624,Technology,,6965820,7709852,3,2.079
FOXA,18.683128,0.177,10," 4,476,000,256.00 ",1,1.074736,10,2,2.345,90.543,0.928,0.933,0.22714001,14.247,3.236,2.43,1.14%,96.36%,Media - Diversified,4476000256,1.78,1.788,2.5,0.07546,0.24361,16.415,Consumer Cyclical,10,33212712,37143530,2.28,2.404
MOMO,14.331269,0.583,," 424,259,008.00 ",,1.099996,,,3.463,21.175,0.867,0.938,0.30211002,17.33,5.236,3.23,3.11%,70.10%,Internet Content & Information,424259008,0.67,2.215,1.8,0.19502,0.38042,8.359,Technology,,4773426,5298769,1.24,2.04
FND,30.131145,0.262,," 142,948,000.00 ",,,,,1.498,29.98,0.9,0.95,0.113570005,20.968,2.381,1.22,3.23%,102.44%,Home Improvement Stores,142948000,1.14,0.172,2.1,0.08166,0.31915,16.455,Consumer Cyclical,,6555954,6538611,4.79,1.363
WWE,66.219696,0.312,9," 51,447,000.00 ",1,1.201956,8,5,1.34,72.981,0.833,0.956,0.15622,48.713,7.61,1.32,1.24%,116.20%,Media - Diversified,51447000,5.37,1.242,2.3,0.10132,0.19226,11.249,Consumer Cyclical,10,6838485,6731249,4.49,0.628
LULU,40.878628,0.245,4," 349,628,000.00 ",1,-0.095414,3,2,2.912,7.575,0.985,0.966,0.24367,22.645,5.518,3.79,6.33%,86.34%,Apparel Stores,349628000,2.5,1.784,2.3,0.21062,0.25726998,21.628,Consumer Cyclical,8,4573343,4065490,3.07,2.573
COG,14.442425,0.023,3," 132,808,000.00 ",2,0.444291,5,8,1.671,70.68,0.943,0.971,0.50519,13.003,6.569,1.65,1.58%,97.00%,Oil & Gas E&P,132808000,0.44,1.63,2.4,0.00115,0.05538,3.794,Energy,1,28089087,20023079,4.82,0.289
NCS,9.602273,0.169,5," 52,708,000.00 ",2,1.244631,1,6,1.576,136.745,1.157,0.975,0.09236,8.465,0.782,1.76,1.91%,97.92%,Metal Fabrication,52708000,0.34,0.712,2.6,0.07953,0.17031,28.52,Industrials,6,719222,773406,0.88,0.784
SMTC,22.547169,0.066,1," 49,592,000.00 ",1,1.230979,1,3,4.126,31.181,0.947,1.003,0.19926001,31.508,6.278,2.65,1.87%,101.20%,Semiconductors,49592000,2.05,3.385,1.7,0.038039997,0.07384,8.827,Technology,2,1107439,1055316,3.9,0.732
GRUB,60.55042,0.51,7," 127,400,000.00 ",1,0.64927,8,5,3.432,8.741,0.941,1.041,0.20858999,71.538,14.922,2.38,0.27%,100.17%,Internet Content & Information,127400000,2.57,3.361,2.3,0.04935,0.105100006,9.612,Technology,8,6361204,7281480,3.41,1.416
INTU,30.105625,0.173,2," 1,211,000,064.00 ",1,1.134051,3,6,1.136,18.607,1,1.042,0.29091,31.774,9.244,7.29,4.69%,90.49%,Software - Application,1211000064,2.01,0.876,2.3,0.20238,0.65318,23.297,Technology,2,2848799,2847957,2.63,4.64
ADM,13.96122,0.142,2," 1,939,000,064.00 ",2,0.841863,4,7,1.591,40.623,1.083,1.051,0.04304,12.816,0.552,3.61,0.29%,78.62%,Farm Products,1939000064,-1.65,0.358,2.3,0.02917,0.107650004,112.573,Consumer Defensive,1,10317571,9421576,2.8,3.425
NUE,9.58589,0.249,7," 1,669,917,056.00 ",2,1.639829,6,5,3.055,44.08,1.125,1.115,0.13356,7.735,1.033,6.52,0.49%,80.43%,Steel,1669917056,0.69,1.5,1.9,0.083900005,0.19026,69.815,Basic Materials,8,4374713,4787766,1.67,5.216
CAT,10.847656,0.237,2," 3,132,000,000.00 ",1,1.569542,2,4,1.365,242.083,1.089,1.128,0.20334,10.675,2.171,12.8,0.18%,68.52%,Farm & Construction Equipment,3132000000,0.46,0.9,2.4,0.06026,0.21598,85.885,Industrials,4,11921063,6926987,2.41,5.176
FTNT,43.853405,0.214,6," 88,599,000.00 ",2,0.489811,6,8,1.737,,1.154,1.143,0.13218,58.497,7.732,1.91,17.42%,73.44%,Software - Application,88599000,1.91,1.629,2.4,0.04073,0.104090005,9.55,Technology,6,6655807,7080232,4.13,0.512
NTAP,17.788933,0.116,5," 228,000,000.00 ",2,1.647006,3,7,2.061,90.635,1.234,1.16,0.19771999,16.209,3.205,4.88,0.15%,98.40%,Data Storage,228000000,1.23,1.913,2.3,0.07026,0.097229995,22.797,Technology,5,10770176,12355744,4.24,0.837
SU,20.59,0.428,3," 3,331,627,520.00 ",1,0.923215,2,4,0.895,39.844,1.269,1.234,0.33965,8.668,2.944,2,0.04%,73.72%,Oil & Gas Integrated,3331627520,1.92,0.544,2,0.04481,0.09802,16.527,Energy,3,6876466,7654542,1.8,2.017
MU,4.527586,0.401,2," 12,177,999,872.00 ",1,1.2315,3,5,2.632,24.897,1.214,1.321,0.63281,3.507,2.219,11.6,4.37%,77.33%,Semiconductor Memory,12177999872,0.12,2.033,2,0.22025,0.52349997,24.639,Technology,2,51719195,51298358,1.65,9.97
CVX,13.476678,0.302,1," 12,110,000,128.00 ",1,1.133413,4,1,1.075,25.112,1.312,1.351,0.18381001,9.953,1.829,8.79,0.07%,66.89%,Oil & Gas Integrated,12110000128,0.28,0.764,2,0.02106,0.081020005,75.577,Energy,1,17189972,18408680,3.25,6.353
STLD,9.275863,0.293,6," 1,047,990,976.00 ",1,1.297205,9,2,3.606,64.069,1.429,1.355,0.15253,7.751,1.182,4.93,4.41%,86.92%,Steel,1047990976,0.69,1.88,2.1,0.11396,0.3093,44.173,Basic Materials,4,7181788,7154276,3.75,4.391
PSX,12.12999,0.391,8," 5,878,000,128.00 ",1,0.908429,7,8,1.243,45.529,1.69,1.435,0.041149996,16.18,0.666,9.77,0.19%,71.66%,Oil & Gas Refining & Marketing,5878000128,0.46,0.772,2.6,0.03293,0.24989,204.896,Energy,8,5329445,5794843,2.2,11.823
HUN,8.812139,0.17,3," 513,000,000.00 ",1,3.295364,6,4,1.934,63.047,1.498,1.479,0.15665,7.606,1.192,3.46,14.38%,80.11%,Chemicals,513000000,1.19,0.542,1.9,0.06671,0.29287001,37.891,Basic Materials,1,6909117,7930492,2.9,4.429
SHPG,10.879578,0.046,4," 4,823,300,096.00 ",9,1.368253,1,1,1.552,48.734,1.59,1.561,0.42514,10.638,4.523,16.11,0.07%,20.36%,Biotechnology,4823300096,2.26,0.527,1.7,0.039,0.14181,51.228,Healthcare,1,1225382,1778249,1.63,15.825
CYBR,44.105263,0.352,," 20,031,000.00 ",,0.82596,,,3.37,,1.556,1.581,0.115439996,53.466,6.172,1.71,3.20%,81.53%,Software - Infrastructure," 20,031,000.00 ",1.89,3.283,2,0.03049,0.054250002,8.323,Technology,," 377,134.00 "," 975,415.00 ",0.64,0.542
ABT,20.62963,0.17,7," 812,000,000.00 ",2,1.746748,7,8,1.578,67.914,1.595,1.59,0.23128,19.796,4.578,3.24,0.72%,74.53%,Medical Devices,812000000,1.93,0.945,1.8,0.03171,0.02634,16.892,Healthcare,7,11652061,11803752,2.3,0.522
WDC,5.187859,0.057,8," 675,000,000.00 ",1,0.50844,6,10,2.387,96.887,1.658,1.7,0.28517,4.172,1.19,12.19,0.34%,84.86%,Data Storage,675000000,0.96,1.625,2,0.08125,0.05883,69.519,Technology,5,8074596,8052368,2.02,2.2
SNE,13.76029,0.051,1," 5,778,875,904.00 ",1,1.653121,1,2,0.917,34.079,1.788,1.8,0.12505999,7.041,0.881,4.13,0.00%,7.72%,Consumer Electronics,5778875904,1.8,0.707,1,0.02596,0.19382,61.951,Technology,5,1774709,2654595,2.1,4.467
PE,12.565611,1.189,6," 238,631,008.00 ",2,0.018185,8,5,0.929,35.786,1.639,1.924,0.62661,12.077,7.568,2.21,16.84%,2.51%,Oil & Gas E&P,238631008,0.32,0.851,1.9,0.02725,0.04614,5.491,Energy,6,10924501,13990063,2.6,0.822
PHM,7.240933,0.271,2," 743,977,984.00 ",1,0.740339,2,3,4.546,72.25,2.521,2.217,0.15042,7.602,1.143,3.86,8.59%,91.73%,Residential Construction,743977984,0.17,0.293,2.7,0.0875,0.16715999,32.562,Consumer Cyclical,5,20295044,23073799,3.82,2.549
FCX,12.433628,0.393,8," 2,872,999,936.00 ",1,2.563615,2,10,2.723,86.645,2.207,2.243,0.39289,4.594,1.805,1.13,0.48%,72.89%,Copper,2872999936,0.44,1.39,2.6,0.094519995,0.28921,13.389,Basic Materials,2,23800118,29238375,1.27,1.983
IAC,34,0.38,10," 501,881,984.00 ",2,1.163887,10,7,2.775,60.254,2.338,2.295,0.13312,33.77,4.495,5.8,1.30%,95.91%,Internet Content & Information,501881984,1.14,2.494,1.7,0.042150002,0.22358999,46.508,Technology,10,3411762,2650146,3.37,5.231
BSX,22.506329,0.103,6," 521,000,000.00 ",1,0.969722,3,3,0.827,83.846,2.753,2.801,0.27063,21.486,5.815,1.58,0.27%,95.33%,Medical Devices,521000000,2.51,0.378,1.6,0.05662,0.06956,6.906,Healthcare,9,11422242,12535162,1.58,0.379
OKE,23.045456,0.086,5," 773,243,008.00 ",1,1.276301,6,5,0.557,119.693,1.061,2.92,0.16021,17.448,2.795,2.86,0.59%,75.37%,Oil & Gas Midstream,773243008,0.58,0.37,2.3,0.06058,0.1257,32.141,Energy,6,8335198,10055219,3.62,1.938
NVS,14.929856,0.076,4," 13,850,000,384.00 ",10,0.918407,1,1,1.148,42.075,2.988,2.923,0.30122,13.562,4.085,5.56,0.01%,11.30%,Drug Manufacturers - Major,13850000384,2.3,0.785,2.7,0.04782,0.18866,22.433,Healthcare,9,2458628,1796542,1.23,5.884
ZBRA,15.064913,0.129,6," 171,000,000.00 ",5,1.619306,2,4,1.094,186.766,3.031,3.118,0.18632999,15.084,2.811,11.4,1.29%,90.92%,Diversified Industrials,171000000,1.64,0.591,1.9,0.07569,0.18143,73.469,Industrials,6,552295,455002,1.24,3.141
HCLP,4.4569287,0.838,," 189,650,000.00 ",,1.297392,,,1.847,22.639,2.723,3.152,0.28834,4.997,1.441,2.67,10.67%,25.72%,Industrial Metals & Minerals,189650000,-2.96,1.425,2.4,0.11534,0.24154,9.488,Basic Materials,,9770137,7909666,3.04,2.084
WPM,24.898552,0.064,6," 315,132,000.00 ",2,0.527316,6,7,4.759,18.273,3.786,3.705,0.66275,15.121,10.021,0.69,0.15%,58.73%,Silver,315132000,3.85,4.594,1.8,0.031600002,0.0614,1.937,Basic Materials,3,5266343,5152580,3.02,0.711
IP,9.035336,0.084,6," 2,623,000,064.00 ",1,1.74007,9,7,1.575,167.381,4.068,4.062,0.16003999,8.782,1.405,5.66,1.99%,84.16%,Packaging & Containers,2623000064,0.66,1.014,2.1,0.040749997,0.45953,54.9,Consumer Cyclical,4,7139203,6589304,3.44,7.135
VALE,8.198757,0.337,10," 4,568,266,752.00 ",9,1.997617,7,4,1.684,50.064,4.1,4.1,0.44085997,6.205,2.735,1.61,0.09%,20.98%,Industrial Metals & Minerals,4568266752,0.49,1.066,2.2,0.07565,0.11408,5.956,Basic Materials,10,55084008,70637781,2.24,0.764
CLF,6.7449665,0.516,6," 593,000,000.00 ",1,1.376679,3,10,3.257,,4.389,4.192,0.2651,7.005,1.857,1.49,0.89%,68.59%,Industrial Metals & Minerals,593000000,-2.09,2.011,2.1,0.13817,,8.311,Basic Materials,3,38671151,39326771,2.41,1.482
EXC,14.1,0.054,3," 3,808,999,936.00 ",1,0.160401,8,4,1.194,109.559,4.574,4.674,0.29243,7.846,2.295,3.1,0.23%,81.25%,Utilities - Diversified,3808999936,3.28,0.644,2,0.02757,0.12753999,36.152,Utilities,2,19941826,22739854,3.89,3.93
NFLX,84.33027,0.403,10," 989,580,032.00 ",2,1.137365,10,9,1.537,185.519,4.667,4.859,0.10374,114.391,11.867,4.36,1.73%,76.21%,Media - Diversified,989580032,2.21,0.643,2.3,0.04348,0.2601,32,Consumer Cyclical,10,16529310,16604277,1.29,2.203
HFC,10.676217,0.293,2," 1,400,252,032.00 ",1,0.932027,4,3,2.38,37.288,4.954,4.981,0.12880999,7.146,0.921,6.98,0.55%,93.39%,Oil & Gas Refining & Marketing,1400252032,0.29,1.172,2.8,0.099989995,0.25704,92.558,Energy,2,8026445,10300858,3.17,7.873
ADI,16.669477,0.097,8," 1,404,416,000.00 ",1,1.085628,8,8,1.581,60.382,5.111,5.014,0.45163,15.283,6.902,5.93,0.39%,90.35%,Semiconductors,1404416000,1.51,1.108,2,0.05964,0.13572,16.624,Technology,9,7855257,7889346,4.24,3.755
SNH,27.695654,0.046,9," 459,022,016.00 ",2,0.466369,10,8,6.018,106.585,6.695,6.704,0.49596,15.255,7.566,0.69,1.49%,75.88%,REIT - Healthcare Facilities,459022016,3.38,1.84,3.2,0.02339,0.13694,4.625,Real Estate,9,3793719,3506089,2.59,1.93
AVGO,10.653211,0.197,," 10,976,000,000.00 ",,0.481851,,,5.873,54.879,6.938,7.45,0.44472998,11.78,5.239,20.56,0.18%,86.19%,Semiconductors,10976000000,0.77,5.19,2.1,0.049629997,0.41838002,47.689,Technology,,9028050,6420198,1.56,26.526
YPF,10.292517,0.546,," 744,417,984.00 ",,1.776823,,,1.224,114.314,8.407,8.401,0.27103,4.461,1.209,1.47,5.09%,25.68%,Oil & Gas Integrated,744417984,-0.05,0.846,1.9,0.0108,0.10741,28.664,Energy,,1475934,1028172,1.34,1.898
YNDX,23.977612,0.342,8," 1,317,100,672.00 ",1,2.632228,5,6,2.851,9.518,8.507,8.689,0.22513,11.16,2.513,1.34,3.57%,83.95%,Internet Content & Information,1317100672,5692.79,2.684,1.9,0.04753,0.26919,10.614,Technology,10,3080590,3617901,0.74,3.937
VRTX,39.234043,0.382,9," 415,286,016.00 ",2,1.864987,5,10,3.675,21.833,10.452,10.523,0.22251,77.788,17.308,4.7,0.45%,97.68%,Biotechnology,415286016,0.86,3.409,1.8,0.08488,0.106709994,10.395,Healthcare,9,2448576,3007584,1.93,1.613
AMZN,79.33425,0.393,7," 6,274,999,808.00 ",1,1.614361,9,9,1.072,130.844,11.675,11.863,0.099130005,48.247,4.783,25.37,16.24%,58.42%,Specialty Retail,6274999808,2.51,0.767,1.7,0.0416,0.2156,430.455,Consumer Cyclical,1,4824106,4178272,0.95,12.627
ANDV,12.49305,0.621,4," 2,108,999,936.00 ",1,0.978752,5,4,1.417,64.318,10.053,11.875,0.080249995,10.217,0.82,12.23,6.56%,79.94%,Oil & Gas Refining & Marketing,2108999936,0.44,0.596,2.7,0.05685,0.17791,277.586,Energy,5,3546619,3682196,3.24,13.661
WY,22.835526,0.142,5," 987,000,000.00 ",2,1.515002,7,5,2.18,69.335,12.943,12.208,0.28455,14.624,4.161,1.52,0.22%,79.03%,Lumber & Wood Production,987000000,4.57,1.385,2.2,0.05643,0.10745,10.089,Basic Materials,5,13699566,13212069,3.68,1.3
CRM,55.92674,0.281,7," 723,478,016.00 ",2,1.134253,5,9,0.803,27.173,18.5,15.858,0.09927,98.99,9.827,2.73,5.00%,87.75%,Software - Application,723478016,2.19,0.638,1.7,0.01312,0.06583,16.179,Technology,6,11000683,14593312,2.67,0.959
HAL,14.1453905,0.24,4," 117,000,000.00 ",1,1.193716,5,8,2.239,122.933,18.333,17.25,0.18809,10.009,1.883,2.82,0.30%,81.91%,Oil & Gas Equipment & Services,117000000,0.41,1.542,1.8,0.06865,0.012359999,26.626,Energy,1,16672077,12510421,1.64,0.109
BP,11.911112,0.334,1," 7,063,000,064.00 ",1,0.825978,1,1,1.103,59.308,18.389,18.438,0.112679996,6.078,0.685,3.6,0.02%,12.79%,Oil & Gas Integrated,7063000064,0.14,0.693,2.5,0.03049,0.07216,81.57,Energy,1,4151044,5002771,0.73,2.118
EBAY,13.414729,0.091,6," (1,031,000,000.00)",5,1.366952,1,7,2.371,129.317,22.895,21.138,0.29816,13.219,3.941,2.58,6.17%,87.17%,Specialty Retail,-1031000000,1.07,1.822,2.2,0.05603,-0.110740006,9.824,Consumer Cyclical,3,25855969,23693174,2.12,-1.006
EOG,17.060608,0.696,3," 3,866,329,088.00 ",1,1.255914,6,6,0.985,36.87,29,29.223,0.43882,11.844,5.197,6.93,0.48%,88.58%,Oil & Gas E&P,3866329088,0.2,0.763,2.1,0.054380003,0.24662,24.841,Energy,1,7793923,12292112,2.89,6.667
PBR,6.3941174,0.26,1," 3,112,023,296.00 ",9,2.707819,1,1,1.704,123.022,30.874,30.873,0.29793,6.004,1.789,1.7,0.08%,12.21%,Oil & Gas Integrated,3112023296,0.41,1.158,2.7,0.03575,0.04409,12.398,Energy,10,43425244,54416242,2.35,0.478
CF,25.218447,0.157,2," 589,000,000.00 ",1,1.356475,2,5,2.797,74.264,62,48.333,0.32158002,13.807,4.44,2.06,6.12%,21.17%,Agricultural Inputs,589000000,0.65,2.212,2.6,0.020769998,0.10966,18.071,Basic Materials,3,10657687,13190112,4.09,2.515
AGN,11.424911,0.029,8," (1,387,200,000.00)",5,1.286079,3,8,0.996,35.573,,,0.45904,11.929,5.476,16.78,0.28%,86.95%,Drug Manufacturers - Specialty & Generic,-1387200000,2,0.728,2.1,0.00066,-0.01629,48.279,Healthcare,7,3739110,3583918,2.11,-5.318
ALXN,14.313817,0.145,8," (100,300,000.00)",10,1.187198,1,8,2.716,36.553,,,0.45599997,17.209,7.847,8.54,0.47%,96.17%,Biotechnology,-100300000,0.99,1.953,1.8,0.05649,-0.01137,16.807,Healthcare,2,3597823,3934046,2.24,-0.454
AMD,39.95238,0.526,1," 315,000,000.00 ",2,3.601925,2,5,1.659,158.476,,,0.098079994,39.291,3.854,0.63,0.52%,72.29%,Semiconductors,315000000,94.57,1.125,2.6,0.07811,0.48611,6.628,Technology,3,146326415,161542174,1.86,0.289
AOBC,19.48611,0.076,2," 29,938,000.00 ",1,-0.299052,4,2,2.599,45.548,,,0.15414,7.37,1.136,0.72,2.12%,68.40%,Aerospace & Defense,29938000,1.3,0.722,2,0.03737,0.07326,11.384,Industrials,3,2089420,2632286,2.67,0.547
APC,16.55527,0.31,6," 417,000,000.00 ",2,1.856898,4,3,0.854,152.318,,,0.40460998,10.601,4.289,3.89,0.33%,88.57%,Oil & Gas E&P,417000000,1.83,0.783,1.9,0.00378,0.045050003,22.457,Energy,6,12041331,11766638,2.38,0.786
BG,11.666068,0.043,3," (40,000,000.00)",5,1.447781,1,1,1.495,117.63,,,0.02569,16.583,0.426,5.57,0.44%,83.58%,Farm Products,-40000000,1.18,0.345,2.2,0.01604,0.0007,325.549,Consumer Defensive,3,3304159,2184375,2.49,-0.254
BTU,15.888463,0.054,3," 847,000,000.00 ",2,,1,7,2.277,39.574,,,0.2475,3.508,0.868,2.6,14.04%,9.13%,Coal,847000000,-0.48,1.803,2,0.054770004,0.27741,42.665,Basic Materials,2,3829973,4415322,3.78,5.664
COP,14.369863,0.26,9," 4,527,000,064.00 ",2,1.388512,3,10,1.749,47.96,,,0.37928,7.565,2.869,5.11,0.09%,73.50%,Oil & Gas E&P,4527000064,0.15,1.497,2.2,0.05371,0.14867,27.733,Energy,7,12598074,16007086,2.21,3.788
CY,11.550335,0.051,1," 15,788,000.00 ",2,2.672555,3,4,1.374,47.901,,,0.19497,14.386,2.805,1.49,0.58%,85.32%,Semiconductors,15788000,0.55,0.792,2.4,0.033570003,0.00858,6.934,Technology,1,18535517,18216727,3.43,0.045
DVN,15.9,0.027,2," (406,000,000.00)",2,2.910799,6,1,1.65,47.229,,,0.21614,10.643,2.3,2.7,0.46%,86.43%,Oil & Gas E&P,-406000000,0.33,0.311,2.1,0.0096,-0.0105,26.192,Energy,3,25513605,11474404,4.14,-0.483
ETP,13.919752,0.431,," 1,256,999,936.00 ",,1.844554,,,0.986,99.527,,,0.18694,10.953,2.048,1.62,2.72%,63.20%,Oil & Gas Midstream,1256999936,0.37,0.705,1.6,0.0312,0.10373,28.839,Energy,,12494031,8383047,1.35,1.079
FLR,16.402857,0.036,3," 252,032,992.00 ",1,1.430085,4,6,1.454,51.994,,,0.0394,10.493,0.413,3.5,0.49%,90.26%,Engineering & Construction,252032992,0.58,1.313,2.4,0.03746,0.09632,140.412,Industrials,2,5322162,4762348,4.09,1.789
HIG,10.094189,0.137,3," 449,000,000.00 ",1,0.711284,5,4,1.991,39.048,,,0.13479,8.08,1.089,4.99,0.39%,92.54%,Insurance - Diversified,449000000,0.53,1.218,2.6,0.00866,0.0301,50.338,Financial Services,4,2760156,3970754,1.44,-6.391
JBL,9.986486,0.211,1," 189,323,008.00 ",2,0.166482,3,1,1.023,112.037,,,0.06398,4.964,0.318,2.96,8.34%,92.89%,Contract Manufacturers,189323008,0.95,0.425,2.7,0.03443,0.084,121.859,Technology,2,4968647,7111477,4.96,1.05
JBLU,10.659218,0.05,1," 826,000,000.00 ",2,0.103013,2,2,0.591,30.306,,,0.17094,5.2,0.889,1.79,0.68%,90.42%,Airlines,826000000,1.01,0.465,2.9,0.05189,0.19297001,22.606,Industrials,1,14260398,11772520,2.35,2.568
KEYS,17.876032,0.207,3," 241,000,000.00 ",2,0.87973,2,5,2.424,68.504,,,0.17363001,20.334,3.531,3.63,0.50%,88.82%,Scientific & Technical Instruments,241000000,1.28,1.488,1.6,0.036259998,0.099750005,19.861,Technology,6,1140421,1647049,1.58,1.263
KMI,17.524754,0.018,7," (411,000,000.00)",1,0.79285,8,8,0.49,107.598,,,0.42205003,13.557,5.722,1.01,13.70%,62.45%,Oil & Gas Midstream,-411000000,1.65,0.345,1.8,0.02791,-0.00541,6.203,Energy,6,35365854,33663856,2.79,-0.185
LITE,12.859848,0.352,1," 241,500,000.00 ",2,-0.01784,2,3,5.267,33.708,,,0.18361999,17.671,3.245,5.28,3.33%,110.75%,Communication Equipment,241500000,0.84,4.246,1.9,0.06747,0.2884,20.027,Technology,2,10491803,9191142,4.97,3.82
LL,17.785715,0.076,5," (19,352,000.00)",2,1.187248,2,7,1.734,17.86,,,0.02642,18.728,0.495,0.98,11.23%,0.00%,Home Improvement Stores,-19352000,1.93,0.07,2.8,0.01881,-0.09491,37.274,Consumer Cyclical,4,5538201,6488898,3.73,-0.68
MANU,2.0646179,0.081,," 4,258,097.00 ",,1.019296,,,0.874,99.239,,,0.34405,16.099,5.539,12.69,7.51%,88.88%,Leisure,4258097,-20.3,0.82,2.3,0.03078,0.006970001,4.98,Consumer Cyclical,,81809,72932,1.35,0.026
MCK,8.978382,0.03,9," (384,000,000.00)",2,1.354695,8,10,0.997,89.231,,,0.01872,8.984,0.168,14.34,0.29%,91.39%,Medical Distribution,-384000000,1.72,0.555,2.6,0.03017,-0.01268,1020.233,Healthcare,4,7497411,7257295,4.25,-1.847
MRO,18.07563,0.542,3," (175,000,000.00)",1,3.091192,2,7,1.51,45.31,,,0.54714,7.462,4.083,1.19,0.26%,83.10%,Oil & Gas E&P,-175000000,-0.21,1.391,2.3,0.00038,-0.01426,6.416,Energy,3,12050772,14521045,1.11,-0.206
MX,14.102565,0.198,," 30,515,000.00 ",,1.218914,,,2.503,,,,0.10464,7.386,0.773,0.78,0.46%,83.41%,Semiconductors,30515000,-2.37,1.869,2.3,0.05174,,20.954,Technology,,1155634,1237122,3.44,0.829
NWSA,27.229166,0.295,10," (1,516,000,000.00)",1,1.878231,10,3,1.334,18.596,,,0.09552,10.245,0.979,0.48,0.59%,95.82%,Broadcasting - TV,-1516000000,1.62,1.107,2.9,0.02286,-0.13377,15.487,Consumer Cyclical,10,9199882,7961588,3.95,-2.602
QNST,17.639534,0.368,9," 15,930,000.00 ",10,0.897539,5,10,2.023,,,,0.05788,27.84,1.611,0.86,11.44%,87.63%,Internet Content & Information,15930000,0.21,1.958,2,0.04953,0.11959,8.711,Technology,2,2809886,2836470,4.58,0.32
RFP,7.6815643,0.138,," 119,000,000.00 ",,1.414699,,,2.524,39.894,,,0.13983,3.791,0.53,1.79,0.79%,92.64%,Paper & Paper Products,119000000,33.24,1.189,2.8,0.045450002,0.074499995,39.945,Basic Materials,,410291,394136,1.08,1.292
SLB,22.967272,0.113,3," (755,000,000.00)",1,1.019833,5,2,1.122,47.703,,,0.21468,15.04,3.229,2.75,0.08%,80.45%,Oil & Gas Equipment & Services,-755000000,0.81,0.774,2.1,0.02848,-0.01939,23.252,Energy,5,18191500,20800798,3.01,-0.545
STAA,190.8,0.546,4," 3,448,000.00 ",1,1.894579,2,7,2.684,13.672,,,0.059359998,304.808,18.095,0.25,0.99%,80.44%,Medical Instruments & Supplies,3448000,95.1,1.967,1.2,0.03083,0.07716,2.643,Healthcare,6,857551,922701,1.4,0.083
TWTR,44.531643,0.238,7," 231,098,000.00 ",2,0.56468,7,8,11.003,48.398,,,0.21733,40.424,8.785,0.79,10.91%,65.75%,Internet Content & Information,231098000,1.57,10.558,3,0.02289,0.04487,3.621,Technology,6,54655594,47088911,1.71,0.309
YY,8.587641,0.446,," 255,910,848.00 ",,1.666914,,,4.476,3.735,,,0.21952999,7.035,1.544,8.9,2.05%,88.14%,Internet Content & Information,255910848,36.42,4.08,1.9,0.110410005,0.1252,33.24,Technology,,2316431,2756691,1.47,4.073
ZNGA,21.894737,0.037,10," 35,718,000.00 ",1,0.603303,6,10,2.007,,,,0.088870004,40.706,3.617,0.19,8.36%,77.58%,Electronic Gaming & Multimedia,35718000,0.93,1.825,2.5,0.015470001,0.02249,1.019,Technology,10,34774604,30885764,3.5,0.041
