,Underlying,timestamp,quarter
0,A,2017-08-16,2017-10-31
1,A,2017-11-21,2018-01-31
2,A,2018-02-15,2018-04-30
3,A,2018-05-15,2018-07-31
6,AA,2017-11-20,2018-03-31
7,AA,2018-01-18,2018-06-30
13,AAL,2017-07-28,2017-09-30
14,AAL,2017-10-26,2017-12-31
17,AAOI,2017-08-04,2017-09-30
18,AAOI,2017-11-08,2017-12-31
19,AAOI,2018-02-22,2018-03-31
20,AAOI,2018-05-09,2018-06-30
25,AAPL,2017-08-02,2017-09-30
27,AAPL,2018-02-02,2018-03-31
28,AAPL,2018-05-02,2018-06-30
29,AAXN,2017-08-09,2017-09-30
30,AAXN,2017-11-08,2017-12-31
31,AAXN,2018-02-28,2018-03-31
32,AAXN,2018-05-09,2018-06-30
33,ABX,2017-07-27,2017-09-30
34,ABX,2017-10-26,2017-12-31
35,ABX,2018-02-15,2018-03-31
36,ABX,2018-04-24,2018-06-30
37,ACAD,2017-08-09,2017-09-30
38,ACAD,2017-11-08,2017-12-31
39,ACAD,2018-02-28,2018-03-31
40,ACAD,2018-05-04,2018-06-30
45,ACN,2017-12-21,2017-08-31
46,ACN,2018-03-22,2017-11-30
49,ACRX,2017-08-03,2017-09-30
50,ACRX,2017-11-10,2017-12-31
51,ACRX,2018-03-08,2018-03-31
52,ACRX,2018-05-10,2018-06-30
61,ADM,2017-08-01,2017-09-30
62,ADM,2017-10-31,2017-12-31
63,ADM,2018-02-06,2018-03-31
64,ADM,2018-05-01,2018-06-30
65,ADMP,2017-11-15,2017-09-30
66,ADMP,2018-04-02,2017-12-31
69,ADP,2017-07-27,2017-09-30
70,ADP,2017-11-02,2017-12-31
71,ADP,2018-01-31,2018-03-31
72,ADP,2018-05-02,2018-06-30
73,ADRO,2017-08-04,2017-09-30
75,ADRO,2018-05-03,2018-03-31
77,ADSK,2017-08-25,2017-10-31
79,ADSK,2018-03-07,2018-04-30
80,ADSK,2018-05-25,2018-07-31
85,AEM,2017-07-27,2017-09-30
86,AEM,2017-10-26,2017-12-31
87,AEM,2018-02-15,2018-03-31
88,AEM,2018-04-27,2018-06-30
93,AEP,2017-07-27,2017-09-30
94,AEP,2017-10-26,2017-12-31
95,AEP,2018-01-25,2018-03-31
96,AEP,2018-04-26,2018-06-30
100,AERI,2018-05-09,2018-06-30
101,AES,2017-08-08,2017-09-30
103,AES,2018-02-27,2018-03-31
104,AES,2018-05-08,2018-06-30
105,AET,2017-08-03,2017-09-30
106,AET,2017-10-31,2017-12-31
107,AET,2018-01-30,2018-03-31
108,AET,2018-05-01,2018-06-30
109,AFL,2017-07-28,2017-09-30
110,AFL,2017-10-26,2017-12-31
111,AFL,2018-02-01,2018-03-31
112,AFL,2018-04-26,2018-06-30
113,AFMD,2017-08-03,2017-09-30
114,AFMD,2017-11-07,2017-12-31
115,AFMD,2018-03-20,2018-03-31
116,AFMD,2018-05-15,2018-06-30
119,AG,2017-08-03,2017-09-30
120,AG,2017-11-03,2017-12-31
121,AGEN,2017-08-03,2017-09-30
122,AGEN,2017-11-07,2017-12-31
123,AGEN,2018-03-15,2018-03-31
124,AGEN,2018-05-07,2018-06-30
125,AGN,2017-08-03,2017-09-30
126,AGN,2017-11-01,2017-12-31
127,AGN,2018-02-06,2018-03-31
128,AGN,2018-04-30,2018-06-30
129,AGNC,2017-07-27,2017-09-30
132,AGNC,2018-04-26,2018-06-30
133,AHL,2017-07-27,2017-09-30
134,AHL,2017-10-26,2017-12-31
135,AHL,2018-02-08,2018-03-31
136,AHL,2018-05-03,2018-06-30
137,AIG,2017-08-03,2017-09-30
138,AIG,2017-11-03,2017-12-31
139,AIG,2018-02-09,2018-03-31
140,AIG,2018-05-03,2018-06-30
141,AIMC,2017-07-25,2017-09-30
142,AIMC,2017-10-20,2017-12-31
143,AIMC,2018-02-21,2018-03-31
144,AIMC,2018-04-27,2018-06-30
149,AKAM,2017-07-26,2017-09-30
150,AKAM,2017-10-25,2017-12-31
151,AKAM,2018-02-07,2018-03-31
152,AKAM,2018-05-01,2018-06-30
153,AKAO,2017-08-04,2017-09-30
154,AKAO,2017-11-09,2017-12-31
155,AKAO,2018-02-28,2018-03-31
156,AKAO,2018-05-04,2018-06-30
157,AKRX,2017-08-03,2017-09-30
158,AKRX,2017-11-03,2017-12-31
159,AKRX,2018-03-02,2018-03-31
161,AKS,2017-07-25,2017-09-30
162,AKS,2017-10-25,2017-12-31
163,AKS,2018-01-30,2018-03-31
164,AKS,2018-04-30,2018-06-30
165,ALB,2017-08-08,2017-09-30
167,ALB,2018-02-28,2018-03-31
168,ALB,2018-05-10,2018-06-30
169,ALGN,2017-07-28,2017-09-30
170,ALGN,2017-10-27,2017-12-31
171,ALGN,2018-01-31,2018-03-31
172,ALGN,2018-04-26,2018-06-30
173,ALK,2017-07-26,2017-09-30
174,ALK,2017-10-25,2017-12-31
175,ALK,2018-01-25,2018-03-31
176,ALK,2018-04-23,2018-06-30
177,ALKS,2017-07-27,2017-09-30
178,ALKS,2017-10-26,2017-12-31
179,ALKS,2018-02-14,2018-03-31
180,ALKS,2018-04-26,2018-06-30
181,ALL,2017-08-02,2017-09-30
182,ALL,2017-11-02,2017-12-31
183,ALL,2018-02-08,2018-03-31
184,ALL,2018-05-02,2018-06-30
185,ALLY,2017-07-27,2017-09-30
186,ALLY,2017-10-25,2017-12-31
187,ALLY,2018-01-30,2018-03-31
188,ALLY,2018-04-26,2018-06-30
189,ALNY,2017-08-10,2017-09-30
190,ALNY,2017-11-08,2017-12-31
191,ALNY,2018-02-08,2018-03-31
192,ALNY,2018-05-04,2018-06-30
193,ALRM,2017-08-09,2017-09-30
194,ALRM,2017-11-09,2017-12-31
195,ALRM,2018-02-28,2018-03-31
196,ALRM,2018-05-04,2018-06-30
197,ALV,2017-07-21,2017-09-30
198,ALV,2017-10-26,2017-12-31
199,ALV,2018-01-30,2018-03-31
201,ALXN,2017-07-27,2017-09-30
202,ALXN,2017-10-26,2017-12-31
203,ALXN,2018-02-08,2018-03-31
204,ALXN,2018-04-26,2018-06-30
205,AM,2017-08-03,2017-09-30
206,AM,2017-11-02,2017-12-31
207,AM,2018-02-14,2018-03-31
208,AM,2018-04-26,2018-06-30
213,AMBA,2017-09-01,2017-10-31
215,AMBA,2018-03-02,2018-04-30
217,AMC,2017-08-04,2017-09-30
219,AMC,2018-03-01,2018-03-31
220,AMC,2018-05-08,2018-06-30
221,AMD,2017-07-26,2017-09-30
223,AMD,2018-01-31,2018-03-31
224,AMD,2018-04-26,2018-06-30
225,AMGN,2017-07-26,2017-09-30
226,AMGN,2017-10-26,2017-12-31
227,AMGN,2018-02-02,2018-03-31
228,AMGN,2018-04-25,2018-06-30
229,AMRN,2017-08-02,2017-09-30
230,AMRN,2017-11-01,2017-12-31
231,AMRN,2018-02-27,2018-03-31
232,AMRN,2018-05-02,2018-06-30
233,AMRS,2017-08-11,2017-09-30
234,AMRS,2017-11-15,2017-12-31
235,AMRS,2018-03-16,2018-03-31
236,AMRS,2018-05-15,2018-06-30
237,AMT,2017-07-27,2017-09-30
238,AMT,2017-10-31,2017-12-31
239,AMT,2018-02-27,2018-03-31
240,AMT,2018-05-01,2018-06-30
241,APO,2017-08-02,2017-09-30
242,APO,2017-11-01,2017-12-31
243,APO,2018-02-01,2018-03-31
244,APO,2018-05-03,2018-06-30
250,APTI,2017-10-31,2017-12-31
251,APTI,2018-02-06,2018-03-31
252,APTI,2018-05-01,2018-06-30
253,AR,2017-08-03,2017-09-30
254,AR,2017-11-02,2017-12-31
255,AR,2018-02-14,2018-03-31
256,AR,2018-04-26,2018-06-30
257,BABA,2017-08-17,2017-09-30
259,BABA,2018-02-01,2018-03-31
261,BAC,2017-07-18,2017-09-30
262,BAC,2017-10-13,2017-12-31
263,BAC,2018-01-17,2018-03-31
264,BAC,2018-04-16,2018-06-30
265,BAX,2017-07-26,2017-09-30
266,BAX,2017-10-25,2017-12-31
267,BAX,2018-02-01,2018-03-31
268,BAX,2018-04-26,2018-06-30
273,BBD,2017-11-14,2017-09-30
274,BBD,2018-02-01,2017-12-31
275,BBD,2018-04-26,2018-03-31
285,BCEI,2017-08-09,2017-09-30
286,BCEI,2017-11-09,2017-12-31
287,BCEI,2018-03-15,2018-03-31
288,BCEI,2018-05-09,2018-06-30
289,BCO,2017-07-26,2017-09-30
290,BCO,2017-10-25,2017-12-31
291,BCO,2018-02-07,2018-03-31
292,BCO,2018-04-25,2018-06-30
294,BDC,2017-11-01,2017-12-31
297,BDX,2017-08-03,2017-09-30
298,BDX,2017-11-02,2017-12-31
299,BDX,2018-02-06,2018-03-31
300,BDX,2018-05-03,2018-06-30
301,BEAT,2017-08-09,2017-09-30
303,BEAT,2018-02-23,2018-03-31
304,BEAT,2018-04-26,2018-06-30
305,BEN,2017-07-28,2017-09-30
306,BEN,2017-10-26,2017-12-31
307,BEN,2018-01-30,2018-03-31
308,BEN,2018-04-26,2018-06-30
309,BERY,2017-08-03,2017-09-30
311,BERY,2018-02-07,2018-03-31
312,BERY,2018-05-03,2018-06-30
313,BFR,2018-02-23,2017-09-30
314,BFR,2018-06-05,2017-12-31
317,BG,2017-08-02,2017-09-30
318,BG,2017-11-01,2017-12-31
319,BG,2018-02-14,2018-03-31
320,BG,2018-05-02,2018-06-30
321,BGCP,2017-07-26,2017-09-30
322,BGCP,2017-10-26,2017-12-31
323,BGCP,2018-02-09,2018-03-31
324,BGCP,2018-05-03,2018-06-30
337,BIIB,2017-07-25,2017-09-30
338,BIIB,2017-10-24,2017-12-31
339,BIIB,2018-01-25,2018-03-31
340,BIIB,2018-04-24,2018-06-30
345,BK,2017-07-20,2017-09-30
347,BK,2018-01-18,2018-03-31
348,BK,2018-04-19,2018-06-30
349,BKNG,2017-08-09,2017-09-30
350,BKNG,2017-11-07,2017-12-31
351,BKNG,2018-02-28,2018-03-31
352,BKNG,2018-05-10,2018-06-30
357,BLD,2017-08-08,2017-09-30
358,BLD,2017-11-07,2017-12-31
359,BLD,2018-02-27,2018-03-31
360,BLD,2018-05-08,2018-06-30
361,BLDP,2017-08-03,2017-09-30
363,BLDP,2018-03-01,2018-03-31
364,BLDP,2018-05-02,2018-06-30
365,BLK,2017-07-17,2017-09-30
366,BLK,2017-10-11,2017-12-31
367,BLK,2018-01-12,2018-03-31
368,BLK,2018-04-12,2018-06-30
369,BLUE,2017-08-03,2017-09-30
370,BLUE,2017-11-01,2017-12-31
371,BLUE,2018-02-22,2018-03-31
373,BLX,2017-07-21,2017-09-30
374,BLX,2017-10-20,2017-12-31
375,BLX,2018-02-09,2018-03-31
376,BLX,2018-04-20,2018-06-30
377,BMA,2017-11-09,2017-09-30
378,BMA,2018-02-20,2017-12-31
381,BMRN,2017-08-03,2017-09-30
382,BMRN,2017-10-27,2017-12-31
383,BMRN,2018-02-23,2018-03-31
384,BMRN,2018-04-26,2018-06-30
385,BMY,2017-07-27,2017-09-30
386,BMY,2017-10-26,2017-12-31
387,BMY,2018-02-05,2018-03-31
388,BMY,2018-04-26,2018-06-30
389,BOX,2017-08-31,2017-10-31
391,BOX,2018-03-01,2018-04-30
392,BOX,2018-05-31,2018-07-31
393,BP,2017-08-01,2017-09-30
394,BP,2017-10-31,2017-12-31
395,BP,2018-02-06,2018-03-31
397,BPL,2017-08-04,2017-09-30
399,BPL,2018-02-09,2018-03-31
400,BPL,2018-05-04,2018-06-30
401,BSX,2017-07-27,2017-09-30
402,BSX,2017-10-26,2017-12-31
408,BTE,2017-08-01,2017-09-30
421,BWA,2017-07-27,2017-09-30
422,BWA,2017-10-26,2017-12-31
423,BWA,2018-02-08,2018-03-31
424,BWA,2018-04-26,2018-06-30
425,BX,2017-07-20,2017-09-30
426,BX,2017-10-19,2017-12-31
427,BX,2018-02-01,2018-03-31
428,BX,2018-04-19,2018-06-30
433,C,2017-07-14,2017-09-30
434,C,2017-10-12,2017-12-31
435,C,2018-01-16,2018-03-31
436,C,2018-04-13,2018-06-30
441,CAH,2017-08-02,2017-09-30
442,CAH,2017-11-06,2017-12-31
443,CAH,2018-02-08,2018-03-31
444,CAH,2018-05-03,2018-06-30
445,CAI,2017-07-27,2017-09-30
446,CAI,2017-10-20,2017-12-31
447,CAI,2018-02-15,2018-03-31
448,CAI,2018-04-27,2018-06-30
464,CARA,2018-05-10,2018-06-30
469,CASY,2017-12-12,2017-07-31
470,CASY,2018-03-07,2017-10-31
473,CAT,2017-07-25,2017-09-30
474,CAT,2017-10-24,2017-12-31
475,CAT,2018-01-25,2018-03-31
476,CAT,2018-04-24,2018-06-30
477,CBOE,2017-08-04,2017-09-30
478,CBOE,2017-11-07,2017-12-31
479,CBOE,2018-02-09,2018-03-31
480,CBOE,2018-05-04,2018-06-30
483,CBPO,2017-08-03,2017-09-30
484,CBPO,2017-11-02,2017-12-31
489,CBS,2017-08-08,2017-09-30
490,CBS,2017-11-03,2017-12-31
491,CBS,2018-02-16,2018-03-31
497,CCI,2017-07-20,2017-09-30
498,CCI,2017-10-19,2017-12-31
499,CCI,2018-01-25,2018-03-31
500,CCI,2018-04-19,2018-06-30
503,CCJ,2017-07-27,2017-09-30
504,CCJ,2017-10-27,2017-12-31
505,CCL,2017-12-19,2017-08-31
506,CCL,2018-03-22,2017-11-30
509,CDNS,2017-07-25,2017-09-30
511,CDNS,2018-02-01,2018-03-31
512,CDNS,2018-04-24,2018-06-30
517,CELG,2017-07-27,2017-09-30
518,CELG,2017-10-26,2017-12-31
519,CELG,2018-01-25,2018-03-31
520,CELG,2018-05-04,2018-06-30
521,CENX,2017-08-03,2017-09-30
522,CENX,2017-10-27,2017-12-31
523,CENX,2018-02-23,2018-03-31
524,CENX,2018-05-04,2018-06-30
525,CEQP,2017-08-01,2017-09-30
526,CEQP,2017-10-31,2017-12-31
527,CEQP,2018-02-20,2018-03-31
528,CEQP,2018-05-01,2018-06-30
529,CERN,2017-07-28,2017-09-30
531,CERN,2018-02-07,2018-03-31
532,CERN,2018-05-03,2018-06-30
537,CG,2017-08-02,2017-09-30
538,CG,2017-10-31,2017-12-31
539,CG,2018-02-07,2018-03-31
540,CG,2018-05-01,2018-06-30
541,CHGG,2017-07-26,2017-09-30
542,CHGG,2017-10-31,2017-12-31
543,CHGG,2018-02-13,2018-03-31
544,CHGG,2018-04-27,2018-06-30
545,CHK,2017-08-03,2017-09-30
546,CHK,2017-11-02,2017-12-31
547,CHK,2018-02-22,2018-03-31
548,CHK,2018-05-02,2018-06-30
553,CHTR,2017-07-27,2017-09-30
554,CHTR,2017-10-26,2017-12-31
555,CHTR,2018-02-02,2018-03-31
556,CHTR,2018-04-27,2018-06-30
557,CI,2017-08-04,2017-09-30
558,CI,2017-11-02,2017-12-31
559,CI,2018-02-01,2018-03-31
560,CI,2018-05-03,2018-06-30
561,CIEN,2017-08-31,2017-10-31
563,CIEN,2018-03-06,2018-04-30
564,CIEN,2018-05-31,2018-07-31
565,CIM,2017-08-02,2017-09-30
566,CIM,2017-11-02,2017-12-31
567,CIM,2018-02-14,2018-03-31
568,CIM,2018-05-03,2018-06-30
569,CL,2017-07-21,2017-09-30
570,CL,2017-10-27,2017-12-31
571,CL,2018-01-26,2018-03-31
572,CL,2018-04-27,2018-06-30
581,CLNE,2017-08-04,2017-09-30
582,CLNE,2017-11-03,2017-12-31
583,CLNE,2018-03-14,2018-03-31
584,CLNE,2018-05-11,2018-06-30
585,CLR,2017-08-09,2017-09-30
586,CLR,2017-11-08,2017-12-31
587,CLR,2018-02-22,2018-03-31
588,CLR,2018-05-03,2018-06-30
589,CLVS,2017-08-03,2017-09-30
591,CLVS,2018-02-27,2018-03-31
592,CLVS,2018-05-09,2018-06-30
593,CLX,2017-08-03,2017-09-30
594,CLX,2017-11-01,2017-12-31
595,CLX,2018-02-02,2018-03-31
596,CLX,2018-05-02,2018-06-30
605,CMCSA,2017-07-27,2017-09-30
606,CMCSA,2017-10-26,2017-12-31
607,CMCSA,2018-01-24,2018-03-31
608,CMCSA,2018-04-25,2018-06-30
609,CME,2017-08-01,2017-09-30
610,CME,2017-10-26,2017-12-31
611,CME,2018-02-01,2018-03-31
612,CME,2018-04-26,2018-06-30
613,CMG,2017-07-26,2017-09-30
614,CMG,2017-10-25,2017-12-31
615,CMG,2018-02-07,2018-03-31
616,CMG,2018-04-26,2018-06-30
618,CMI,2017-10-31,2017-12-31
622,CNAT,2017-11-02,2017-12-31
623,CNAT,2018-03-08,2018-03-31
624,CNAT,2018-05-03,2018-06-30
625,CNC,2017-07-25,2017-09-30
626,CNC,2017-10-24,2017-12-31
627,CNC,2018-02-06,2018-03-31
628,CNC,2018-04-24,2018-06-30
631,CNDT,2018-02-21,2018-03-31
632,CNDT,2018-05-09,2018-06-30
635,CNQ,2017-08-03,2017-09-30
641,COG,2017-07-28,2017-09-30
642,COG,2017-10-27,2017-12-31
643,COG,2018-02-23,2018-03-31
644,COG,2018-04-27,2018-06-30
645,COL,2017-07-28,2017-09-30
646,COL,2017-10-27,2017-12-31
647,COL,2018-01-26,2018-03-31
648,COL,2018-04-27,2018-06-30
653,CONN,2017-12-07,2017-07-31
654,CONN,2018-04-05,2017-10-31
657,COO,2017-09-01,2017-10-31
658,COO,2017-12-08,2018-01-31
659,COO,2018-03-09,2018-04-30
661,COP,2017-07-27,2017-09-30
662,COP,2017-10-26,2017-12-31
663,COP,2018-02-01,2018-03-31
664,COP,2018-04-26,2018-06-30
665,CORT,2017-08-02,2017-09-30
666,CORT,2017-11-03,2017-12-31
667,CORT,2018-02-23,2018-03-31
668,CORT,2018-05-09,2018-06-30
673,COTY,2017-08-22,2017-09-30
674,COTY,2017-11-09,2017-12-31
675,COTY,2018-02-08,2018-03-31
676,COTY,2018-05-09,2018-06-30
681,CPA,2017-08-10,2017-09-30
682,CPA,2017-11-09,2017-12-31
689,CPE,2017-08-03,2017-09-30
690,CPE,2017-11-07,2017-12-31
691,CPE,2018-02-28,2018-03-31
692,CPE,2018-05-03,2018-06-30
693,CRC,2017-08-04,2017-09-30
695,CRC,2018-02-27,2018-03-31
696,CRC,2018-05-04,2018-06-30
701,CRM,2017-08-23,2017-10-31
702,CRM,2017-11-22,2018-01-31
703,CRM,2018-03-01,2018-04-30
704,CRM,2018-05-30,2018-07-31
705,CRMD,2017-08-10,2017-09-30
706,CRMD,2017-11-10,2017-12-31
707,CRMD,2018-03-20,2018-03-31
708,CRMD,2018-05-16,2018-06-30
709,CROX,2017-08-09,2017-09-30
710,CROX,2017-11-07,2017-12-31
711,CROX,2018-02-28,2018-03-31
712,CROX,2018-05-08,2018-06-30
714,CRSP,2017-11-10,2017-12-31
719,CRUS,2018-02-06,2018-03-31
720,CRUS,2018-05-03,2018-06-30
729,CSTE,2017-08-02,2017-09-30
730,CSTE,2017-11-01,2017-12-31
731,CSTE,2018-02-07,2018-03-31
732,CSTE,2018-05-09,2018-06-30
733,CSX,2017-07-19,2017-09-30
734,CSX,2017-10-17,2017-12-31
735,CSX,2018-01-17,2018-03-31
736,CSX,2018-04-18,2018-06-30
737,CTB,2017-08-04,2017-09-30
738,CTB,2017-10-30,2017-12-31
739,CTB,2018-02-20,2018-03-31
740,CTB,2018-04-30,2018-06-30
741,CTL,2017-08-03,2017-09-30
742,CTL,2017-11-09,2017-12-31
743,CTL,2018-02-15,2018-03-31
744,CTL,2018-05-10,2018-06-30
749,CTSH,2017-08-03,2017-09-30
750,CTSH,2017-11-01,2017-12-31
751,CTSH,2018-02-07,2018-03-31
752,CTSH,2018-05-07,2018-06-30
753,CTSO,2017-08-08,2017-09-30
754,CTSO,2017-11-10,2017-12-31
755,CTSO,2018-03-09,2018-03-31
756,CTSO,2018-05-08,2018-06-30
757,CTXS,2017-08-03,2017-09-30
758,CTXS,2017-10-26,2017-12-31
759,CTXS,2018-02-01,2018-03-31
760,CTXS,2018-04-26,2018-06-30
763,CVE,2017-07-27,2017-09-30
764,CVE,2017-11-02,2017-12-31
765,CVGW,2017-12-19,2017-07-31
766,CVGW,2018-03-07,2017-10-31
772,CVNA,2018-05-10,2018-06-30
773,CVS,2017-08-08,2017-09-30
774,CVS,2017-11-06,2017-12-31
775,CVS,2018-02-08,2018-03-31
776,CVS,2018-05-02,2018-06-30
777,CVX,2017-07-28,2017-09-30
778,CVX,2017-10-27,2017-12-31
779,CVX,2018-02-02,2018-03-31
780,CVX,2018-04-27,2018-06-30
785,CX,2017-07-26,2017-09-30
786,CX,2017-10-25,2017-12-31
787,CX,2018-02-09,2018-03-31
790,CY,2017-10-27,2017-12-31
793,CYBR,2017-08-09,2017-09-30
794,CYBR,2017-11-02,2017-12-31
795,CYBR,2018-02-15,2018-03-31
796,CYBR,2018-05-04,2018-06-30
797,CYH,2017-08-02,2017-09-30
798,CYH,2017-11-02,2017-12-31
799,CYH,2018-02-28,2018-03-31
801,CZR,2017-08-04,2017-09-30
802,CZR,2017-11-02,2017-12-31
805,D,2017-08-02,2017-09-30
807,D,2018-01-29,2018-03-31
808,D,2018-04-27,2018-06-30
809,DAL,2017-07-13,2017-09-30
810,DAL,2017-10-11,2017-12-31
813,DAR,2017-08-10,2017-09-30
815,DAR,2018-02-28,2018-03-31
816,DAR,2018-05-10,2018-06-30
817,DATA,2017-08-03,2017-09-30
818,DATA,2017-11-03,2017-12-31
819,DATA,2018-02-02,2018-03-31
820,DATA,2018-05-03,2018-06-30
821,DB,2017-07-27,2017-09-30
822,DB,2017-10-26,2017-12-31
825,DDD,2017-08-03,2017-09-30
826,DDD,2017-11-01,2017-12-31
827,DDD,2018-03-01,2018-03-31
828,DDD,2018-05-03,2018-06-30
837,DECK,2017-07-28,2017-09-30
838,DECK,2017-10-27,2017-12-31
839,DECK,2018-02-02,2018-03-31
840,DECK,2018-05-25,2018-06-30
841,DFS,2017-07-27,2017-09-30
842,DFS,2017-10-25,2017-12-31
843,DFS,2018-01-25,2018-03-31
844,DFS,2018-04-27,2018-06-30
849,DHI,2017-07-26,2017-09-30
850,DHI,2017-11-09,2017-12-31
851,DHI,2018-01-31,2018-03-31
852,DHI,2018-04-26,2018-06-30
853,DIN,2017-08-10,2017-09-30
854,DIN,2017-11-09,2017-12-31
855,DIN,2018-02-20,2018-03-31
856,DIN,2018-05-02,2018-06-30
857,DIS,2017-08-09,2017-09-30
859,DIS,2018-02-07,2018-03-31
860,DIS,2018-05-09,2018-06-30
861,DISCA,2017-08-08,2017-09-30
862,DISCA,2017-11-02,2017-12-31
863,DISCA,2018-02-27,2018-03-31
864,DISCA,2018-05-08,2018-06-30
865,DISH,2017-08-03,2017-09-30
866,DISH,2017-11-09,2017-12-31
867,DISH,2018-02-21,2018-03-31
868,DISH,2018-05-08,2018-06-30
877,DM,2017-08-02,2017-09-30
878,DM,2017-10-30,2017-12-31
879,DM,2018-01-29,2018-03-31
880,DM,2018-04-27,2018-06-30
881,DNKN,2017-07-27,2017-09-30
883,DNKN,2018-02-06,2018-03-31
884,DNKN,2018-04-26,2018-06-30
885,DNR,2017-08-08,2017-09-30
886,DNR,2017-11-07,2017-12-31
887,DNR,2018-02-22,2018-03-31
888,DNR,2018-05-08,2018-06-30
889,DOV,2017-07-20,2017-09-30
890,DOV,2017-10-19,2017-12-31
891,DOV,2018-01-30,2018-03-31
894,DPZ,2017-10-12,2017-12-31
901,DRRX,2017-08-09,2017-09-30
903,DRRX,2018-03-13,2018-03-31
904,DRRX,2018-05-09,2018-06-30
909,DUK,2017-08-03,2017-09-30
910,DUK,2017-11-03,2017-12-31
911,DUK,2018-02-20,2018-03-31
912,DUK,2018-05-10,2018-06-30
913,DVA,2017-08-02,2017-09-30
914,DVA,2017-11-08,2017-12-31
915,DVA,2018-02-14,2018-03-31
916,DVA,2018-05-04,2018-06-30
917,DVAX,2017-08-02,2017-09-30
918,DVAX,2018-05-08,2017-12-31
925,DVN,2017-08-02,2017-09-30
926,DVN,2017-11-01,2017-12-31
927,DVN,2018-02-21,2018-03-31
928,DVN,2018-05-02,2018-06-30
935,DXC,2018-02-09,2018-03-31
936,DXC,2018-05-25,2018-06-30
941,EA,2017-07-28,2017-09-30
942,EA,2017-11-01,2017-12-31
943,EA,2018-01-31,2018-03-31
944,EA,2018-05-09,2018-06-30
945,EBAY,2017-07-21,2017-09-30
946,EBAY,2017-10-19,2017-12-31
947,EBAY,2018-02-01,2018-03-31
948,EBAY,2018-04-26,2018-06-30
949,ECL,2017-08-01,2017-09-30
950,ECL,2017-10-31,2017-12-31
951,ECL,2018-02-20,2018-03-31
952,ECL,2018-05-01,2018-06-30
953,ECYT,2017-08-09,2017-09-30
954,ECYT,2017-11-07,2017-12-31
956,ECYT,2018-05-09,2018-06-30
957,ED,2017-08-04,2017-09-30
958,ED,2017-11-03,2017-12-31
959,ED,2018-02-16,2018-03-31
960,ED,2018-05-04,2018-06-30
961,EDIT,2017-08-10,2017-09-30
963,EDIT,2018-03-07,2018-03-31
964,EDIT,2018-05-04,2018-06-30
969,EFX,2017-07-27,2017-09-30
971,EFX,2018-03-02,2018-03-31
972,EFX,2018-04-26,2018-06-30
973,EIGI,2017-08-01,2017-09-30
974,EIGI,2017-10-31,2017-12-31
975,EIGI,2018-02-13,2018-03-31
976,EIGI,2018-05-01,2018-06-30
977,EIX,2017-07-28,2017-09-30
978,EIX,2017-10-31,2017-12-31
979,EIX,2018-02-23,2018-03-31
980,EIX,2018-05-02,2018-06-30
981,EL,2017-08-18,2017-09-30
982,EL,2017-11-01,2017-12-31
983,EL,2018-02-02,2018-03-31
986,ELF,2017-11-09,2017-12-31
987,ELF,2018-02-28,2018-03-31
988,ELF,2018-05-10,2018-06-30
989,EMES,2017-08-03,2017-09-30
990,EMES,2017-11-01,2017-12-31
991,EMES,2018-02-26,2018-03-31
992,EMES,2018-05-01,2018-06-30
993,EMR,2017-08-01,2017-09-30
994,EMR,2017-11-07,2017-12-31
995,EMR,2018-02-06,2018-03-31
996,EMR,2018-05-01,2018-06-30
999,ENB,2017-08-03,2017-09-30
1000,ENB,2017-11-02,2017-12-31
1001,ENBL,2017-08-01,2017-09-30
1002,ENBL,2017-11-01,2017-12-31
1003,ENBL,2018-02-20,2018-03-31
1004,ENBL,2018-05-02,2018-06-30
1005,ENDP,2017-08-08,2017-09-30
1006,ENDP,2017-11-10,2017-12-31
1007,ENDP,2018-02-27,2018-03-31
1008,ENDP,2018-05-08,2018-06-30
1017,ENPH,2017-08-09,2017-09-30
1018,ENPH,2017-11-08,2017-12-31
1019,ENPH,2018-02-28,2018-03-31
1020,ENPH,2018-05-02,2018-06-30
1021,EOG,2017-08-02,2017-09-30
1022,EOG,2017-11-03,2017-12-31
1023,EOG,2018-02-28,2018-03-31
1024,EOG,2018-05-04,2018-06-30
1025,EPD,2017-08-03,2017-09-30
1026,EPD,2017-11-02,2017-12-31
1027,EPD,2018-01-31,2018-03-31
1028,EPD,2018-04-30,2018-06-30
1029,EPR,2017-08-04,2017-09-30
1030,EPR,2017-11-03,2017-12-31
1031,EPR,2018-03-01,2018-03-31
1032,EPR,2018-05-09,2018-06-30
1033,EQT,2017-07-27,2017-09-30
1034,EQT,2017-10-26,2017-12-31
1035,EQT,2018-02-15,2018-03-31
1036,EQT,2018-04-26,2018-06-30
1037,ERIC,2017-07-18,2017-09-30
1038,ERIC,2017-10-20,2017-12-31
1039,ERIC,2018-01-31,2018-03-31
1040,ERIC,2018-04-20,2018-06-30
1045,ESRX,2017-07-27,2017-09-30
1046,ESRX,2017-10-25,2017-12-31
1047,ESRX,2018-02-28,2018-03-31
1048,ESRX,2018-05-03,2018-06-30
1049,ESV,2017-07-27,2017-09-30
1050,ESV,2017-10-26,2017-12-31
1051,ESV,2018-02-27,2018-03-31
1052,ESV,2018-04-26,2018-06-30
1053,ETE,2017-08-09,2017-09-30
1055,ETE,2018-02-22,2018-03-31
1056,ETE,2018-05-10,2018-06-30
1057,ETFC,2017-07-21,2017-09-30
1058,ETFC,2017-10-20,2017-12-31
1059,ETFC,2018-01-26,2018-03-31
1060,ETFC,2018-04-20,2018-06-30
1061,ETM,2017-07-28,2017-09-30
1062,ETM,2017-11-02,2017-12-31
1063,ETM,2018-03-08,2018-03-31
1064,ETM,2018-05-08,2018-06-30
1065,ETN,2017-08-01,2017-09-30
1066,ETN,2017-10-31,2017-12-31
1067,ETN,2018-02-01,2018-03-31
1068,ETN,2018-05-01,2018-06-30
1069,ETP,2017-08-09,2017-09-30
1070,ETP,2017-11-08,2017-12-31
1071,ETP,2018-02-22,2018-03-31
1072,ETP,2018-05-10,2018-06-30
1073,ETSY,2017-08-04,2017-09-30
1074,ETSY,2017-11-07,2017-12-31
1075,ETSY,2018-02-28,2018-03-31
1076,ETSY,2018-05-09,2018-06-30
1077,EW,2017-07-27,2017-09-30
1078,EW,2017-10-25,2017-12-31
1079,EW,2018-02-02,2018-03-31
1080,EW,2018-04-25,2018-06-30
1081,EXAS,2017-07-26,2017-09-30
1082,EXAS,2017-10-31,2017-12-31
1083,EXAS,2018-02-23,2018-03-31
1084,EXAS,2018-04-27,2018-06-30
1085,EXC,2017-08-02,2017-09-30
1086,EXC,2017-11-02,2017-12-31
1087,EXC,2018-02-07,2018-03-31
1088,EXC,2018-05-02,2018-06-30
1089,EXEL,2017-08-03,2017-09-30
1090,EXEL,2017-11-02,2017-12-31
1091,EXEL,2018-02-27,2018-03-31
1092,EXEL,2018-05-03,2018-06-30
1095,EXK,2017-08-03,2017-09-30
1096,EXK,2017-11-02,2017-12-31
1097,EXPE,2017-07-28,2017-09-30
1098,EXPE,2017-10-27,2017-12-31
1099,EXPE,2018-02-09,2018-03-31
1100,EXPE,2018-04-27,2018-06-30
1109,FANG,2017-08-02,2017-09-30
1110,FANG,2017-11-07,2017-12-31
1111,FANG,2018-02-14,2018-03-31
1112,FANG,2018-05-09,2018-06-30
1117,FB,2017-07-27,2017-09-30
1118,FB,2017-11-02,2017-12-31
1119,FB,2018-02-01,2018-03-31
1120,FB,2018-04-26,2018-06-30
1121,FCAU,2017-07-27,2017-09-30
1122,FCAU,2017-11-02,2017-12-31
1123,FCAU,2018-01-25,2018-03-31
1124,FCAU,2018-04-26,2018-06-30
1125,FCEL,2018-01-11,2017-07-31
1126,FCEL,2018-03-08,2017-10-31
1129,FCX,2017-07-25,2017-09-30
1130,FCX,2017-10-25,2017-12-31
1131,FCX,2018-01-25,2018-03-31
1132,FCX,2018-04-24,2018-06-30
1133,FDC,2017-08-07,2017-09-30
1134,FDC,2017-10-30,2017-12-31
1135,FDC,2018-02-12,2018-03-31
1136,FDC,2018-04-30,2018-06-30
1137,FDS,2017-12-19,2017-08-31
1138,FDS,2018-03-27,2017-11-30
1141,FDX,2017-12-20,2017-08-31
1142,FDX,2018-03-21,2017-11-30
1145,FE,2017-07-28,2017-09-30
1146,FE,2017-10-27,2017-12-31
1147,FE,2018-02-21,2018-03-31
1148,FE,2018-04-23,2018-06-30
1149,FEYE,2017-08-02,2017-09-30
1150,FEYE,2017-11-02,2017-12-31
1151,FEYE,2018-02-09,2018-03-31
1152,FEYE,2018-05-03,2018-06-30
1153,FFIV,2017-07-27,2017-09-30
1154,FFIV,2017-10-26,2017-12-31
1155,FFIV,2018-01-25,2018-03-31
1156,FFIV,2018-04-26,2018-06-30
1157,FGEN,2017-08-08,2017-09-30
1158,FGEN,2017-11-09,2017-12-31
1159,FGEN,2018-02-28,2018-03-31
1160,FGEN,2018-05-10,2018-06-30
1161,FIS,2017-08-02,2017-09-30
1162,FIS,2017-10-31,2017-12-31
1163,FIS,2018-02-06,2018-03-31
1164,FIS,2018-05-01,2018-06-30
1165,FIT,2017-08-03,2017-09-30
1166,FIT,2017-11-02,2017-12-31
1167,FIT,2018-02-27,2018-03-31
1168,FIT,2018-05-03,2018-06-30
1170,FITB,2017-10-24,2017-12-31
1186,FLEX,2017-10-27,2017-12-31
1187,FLEX,2018-01-26,2018-03-31
1189,FLR,2017-08-04,2017-09-30
1190,FLR,2017-11-03,2017-12-31
1191,FLR,2018-02-21,2018-03-31
1192,FLR,2018-05-04,2018-06-30
1204,FNV,2017-08-09,2017-09-30
1205,FOLD,2017-08-07,2017-09-30
1206,FOLD,2017-11-08,2017-12-31
1207,FOLD,2018-02-28,2018-03-31
1208,FOLD,2018-05-08,2018-06-30
1209,FOMX,2017-08-09,2017-09-30
1211,FOMX,2018-02-28,2018-03-31
1212,FOMX,2018-05-09,2018-06-30
1213,FOSL,2017-08-09,2017-09-30
1215,FOSL,2018-02-14,2018-03-31
1216,FOSL,2018-05-09,2018-06-30
1217,FOXA,2017-08-10,2017-09-30
1218,FOXA,2017-11-09,2017-12-31
1219,FOXA,2018-02-08,2018-03-31
1220,FOXA,2018-05-10,2018-06-30
1221,FSLR,2017-07-28,2017-09-30
1222,FSLR,2017-10-27,2017-12-31
1223,FSLR,2018-02-23,2018-03-31
1224,FSLR,2018-04-27,2018-06-30
1225,FTI,2017-07-27,2017-09-30
1226,FTI,2017-10-26,2017-12-31
1227,FTI,2018-02-22,2018-03-31
1228,FTI,2018-05-10,2018-06-30
1229,FTK,2017-08-02,2017-09-30
1230,FTK,2017-11-08,2017-12-31
1231,FTK,2018-02-21,2018-03-31
1232,FTK,2018-05-10,2018-06-30
1233,GILD,2017-07-27,2017-09-30
1234,GILD,2017-10-27,2017-12-31
1235,GILD,2018-02-07,2018-03-31
1236,GILD,2018-05-02,2018-06-30
1241,GKOS,2017-08-03,2017-09-30
1242,GKOS,2017-11-08,2017-12-31
1243,GKOS,2018-03-01,2018-03-31
1244,GKOS,2018-05-10,2018-06-30
1246,GLNG,2017-08-17,2017-09-30
1247,GLNG,2017-11-30,2018-03-31
1248,GLNG,2018-02-28,2018-06-30
1250,GLOG,2017-08-03,2017-09-30
1251,GLOG,2017-11-02,2017-12-31
1252,GLOG,2018-02-16,2018-03-31
1253,GLOG,2018-05-04,2018-06-30
1254,GPRO,2017-08-04,2017-09-30
1255,GPRO,2017-11-02,2017-12-31
1256,GPRO,2018-02-02,2018-03-31
1257,GPRO,2018-05-04,2018-06-30
1262,GRA,2017-07-27,2017-09-30
1263,GRA,2017-10-25,2017-12-31
1264,GRA,2018-02-08,2018-03-31
1265,GRA,2018-04-25,2018-06-30
1266,GRMN,2017-08-02,2017-09-30
1268,GRMN,2018-02-21,2018-03-31
1269,GRMN,2018-05-02,2018-06-30
1270,GRPN,2017-08-02,2017-09-30
1271,GRPN,2017-11-01,2017-12-31
1272,GRPN,2018-02-14,2018-03-31
1273,GRPN,2018-05-09,2018-06-30
1274,HES,2017-07-26,2017-09-30
1275,HES,2017-10-25,2017-12-31
1276,HES,2018-02-05,2018-03-31
1277,HES,2018-04-25,2018-06-30
1278,HFC,2017-08-02,2017-09-30
1279,HFC,2017-11-01,2017-12-31
1280,HFC,2018-02-21,2018-03-31
1281,HFC,2018-05-02,2018-06-30
1282,HIG,2017-07-28,2017-09-30
1283,HIG,2017-10-27,2017-12-31
1284,HIG,2018-02-09,2018-03-31
1285,HIG,2018-04-27,2018-06-30
1286,HIMX,2017-08-03,2017-09-30
1287,HIMX,2017-11-09,2017-12-31
1288,HIMX,2018-02-13,2018-03-31
1289,HIMX,2018-05-10,2018-06-30
1290,HK,2017-08-03,2017-09-30
1292,HK,2018-03-01,2018-03-31
1293,HK,2018-05-03,2018-06-30
1299,HSY,2017-10-26,2017-12-31
1303,HTHT,2017-08-17,2017-09-30
1304,HTHT,2017-11-29,2018-03-31
1305,HTHT,2018-03-14,2018-06-30
1307,HTZ,2017-08-09,2017-09-30
1308,HTZ,2017-11-10,2017-12-31
1309,HTZ,2018-02-28,2018-03-31
1310,HTZ,2018-05-08,2018-06-30
1311,HUBS,2017-08-03,2017-09-30
1312,HUBS,2017-11-02,2017-12-31
1313,HUBS,2018-02-14,2018-03-31
1314,HUBS,2018-05-11,2018-06-30
1315,HUM,2017-08-02,2017-09-30
1316,HUM,2017-11-08,2017-12-31
1317,HUM,2018-02-07,2018-03-31
1318,HUM,2018-05-02,2018-06-30
1319,HUN,2017-07-27,2017-09-30
1320,HUN,2017-10-27,2017-12-31
1321,HUN,2018-02-23,2018-03-31
1322,HUN,2018-05-01,2018-06-30
1323,HZNP,2017-08-07,2017-09-30
1324,HZNP,2017-11-06,2017-12-31
1325,HZNP,2018-02-28,2018-03-31
1326,HZNP,2018-05-09,2018-06-30
1327,I,2017-07-27,2017-09-30
1328,I,2017-10-26,2017-12-31
1329,I,2018-02-26,2018-03-31
1330,I,2018-05-01,2018-06-30
1331,IAC,2017-08-03,2017-09-30
1332,IAC,2017-11-09,2017-12-31
1333,IAC,2018-02-08,2018-03-31
1334,IAC,2018-05-10,2018-06-30
1335,IBKR,2017-07-19,2017-09-30
1336,IBKR,2017-10-18,2017-12-31
1337,IBKR,2018-01-17,2018-03-31
1338,IBKR,2018-04-18,2018-06-30
1339,IBM,2017-07-19,2017-09-30
1340,IBM,2017-10-18,2017-12-31
1341,IBM,2018-01-19,2018-03-31
1342,IBM,2018-04-18,2018-06-30
1343,ICE,2017-08-03,2017-09-30
1344,ICE,2017-11-02,2017-12-31
1345,ICE,2018-02-07,2018-03-31
1347,IONS,2017-08-08,2017-09-30
1348,IONS,2017-11-07,2017-12-31
1349,IONS,2018-02-27,2018-03-31
1350,IONS,2018-05-04,2018-06-30
1355,IP,2017-07-27,2017-09-30
1356,IP,2017-10-25,2017-12-31
1357,IP,2018-02-01,2018-03-31
1358,IP,2018-04-26,2018-06-30
1359,IPGP,2017-08-01,2017-09-30
1360,IPGP,2017-10-31,2017-12-31
1361,IPGP,2018-02-16,2018-03-31
1362,IPGP,2018-05-01,2018-06-30
1367,JD,2017-08-14,2017-09-30
1372,JNJ,2017-10-17,2017-12-31
1375,JNPR,2017-07-26,2017-09-30
1376,JNPR,2017-10-25,2017-12-31
1377,JNPR,2018-01-31,2018-03-31
1378,JNPR,2018-05-02,2018-06-30
1381,JOE,2017-03-03,2017-09-30
1382,JOE,2017-05-05,2018-06-30
1391,KKR,2017-07-27,2017-09-30
1392,KKR,2017-10-26,2017-12-31
1393,KKR,2018-02-08,2018-03-31
1394,KKR,2018-05-03,2018-06-30
1395,KLAC,2017-07-28,2017-09-30
1396,KLAC,2017-10-27,2017-12-31
1397,KLAC,2018-01-26,2018-03-31
1398,KLAC,2018-04-27,2018-06-30
1399,KMB,2017-07-25,2017-09-30
1400,KMB,2017-10-23,2017-12-31
1401,KMB,2018-01-23,2018-03-31
1402,KMB,2018-04-23,2018-06-30
1403,KMI,2017-07-20,2017-09-30
1404,KMI,2017-10-19,2017-12-31
1405,KMI,2018-01-18,2018-03-31
1406,KMI,2018-04-19,2018-06-30
1415,KSU,2017-07-21,2017-09-30
1416,KSU,2017-10-20,2017-12-31
1417,KSU,2018-01-19,2018-03-31
1418,KSU,2018-04-20,2018-06-30
1419,KTWO,2017-08-02,2017-09-30
1420,KTWO,2017-11-02,2017-12-31
1421,KTWO,2018-03-01,2018-03-31
1422,KTWO,2018-05-02,2018-06-30
1428,LC,2017-08-08,2017-09-30
1429,LC,2017-11-08,2017-12-31
1430,LC,2018-02-21,2018-03-31
1431,LC,2018-05-09,2018-06-30
1432,LCI,2017-08-24,2017-09-30
1433,LCI,2017-11-07,2017-12-31
1434,LCI,2018-02-08,2018-03-31
1435,LCI,2018-05-08,2018-06-30
1440,LEA,2017-07-26,2017-09-30
1441,LEA,2017-10-25,2017-12-31
1442,LEA,2018-01-26,2018-03-31
1443,LEA,2018-04-26,2018-06-30
1444,LEN,2017-06-20,2017-08-31
1445,LEN,2017-10-03,2017-11-30
1446,LEN,2018-01-10,2018-02-28
1447,LEN,2018-04-04,2018-05-31
1448,LITE,2017-08-09,2017-09-30
1450,LITE,2018-02-06,2018-03-31
1451,LITE,2018-05-02,2018-06-30
1452,LL,2017-08-01,2017-09-30
1453,LL,2017-10-31,2017-12-31
1454,LL,2018-02-27,2018-03-31
1455,LL,2018-05-01,2018-06-30
1456,LLY,2017-07-25,2017-09-30
1457,LLY,2017-10-24,2017-12-31
1458,LLY,2018-01-31,2018-03-31
1459,LLY,2018-04-24,2018-06-30
1460,LM,2017-07-27,2017-09-30
1461,LM,2017-10-26,2017-12-31
1462,LM,2018-01-25,2018-03-31
1463,LM,2018-04-26,2018-06-30
1468,LNG,2017-08-08,2017-09-30
1469,LNG,2017-11-14,2017-12-31
1470,LNG,2018-02-21,2018-03-31
1471,LNG,2018-05-04,2018-06-30
1472,LOGI,2017-07-25,2017-09-30
1473,LOGI,2017-10-24,2017-12-31
1474,LOGI,2018-01-23,2018-03-31
1475,LOGI,2018-05-03,2018-06-30
1476,LOGM,2017-07-28,2017-09-30
1477,LOGM,2017-10-27,2017-12-31
1478,LOGM,2018-02-16,2018-03-31
1479,LOGM,2018-04-27,2018-06-30
1486,LPCN,2018-03-08,2018-03-31
1488,LPX,2017-08-01,2017-09-30
1489,LPX,2017-11-06,2017-12-31
1490,LPX,2018-02-13,2018-03-31
1491,LPX,2018-05-07,2018-06-30
1496,MAR,2017-08-08,2017-09-30
1497,MAR,2017-11-08,2017-12-31
1498,MAR,2018-02-15,2018-03-31
1499,MAR,2018-05-09,2018-06-30
1500,MAT,2017-07-28,2017-09-30
1501,MAT,2017-10-27,2017-12-31
1502,MAT,2018-02-02,2018-03-31
1503,MAT,2018-04-27,2018-06-30
1504,MBI,2017-08-09,2017-09-30
1506,MBI,2018-03-02,2018-03-31
1507,MBI,2018-05-10,2018-06-30
1508,MCD,2017-07-25,2017-09-30
1509,MCD,2017-10-24,2017-12-31
1510,MCD,2018-01-30,2018-03-31
1511,MCD,2018-04-30,2018-06-30
1516,MDU,2017-08-02,2017-09-30
1517,MDU,2017-11-02,2017-12-31
1518,MDU,2018-02-07,2018-03-31
1519,MDU,2018-05-03,2018-06-30
1520,MDXG,2016-10-27,2016-12-31
1521,MDXG,2017-02-23,2017-03-31
1522,MDXG,2017-04-28,2017-06-30
1523,MDXG,2017-07-27,2017-09-30
1524,MEET,2017-08-04,2017-09-30
1525,MEET,2017-11-09,2017-12-31
1526,MEET,2018-03-08,2018-03-31
1527,MEET,2018-05-03,2018-06-30
1528,MELI,2017-08-04,2017-09-30
1529,MELI,2017-11-03,2017-12-31
1530,MELI,2018-02-23,2018-03-31
1531,MELI,2018-05-04,2018-06-30
1532,MET,2017-08-03,2017-09-30
1533,MET,2017-11-02,2017-12-31
1536,MOMO,2017-08-22,2017-09-30
1537,MOMO,2017-11-28,2017-12-31
1538,MOMO,2018-03-07,2018-03-31
1539,MOMO,2018-05-29,2018-06-30
1540,MOS,2017-08-01,2017-09-30
1541,MOS,2017-10-31,2017-12-31
1542,MOS,2018-02-20,2018-03-31
1543,MOS,2018-05-08,2018-06-30
1548,MPLX,2017-07-27,2017-09-30
1549,MPLX,2017-10-26,2017-12-31
1550,MPLX,2018-02-01,2018-03-31
1551,MPLX,2018-05-01,2018-06-30
1552,MRK,2017-07-28,2017-09-30
1554,MRK,2018-02-02,2018-03-31
1555,MRK,2018-05-01,2018-06-30
1556,NCLH,2017-08-08,2017-09-30
1557,NCLH,2017-11-09,2017-12-31
1558,NCLH,2018-02-22,2018-03-31
1559,NCLH,2018-05-02,2018-06-30
1560,NCR,2017-07-21,2017-09-30
1561,NCR,2017-10-20,2017-12-31
1562,NCR,2018-02-09,2018-03-31
1563,NCR,2018-05-02,2018-06-30
1568,NE,2017-08-04,2017-09-30
1569,NE,2017-11-03,2017-12-31
1570,NE,2018-02-22,2018-03-31
1571,NE,2018-05-03,2018-06-30
1572,NEE,2017-07-26,2017-09-30
1573,NEE,2017-10-26,2017-12-31
1574,NEE,2018-01-26,2018-03-31
1575,NEE,2018-04-24,2018-06-30
1576,NOK,2017-07-27,2017-09-30
1577,NOK,2017-10-26,2017-12-31
1578,NOK,2018-02-01,2018-03-31
1579,NOK,2018-04-27,2018-06-30
1580,NOV,2017-07-28,2017-09-30
1581,NOV,2017-10-27,2017-12-31
1582,NOV,2018-02-06,2018-03-31
1583,NOV,2018-04-27,2018-06-30
1584,NOW,2017-07-27,2017-09-30
1585,NOW,2017-10-26,2017-12-31
1586,NOW,2018-02-01,2018-03-31
1587,NOW,2018-04-26,2018-06-30
1588,NRG,2017-08-03,2017-09-30
1590,NRG,2018-03-01,2018-03-31
1591,NRG,2018-05-03,2018-06-30
1592,NRZ,2017-07-31,2017-09-30
1593,NRZ,2017-10-27,2017-12-31
1594,NRZ,2018-04-27,2018-03-31
1600,OAS,2017-08-03,2017-09-30
1601,OAS,2017-11-08,2017-12-31
1602,OAS,2018-02-28,2018-03-31
1603,OAS,2018-05-08,2018-06-30
1604,OC,2017-07-26,2017-09-30
1605,OC,2017-10-25,2017-12-31
1606,OC,2018-02-21,2018-03-31
1607,OC,2018-04-25,2018-06-30
1608,OCLR,2017-08-03,2017-09-30
1610,OCLR,2018-02-06,2018-03-31
1612,P,2017-08-01,2017-09-30
1613,P,2017-11-03,2017-12-31
1614,P,2018-02-22,2018-03-31
1615,P,2018-05-04,2018-06-30
1616,PAA,2017-08-08,2017-09-30
1618,PAA,2018-02-07,2018-03-31
1619,PAA,2018-05-09,2018-06-30
1620,PACB,2017-08-03,2017-09-30
1621,PACB,2017-11-03,2017-12-31
1622,PACB,2018-02-02,2018-03-31
1623,PACB,2018-05-03,2018-06-30
1624,PAH,2017-08-09,2017-09-30
1625,PAH,2017-11-02,2017-12-31
1626,PAH,2018-02-27,2018-03-31
1627,PAH,2018-05-03,2018-06-30
1628,PAM,2018-03-13,2017-09-30
1632,PANW,2017-06-01,2017-07-31
1633,PANW,2017-09-01,2017-10-31
1634,PANW,2017-11-21,2018-01-31
1635,PANW,2018-02-27,2018-04-30
1636,PAYC,2017-08-02,2017-09-30
1637,PAYC,2017-11-01,2017-12-31
1638,PAYC,2018-02-07,2018-03-31
1639,PAYC,2018-05-02,2018-06-30
1640,PAYX,2017-06-28,2017-08-31
1641,PAYX,2017-10-03,2017-11-30
1642,PAYX,2017-12-21,2018-02-28
1643,PAYX,2018-03-26,2018-05-31
1644,PBI,2017-08-01,2017-09-30
1645,PBI,2017-11-01,2017-12-31
1646,PBI,2018-01-31,2018-03-31
1648,PBR,2017-08-11,2017-09-30
1649,PBR,2017-11-14,2017-12-31
1650,PBR,2018-03-15,2018-03-31
1652,PBYI,2017-08-10,2017-09-30
1653,PBYI,2017-11-10,2017-12-31
1654,PBYI,2018-03-02,2018-03-31
1655,PBYI,2018-05-10,2018-06-30
1656,PCG,2017-07-27,2017-09-30
1657,PCG,2017-11-02,2017-12-31
1658,PCG,2018-02-09,2018-03-31
1659,PCG,2018-05-03,2018-06-30
1660,PII,2017-07-20,2017-09-30
1661,PII,2017-10-24,2017-12-31
1662,PII,2018-01-30,2018-03-31
1663,PII,2018-04-24,2018-06-30
1676,PWR,2017-08-03,2017-09-30
1677,PWR,2017-11-02,2017-12-31
1678,PWR,2018-02-22,2018-03-31
1679,PWR,2018-05-03,2018-06-30
1680,PX,2017-07-27,2017-09-30
1681,PX,2017-10-26,2017-12-31
1682,PX,2018-01-25,2018-03-31
1683,PX,2018-04-26,2018-06-30
1684,PXD,2017-08-02,2017-09-30
1685,PXD,2017-11-02,2017-12-31
1686,PXD,2018-02-07,2018-03-31
1687,PXD,2018-05-03,2018-06-30
1688,PYPL,2017-07-27,2017-09-30
1689,PYPL,2017-10-20,2017-12-31
1690,PYPL,2018-02-01,2018-03-31
1691,PYPL,2018-04-26,2018-06-30
1693,PZZA,2017-11-01,2017-12-31
1700,QDEL,2017-07-27,2017-09-30
1702,QDEL,2018-02-22,2018-03-31
1703,QDEL,2018-05-09,2018-06-30
1704,QLYS,2017-08-03,2017-09-30
1705,QLYS,2017-11-01,2017-12-31
1706,QLYS,2018-02-13,2018-03-31
1707,QLYS,2018-05-02,2018-06-30
1708,QNST,2017-08-08,2017-09-30
1709,QNST,2017-10-31,2017-12-31
1710,QNST,2018-02-01,2018-03-31
1711,QNST,2018-04-25,2018-06-30
1715,RIGL,2018-05-02,2018-06-30
1716,RL,2017-08-08,2017-09-30
1718,RL,2018-02-01,2018-03-31
1719,RL,2018-05-23,2018-06-30
1720,RMTI,2017-08-10,2017-09-30
1721,RMTI,2017-11-09,2017-12-31
1722,RMTI,2018-03-16,2018-03-31
1723,RMTI,2018-05-11,2018-06-30
1724,SAP,2017-07-20,2017-09-30
1725,SAP,2017-10-19,2017-12-31
1726,SAP,2018-01-30,2018-03-31
1727,SAP,2018-04-24,2018-06-30
1729,SBUX,2017-11-03,2017-12-31
1732,SCHW,2017-07-18,2017-09-30
1733,SCHW,2017-10-16,2017-12-31
1734,SCHW,2018-01-17,2018-03-31
1735,SCHW,2018-04-16,2018-06-30
1736,SEAS,2017-08-08,2017-09-30
1737,SEAS,2017-11-07,2017-12-31
1738,SEAS,2018-02-27,2018-03-31
1739,SEAS,2018-05-08,2018-06-30
1740,SEDG,2017-11-09,2017-09-30
1741,SEDG,2018-02-15,2017-12-31
1742,SEDG,2018-05-10,2018-03-31
1744,SHPG,2017-08-03,2017-09-30
1745,SHPG,2017-10-27,2017-12-31
1746,SHPG,2018-02-14,2018-03-31
1747,SHPG,2018-04-26,2018-06-30
1748,SHW,2017-07-20,2017-09-30
1749,SHW,2017-10-24,2017-12-31
1750,SHW,2018-01-25,2018-03-31
1751,SHW,2018-04-24,2018-06-30
1760,SNE,2017-08-01,2017-09-30
1761,SNE,2017-10-31,2017-12-31
1762,SNE,2018-02-02,2018-03-31
1763,SNE,2018-04-27,2018-06-30
1764,SNH,2017-08-03,2017-09-30
1766,SNH,2018-02-27,2018-03-31
1767,SNH,2018-05-10,2018-06-30
1768,SNPS,2017-08-17,2017-10-31
1769,SNPS,2017-11-30,2018-01-31
1770,SNPS,2018-02-22,2018-04-30
1771,SNPS,2018-05-24,2018-07-31
1772,STMP,2017-08-03,2017-09-30
1773,STMP,2017-11-03,2017-12-31
1774,STMP,2018-02-22,2018-03-31
1775,STMP,2018-05-04,2018-06-30
1776,STNG,2017-11-16,2017-09-30
1777,STNG,2018-02-14,2017-12-31
1778,STNG,2018-04-25,2018-03-31
1784,STZ,2017-06-29,2017-08-31
1785,STZ,2017-10-05,2017-11-30
1786,STZ,2018-01-05,2018-02-28
1787,STZ,2018-03-29,2018-05-31
1790,SU,2017-08-02,2017-09-30
1791,SU,2017-10-26,2017-12-31
1792,SUM,2017-08-02,2017-09-30
1794,SUM,2018-02-14,2018-03-31
1795,SUM,2018-05-08,2018-06-30
1800,SWK,2017-07-24,2017-09-30
1802,SWK,2018-01-24,2018-03-31
1803,SWK,2018-04-20,2018-06-30
1808,SWN,2017-08-04,2017-09-30
1810,SWN,2018-04-27,2018-03-31
1816,SYK,2017-07-28,2017-09-30
1817,SYK,2017-10-27,2017-12-31
1818,SYK,2018-01-31,2018-03-31
1819,SYK,2018-04-27,2018-06-30
1824,SYNA,2017-08-04,2017-09-30
1825,SYNA,2017-11-08,2017-12-31
1826,SYNA,2018-02-08,2018-03-31
1827,SYNA,2018-05-10,2018-06-30
1828,SYY,2017-08-14,2017-09-30
1830,SYY,2018-02-05,2018-03-31
1831,SYY,2018-05-07,2018-06-30
1832,T,2017-07-26,2017-09-30
1833,T,2017-10-25,2017-12-31
1834,T,2018-02-01,2018-03-31
1835,T,2018-04-26,2018-06-30
1838,TAHO,2017-08-09,2017-09-30
1839,TAHO,2017-11-07,2017-12-31
1848,TCX,2017-08-09,2017-09-30
1849,TCX,2017-11-10,2017-12-31
1850,TCX,2018-02-13,2018-03-31
1851,TCX,2018-05-10,2018-06-30
1854,TD,2017-08-31,2017-10-31
1856,TDG,2017-08-08,2017-09-30
1858,TDG,2018-02-06,2018-03-31
1859,TDG,2018-05-01,2018-06-30
1860,TDOC,2017-08-03,2017-09-30
1861,TDOC,2017-11-02,2017-12-31
1862,TDOC,2018-02-28,2018-03-31
1863,TDOC,2018-05-02,2018-06-30
1864,TEAM,2017-07-28,2017-09-30
1865,TEAM,2017-10-20,2017-12-31
1866,TEAM,2018-01-19,2018-03-31
1867,TEAM,2018-03-14,2018-06-30
1869,TECD,2017-09-01,2017-10-31
1870,TECD,2017-11-28,2018-01-31
1871,TECD,2018-03-08,2018-04-30
1875,TECK,2017-07-27,2017-09-30
1876,TECK,2017-10-26,2017-12-31
1878,TELL,2017-11-08,2017-12-31
1879,TELL,2018-03-14,2018-03-31
1880,TELL,2018-05-10,2018-06-30
1881,TEO,2018-03-08,2017-09-30
1886,TER,2017-10-26,2017-12-31
1889,TEVA,2017-08-03,2017-09-30
1890,TEVA,2017-11-02,2017-12-31
1891,TEVA,2018-02-08,2018-03-31
1892,TEVA,2018-05-03,2018-06-30
1893,TGP,2017-08-03,2017-09-30
1894,TGP,2017-11-09,2017-12-31
1895,TGP,2018-02-22,2018-03-31
1896,TGP,2018-05-17,2018-06-30
1902,TGTX,2017-11-08,2017-12-31
1903,TGTX,2018-03-08,2018-03-31
1904,TGTX,2018-05-08,2018-06-30
1905,THC,2017-08-08,2017-09-30
1906,THC,2017-11-07,2017-12-31
1907,THC,2018-02-27,2018-03-31
1908,THC,2018-05-01,2018-06-30
1909,THO,2017-11-28,2017-07-31
1910,THO,2018-03-08,2017-10-31
1913,TIF,2017-08-25,2017-10-31
1914,TIF,2017-11-29,2018-01-31
1915,TIF,2018-03-16,2018-04-30
1916,TIF,2018-05-23,2018-07-31
1917,TIS,2017-11-08,2017-09-30
1921,TITN,2017-08-31,2017-10-31
1922,TITN,2017-11-30,2018-01-31
1923,TITN,2018-03-29,2018-04-30
1929,TK,2017-08-03,2017-09-30
1930,TK,2017-11-09,2017-12-31
1931,TK,2018-02-22,2018-03-31
1932,TK,2018-05-17,2018-06-30
1941,TMUS,2017-07-20,2017-09-30
1942,TMUS,2018-02-08,2017-12-31
1943,TMUS,2018-05-02,2018-03-31
1945,TNDM,2017-07-28,2017-09-30
1949,TOL,2017-08-22,2017-10-31
1950,TOL,2017-12-05,2018-01-31
1951,TOL,2018-02-27,2018-04-30
1953,TOO,2017-08-03,2017-09-30
1954,TOO,2017-11-09,2017-12-31
1955,TOO,2018-02-22,2018-03-31
1956,TOO,2018-05-17,2018-06-30
1957,TOT,2017-07-27,2017-09-30
1958,TOT,2017-10-27,2017-12-31
1959,TOT,2018-02-08,2018-03-31
1960,TOT,2018-04-26,2018-06-30
1961,TPR,2017-08-15,2017-09-30
1963,TPR,2018-02-06,2018-03-31
1964,TPR,2018-05-01,2018-06-30
1967,TRI,2017-08-01,2017-09-30
1968,TRI,2017-11-01,2017-12-31
1969,TROW,2017-07-25,2017-09-30
1970,TROW,2017-10-26,2017-12-31
1971,TROW,2018-01-30,2018-03-31
1972,TROW,2018-04-25,2018-06-30
1973,TROX,2017-08-09,2017-09-30
1975,TROX,2018-02-21,2018-03-31
1981,TRTN,2017-08-09,2017-09-30
1982,TRTN,2017-11-09,2017-12-31
1983,TRTN,2018-02-23,2018-03-31
1984,TRTN,2018-05-04,2018-06-30
1988,TRVN,2018-05-03,2018-06-30
1989,UAL,2017-07-19,2017-09-30
1990,UAL,2017-10-19,2017-12-31
1993,UBNT,2017-08-03,2017-09-30
1994,UBNT,2017-11-09,2017-12-31
1995,UBNT,2018-02-08,2018-03-31
1996,UBNT,2018-05-10,2018-06-30
1997,UBS,2017-07-28,2017-09-30
2005,VFC,2017-07-24,2017-09-30
2008,VFC,2018-05-04,2018-06-30
2009,VIAB,2017-08-04,2017-09-30
2010,VIAB,2017-11-16,2017-12-31
2011,VIAB,2018-02-08,2018-03-31
2012,VIAB,2018-04-25,2018-06-30
2017,VIRT,2017-08-08,2017-09-30
2018,VIRT,2017-11-07,2017-12-31
2019,VIRT,2018-02-08,2018-03-31
2020,VIRT,2018-05-04,2018-06-30
2021,VSAT,2017-08-09,2017-09-30
2022,VSAT,2017-11-09,2017-12-31
2023,VSAT,2018-02-09,2018-03-31
2024,VSAT,2018-05-25,2018-06-30
2025,VSH,2017-08-03,2017-09-30
2026,VSH,2017-10-26,2017-12-31
2027,VSH,2018-02-06,2018-03-31
2028,VSH,2018-05-08,2018-06-30
2037,VTR,2017-07-28,2017-09-30
2038,VTR,2017-10-27,2017-12-31
2039,VTR,2018-02-09,2018-03-31
2040,VTR,2018-04-27,2018-06-30
2042,WEN,2017-11-08,2017-12-31
2045,WERN,2017-07-25,2017-09-30
2046,WERN,2017-10-20,2017-12-31
2047,WERN,2018-01-30,2018-03-31
2048,WERN,2018-04-20,2018-06-30
2049,WES,2017-07-26,2017-09-30
2050,WES,2017-11-01,2017-12-31
2051,WES,2018-02-16,2018-03-31
2052,WES,2018-05-02,2018-06-30
2053,WFC,2017-07-14,2017-09-30
2055,WFC,2018-01-12,2018-03-31
2056,WFC,2018-04-13,2018-06-30
2057,WFT,2017-07-28,2017-09-30
2058,WFT,2017-11-01,2017-12-31
2059,WFT,2018-02-02,2018-03-31
2060,WFT,2018-04-24,2018-06-30
2061,WTW,2017-08-04,2017-09-30
2063,WTW,2018-02-28,2018-03-31
2064,WTW,2018-05-04,2018-06-30
2069,WWE,2017-07-27,2017-09-30
2070,WWE,2017-10-26,2017-12-31
2071,WWE,2018-02-08,2018-03-31
2072,WWE,2018-05-03,2018-06-30
2073,WY,2017-07-28,2017-09-30
2074,WY,2017-10-27,2017-12-31
2075,WY,2018-02-02,2018-03-31
2076,WY,2018-04-27,2018-06-30
2081,XLNX,2017-07-27,2017-09-30
2083,XLNX,2018-01-25,2018-03-31
2084,XLNX,2018-04-26,2018-06-30
2085,XOM,2017-07-28,2017-09-30
2086,XOM,2017-10-27,2017-12-31
2087,XOM,2018-02-02,2018-03-31
2088,XOM,2018-04-27,2018-06-30
2089,XPO,2017-08-03,2017-09-30
2090,XPO,2017-11-02,2017-12-31
2091,XPO,2018-02-08,2018-03-31
2092,XPO,2018-05-03,2018-06-30
2093,XRX,2017-08-01,2017-09-30
2094,XRX,2017-10-26,2017-12-31
2095,XRX,2018-01-31,2018-03-31
2096,XRX,2018-05-04,2018-06-30
2099,XXII,2017-08-10,2017-09-30
2101,YELP,2017-08-04,2017-09-30
2102,YELP,2017-11-02,2017-12-31
2103,YELP,2018-02-08,2018-03-31
2104,YELP,2018-05-11,2018-06-30
2107,YEXT,2018-06-01,2018-04-30
2109,YNDX,2017-07-28,2017-09-30
2110,YNDX,2017-10-24,2017-12-31
2111,YNDX,2018-02-15,2018-03-31
2112,YNDX,2018-04-25,2018-06-30
2113,YPF,2017-08-04,2017-09-30
2115,YPF,2018-03-05,2018-03-31
2116,YPF,2018-05-09,2018-06-30
2117,ZBRA,2017-08-08,2017-09-30
2118,ZBRA,2017-11-07,2017-12-31
2119,ZBRA,2018-02-22,2018-03-31
2120,ZBRA,2018-05-08,2018-06-30
2129,ZIOP,2017-08-01,2017-09-30
2131,ZIOP,2018-03-02,2018-03-31
2133,ABB,2017-07-20,2017-09-30
2134,ABB,2017-10-26,2017-12-31
2135,ABB,2018-02-08,2018-03-31
2136,ABB,2018-04-19,2018-06-30
2137,ABBV,2017-07-28,2017-09-30
2138,ABBV,2017-10-27,2017-12-31
2139,ABBV,2018-01-26,2018-03-31
2140,ABBV,2018-04-26,2018-06-30
2141,ABC,2017-08-03,2017-09-30
2142,ABC,2017-11-02,2017-12-31
2143,ABC,2018-02-06,2018-03-31
2144,ABC,2018-05-02,2018-06-30
2145,ABEO,2017-08-15,2017-09-30
2146,ABEO,2018-04-02,2017-12-31
2149,ABMD,2017-07-27,2017-09-30
2150,ABMD,2017-10-26,2017-12-31
2151,ABMD,2018-02-01,2018-03-31
2152,ABMD,2018-05-03,2018-06-30
2153,ABR,2017-08-04,2017-09-30
2155,ABR,2018-02-23,2018-03-31
2156,ABR,2018-05-04,2018-06-30
2157,ABT,2017-07-20,2017-09-30
2158,ABT,2017-10-18,2017-12-31
2159,ABT,2018-01-24,2018-03-31
2160,ABT,2018-04-18,2018-06-30
2161,AMTD,2017-07-18,2017-09-30
2162,AMTD,2017-10-24,2017-12-31
2163,AMTD,2018-01-23,2018-03-31
2164,AMTD,2018-04-24,2018-06-30
2165,AMZN,2017-07-28,2017-09-30
2166,AMZN,2017-10-27,2017-12-31
2167,AMZN,2018-02-02,2018-03-31
2168,AMZN,2018-04-27,2018-06-30
2169,ANDV,2017-08-09,2017-09-30
2170,ANDV,2017-11-09,2017-12-31
2171,ANDV,2018-02-16,2018-03-31
2172,ANDV,2018-05-08,2018-06-30
2177,ANET,2017-08-04,2017-09-30
2178,ANET,2017-11-03,2017-12-31
2179,ANET,2018-02-16,2018-03-31
2180,ANET,2018-05-04,2018-06-30
2185,ANTM,2017-07-26,2017-09-30
2186,ANTM,2017-10-25,2017-12-31
2187,ANTM,2018-01-31,2018-03-31
2188,ANTM,2018-04-25,2018-06-30
2189,ANW,2017-03-02,2017-03-31
2190,ANW,2017-05-24,2017-06-30
2191,ANW,2017-08-11,2017-09-30
2193,AOBC,2017-12-08,2017-10-31
2195,AOBC,2018-06-21,2018-04-30
2197,AOS,2017-07-26,2017-09-30
2198,AOS,2017-10-25,2017-12-31
2199,AOS,2018-01-30,2018-03-31
2200,AOS,2018-04-25,2018-06-30
2201,APA,2017-08-03,2017-09-30
2202,APA,2017-11-02,2017-12-31
2203,APA,2018-02-22,2018-03-31
2204,APA,2018-05-03,2018-06-30
2205,APC,2017-07-26,2017-09-30
2206,APC,2017-11-01,2017-12-31
2207,APC,2018-02-07,2018-03-31
2208,APC,2018-05-02,2018-06-30
2210,ARCH,2017-10-31,2017-12-31
2213,ARNA,2017-08-08,2017-09-30
2214,ARNA,2017-11-08,2017-12-31
2215,ARNA,2018-03-14,2018-03-31
2216,ARNA,2018-05-09,2018-06-30
2217,ARNC,2017-07-24,2017-09-30
2218,ARNC,2017-10-24,2017-12-31
2219,ARNC,2018-02-05,2018-03-31
2220,ARNC,2018-04-30,2018-06-30
2223,ARQL,2018-03-05,2018-03-31
2224,ARQL,2018-05-07,2018-06-30
2225,ARRY,2017-08-09,2017-09-30
2226,ARRY,2017-10-31,2017-12-31
2227,ARRY,2018-02-06,2018-03-31
2228,ARRY,2018-05-09,2018-06-30
2229,ARWR,2017-08-04,2017-09-30
2230,ARWR,2017-12-13,2017-12-31
2231,ARWR,2018-02-12,2018-03-31
2232,ARWR,2018-05-09,2018-06-30
2234,ASML,2017-10-18,2017-12-31
2241,ASUR,2017-08-14,2017-09-30
2242,ASUR,2017-11-13,2017-12-31
2243,ASUR,2018-03-15,2018-03-31
2244,ASUR,2018-05-10,2018-06-30
2245,ATEN,2017-02-10,2017-03-31
2246,ATEN,2017-04-28,2017-06-30
2247,ATEN,2017-07-28,2017-09-30
2248,ATEN,2017-10-27,2017-12-31
2249,ATHX,2017-08-10,2017-09-30
2250,ATHX,2017-11-09,2017-12-31
2251,ATHX,2018-03-14,2018-03-31
2252,ATHX,2018-05-11,2018-06-30
2253,ATRS,2017-08-08,2017-09-30
2254,ATRS,2017-11-07,2017-12-31
2255,ATRS,2018-03-13,2018-03-31
2256,ATRS,2018-05-08,2018-06-30
2261,ATVI,2017-08-04,2017-09-30
2262,ATVI,2017-11-03,2017-12-31
2263,ATVI,2018-02-09,2018-03-31
2264,ATVI,2018-05-04,2018-06-30
2271,AUY,2017-07-28,2017-09-30
2272,AUY,2017-10-27,2017-12-31
2277,AVEO,2017-08-03,2017-09-30
2278,AVEO,2017-11-07,2017-12-31
2285,AVP,2017-08-03,2017-09-30
2286,AVP,2017-11-02,2017-12-31
2287,AVP,2018-02-15,2018-03-31
2288,AVP,2018-05-03,2018-06-30
2289,AVY,2017-07-25,2017-09-30
2291,AVY,2018-01-31,2018-03-31
2292,AVY,2018-04-25,2018-06-30
2293,AXL,2017-07-28,2017-09-30
2294,AXL,2017-11-03,2017-12-31
2295,AXL,2018-02-16,2018-03-31
2296,AXL,2018-05-04,2018-06-30
2301,AXP,2017-07-20,2017-09-30
2302,AXP,2017-10-19,2017-12-31
2303,AXP,2018-01-19,2018-03-31
2304,AXP,2018-04-19,2018-06-30
2305,AZN,2017-07-27,2017-09-30
2306,AZN,2017-11-09,2017-12-31
2307,AZN,2018-02-02,2018-03-31
2308,AZN,2018-05-18,2018-06-30
2313,BA,2017-07-26,2017-09-30
2314,BA,2017-10-25,2017-12-31
2315,BA,2018-01-31,2018-03-31
2316,BA,2018-04-25,2018-06-30
2327,GCI,2018-02-20,2018-03-31
2328,GCI,2018-05-07,2018-06-30
2330,GD,2017-10-25,2017-12-31
2333,GE,2017-07-21,2017-09-30
2334,GE,2017-10-20,2017-12-31
2335,GE,2018-01-24,2018-03-31
2336,GE,2018-04-20,2018-06-30
2338,GERN,2017-08-10,2017-09-30
2339,GERN,2017-11-02,2017-12-31
2340,GERN,2018-03-19,2018-06-30
2346,GG,2017-07-27,2017-09-30
2347,GG,2017-10-26,2017-12-31
2348,GG,2018-02-15,2018-03-31
2349,GG,2018-04-26,2018-06-30
2350,GGAL,2017-11-09,2017-09-30
2351,GGAL,2018-02-09,2017-12-31
2352,GGAL,2018-05-25,2018-03-31
2354,GIII,2017-12-05,2017-07-31
2355,GIII,2018-03-22,2017-10-31
2358,GLUU,2017-08-02,2017-09-30
2359,GLUU,2017-11-02,2017-12-31
2360,GLUU,2018-02-09,2018-03-31
2361,GLUU,2018-05-02,2018-06-30
2362,GLW,2017-07-26,2017-09-30
2363,GLW,2017-10-24,2017-12-31
2364,GLW,2018-01-30,2018-03-31
2365,GLW,2018-04-24,2018-06-30
2366,GM,2017-07-25,2017-09-30
2367,GM,2017-10-24,2017-12-31
2368,GM,2018-02-06,2018-03-31
2369,GM,2018-04-26,2018-06-30
2375,GMLP,2017-11-30,2017-12-31
2376,GMLP,2018-02-28,2018-03-31
2377,GMLP,2018-05-31,2018-06-30
2378,GOGO,2017-08-07,2017-09-30
2379,GOGO,2017-11-02,2017-12-31
2380,GOGO,2018-02-22,2018-03-31
2381,GOGO,2018-05-04,2018-06-30
2386,GOOG,2017-07-25,2017-09-30
2387,GOOG,2017-10-27,2017-12-31
2388,GOOG,2018-02-02,2018-03-31
2389,GOOG,2018-04-24,2018-06-30
2390,GOOGL,2017-07-25,2017-09-30
2391,GOOGL,2017-10-27,2017-12-31
2392,GOOGL,2018-02-02,2018-03-31
2393,GOOGL,2018-04-24,2018-06-30
2394,GPOR,2017-08-09,2017-09-30
2395,GPOR,2017-11-02,2017-12-31
2396,GPOR,2018-02-22,2018-03-31
2397,GPOR,2018-05-09,2018-06-30
2398,GPRE,2017-08-01,2017-09-30
2399,GPRE,2017-11-02,2017-12-31
2400,GPRE,2018-02-08,2018-03-31
2401,GPRE,2018-05-07,2018-06-30
2402,GRUB,2017-08-04,2017-09-30
2403,GRUB,2017-10-25,2017-12-31
2404,GRUB,2018-02-08,2018-03-31
2405,GRUB,2018-05-01,2018-06-30
2406,GS,2017-07-18,2017-09-30
2407,GS,2017-10-17,2017-12-31
2408,GS,2018-01-17,2018-03-31
2409,GS,2018-04-17,2018-06-30
2410,GSAT,2017-11-03,2017-09-30
2411,GSAT,2018-02-23,2017-12-31
2412,GSAT,2018-05-10,2018-03-31
2414,GSK,2017-07-26,2017-09-30
2415,GSK,2017-10-25,2017-12-31
2418,GT,2017-07-28,2017-09-30
2419,GT,2017-10-27,2017-12-31
2420,GT,2018-02-08,2018-03-31
2421,GT,2018-04-25,2018-06-30
2426,GWRE,2017-11-30,2017-07-31
2427,GWRE,2018-03-07,2017-10-31
2430,GWW,2017-07-19,2017-09-30
2431,GWW,2017-10-17,2017-12-31
2432,GWW,2018-01-24,2018-03-31
2433,GWW,2018-04-19,2018-06-30
2434,HAIN,2017-08-29,2017-09-30
2438,HAL,2017-07-24,2017-09-30
2439,HAL,2017-10-23,2017-12-31
2442,HALO,2017-08-09,2017-09-30
2443,HALO,2017-11-08,2017-12-31
2444,HALO,2018-02-21,2018-03-31
2445,HALO,2018-05-11,2018-06-30
2447,HAS,2017-10-23,2017-12-31
2450,HBI,2017-08-02,2017-09-30
2452,HBI,2018-02-08,2018-03-31
2453,HBI,2018-05-01,2018-06-30
2454,HCA,2017-07-25,2017-09-30
2455,HCA,2017-10-31,2017-12-31
2458,HCLP,2017-08-03,2017-09-30
2459,HCLP,2017-11-01,2017-12-31
2460,HCLP,2018-02-20,2018-03-31
2461,HCLP,2018-05-02,2018-06-30
2470,HEP,2017-08-01,2017-09-30
2471,HEP,2017-10-31,2017-12-31
2472,HEP,2018-02-21,2018-03-31
2473,HEP,2018-05-02,2018-06-30
2475,HOG,2017-10-17,2017-12-31
2478,HOLX,2017-08-03,2017-09-30
2480,HOLX,2018-02-09,2018-03-31
2481,HOLX,2018-05-03,2018-06-30
2486,HPE,2017-08-24,2017-10-31
2487,HPE,2017-11-22,2018-01-31
2488,HPE,2018-02-22,2018-04-30
2489,HPE,2018-05-23,2018-07-31
2490,HPQ,2017-08-24,2017-10-31
2491,HPQ,2017-11-22,2018-01-31
2492,HPQ,2018-02-23,2018-04-30
2493,HPQ,2018-05-30,2018-07-31
2494,HQY,2017-12-06,2017-07-31
2495,HQY,2018-02-07,2017-10-31
2496,HQY,2018-03-20,2018-01-31
2498,HRB,2017-08-30,2017-10-31
2500,HRB,2018-03-07,2018-04-30
2501,HRB,2018-06-13,2018-07-31
2502,HRI,2017-08-08,2017-09-30
2503,HRI,2017-11-08,2017-12-31
2504,HRI,2018-02-28,2018-03-31
2505,HRI,2018-05-09,2018-06-30
2506,IDCC,2017-07-27,2017-09-30
2507,IDCC,2017-10-26,2017-12-31
2508,IDCC,2018-02-22,2018-03-31
2509,IDCC,2018-04-26,2018-06-30
2511,IDTI,2017-10-31,2017-12-31
2514,IEP,2017-08-08,2017-09-30
2516,IEP,2018-03-01,2018-03-31
2518,IGT,2017-08-01,2017-09-30
2519,IGT,2017-11-14,2017-12-31
2520,IGT,2018-03-08,2018-03-31
2521,IGT,2018-05-22,2018-06-30
2523,ILMN,2017-10-25,2017-12-31
2526,IMMU,2017-08-17,2017-09-30
2527,IMMU,2017-11-10,2017-12-31
2528,IMMU,2018-02-12,2018-03-31
2529,IMMU,2018-05-10,2018-06-30
2530,INFN,2017-08-04,2017-09-30
2532,INFN,2018-02-08,2018-03-31
2533,INFN,2018-05-10,2018-06-30
2534,INFY,2017-07-14,2017-09-30
2535,INFY,2017-10-24,2017-12-31
2536,INFY,2018-01-12,2018-03-31
2537,INFY,2018-04-13,2018-06-30
2538,INO,2017-08-09,2017-09-30
2539,INO,2017-11-09,2017-12-31
2540,INO,2018-03-15,2018-03-31
2541,INO,2018-05-10,2018-06-30
2542,INSG,2017-08-08,2017-09-30
2543,INSG,2017-11-03,2017-12-31
2544,INSG,2018-03-08,2018-03-31
2545,INSG,2018-05-09,2018-06-30
2546,INSY,2017-08-03,2017-09-30
2547,INSY,2017-11-02,2017-12-31
2548,INSY,2018-03-09,2018-03-31
2549,INSY,2018-05-09,2018-06-30
2550,INTC,2017-07-28,2017-09-30
2552,INTC,2018-01-26,2018-03-31
2553,INTC,2018-04-27,2018-06-30
2554,INTU,2017-08-23,2017-10-31
2555,INTU,2017-11-21,2018-01-31
2556,INTU,2018-02-23,2018-04-30
2557,INTU,2018-05-23,2018-07-31
2558,IRBT,2017-07-26,2017-09-30
2560,IRBT,2018-02-08,2018-03-31
2561,IRBT,2018-04-25,2018-06-30
2562,IRDM,2017-07-27,2017-09-30
2563,IRDM,2017-10-26,2017-12-31
2566,IRM,2017-07-28,2017-09-30
2567,IRM,2017-10-25,2017-12-31
2568,IRM,2018-02-16,2018-03-31
2570,ITUB,2017-08-01,2017-09-30
2571,ITUB,2017-10-31,2017-12-31
2572,ITUB,2018-02-06,2018-03-31
2574,ITW,2017-07-24,2017-09-30
2575,ITW,2017-10-23,2017-12-31
2576,ITW,2018-01-24,2018-03-31
2577,ITW,2018-04-26,2018-06-30
2578,IVC,2017-08-08,2017-09-30
2579,IVC,2017-11-08,2017-12-31
2580,IVC,2018-02-08,2018-03-31
2581,IVC,2018-05-08,2018-06-30
2582,IVZ,2017-07-27,2017-09-30
2583,IVZ,2017-10-26,2017-12-31
2584,IVZ,2018-01-31,2018-03-31
2585,IVZ,2018-04-26,2018-06-30
2590,JBHT,2017-07-17,2017-09-30
2591,JBHT,2017-10-13,2017-12-31
2592,JBHT,2018-01-18,2018-03-31
2593,JBHT,2018-04-16,2018-06-30
2594,JBL,2017-12-15,2017-08-31
2595,JBL,2018-03-16,2017-11-30
2598,JBLU,2017-07-25,2017-09-30
2599,JBLU,2017-10-24,2017-12-31
2600,JBLU,2018-01-25,2018-03-31
2601,JBLU,2018-04-24,2018-06-30
2602,JCI,2017-07-27,2017-09-30
2603,JCI,2017-11-09,2017-12-31
2604,JCI,2018-01-31,2018-03-31
2605,JCI,2018-05-01,2018-06-30
2614,K,2017-08-03,2017-09-30
2616,K,2018-02-08,2018-03-31
2617,K,2018-05-03,2018-06-30
2618,KBH,2018-01-11,2017-08-31
2619,KBH,2018-03-23,2017-11-30
2626,KEYS,2017-08-31,2017-10-31
2628,KEYS,2018-03-02,2018-04-30
2629,KEYS,2018-05-31,2018-07-31
2630,KIM,2017-07-27,2017-09-30
2631,KIM,2017-10-26,2017-12-31
2632,KIM,2018-02-15,2018-03-31
2633,KIM,2018-04-26,2018-06-30
2634,KMX,2017-12-21,2017-08-31
2635,KMX,2018-04-04,2017-11-30
2638,KNX,2017-07-27,2017-09-30
2639,KNX,2017-11-07,2017-12-31
2640,KNX,2018-01-31,2018-03-31
2641,KNX,2018-04-26,2018-06-30
2643,KO,2017-10-25,2017-12-31
2646,KORS,2017-08-08,2017-09-30
2648,KORS,2018-02-07,2018-03-31
2649,KORS,2018-05-30,2018-06-30
2650,LUV,2017-07-27,2017-09-30
2651,LUV,2017-10-26,2017-12-31
2652,LUV,2018-01-25,2018-03-31
2653,LUV,2018-04-26,2018-06-30
2654,LVS,2017-07-27,2017-09-30
2655,LVS,2017-10-26,2017-12-31
2656,LVS,2018-01-25,2018-03-31
2657,LVS,2018-04-26,2018-06-30
2670,MA,2017-07-27,2017-09-30
2671,MA,2017-10-31,2017-12-31
2672,MA,2018-02-02,2018-03-31
2673,MA,2018-05-02,2018-06-30
2678,MCHP,2017-08-04,2017-09-30
2679,MCHP,2017-11-07,2017-12-31
2680,MCHP,2018-02-07,2018-03-31
2681,MCHP,2018-05-08,2018-06-30
2682,MCK,2017-07-27,2017-09-30
2683,MCK,2017-10-26,2017-12-31
2684,MCK,2018-02-01,2018-03-31
2685,MCK,2018-05-24,2018-06-30
2686,MDCO,2017-08-09,2017-09-30
2687,MDCO,2017-10-25,2017-12-31
2688,MDCO,2018-02-21,2018-03-31
2689,MDCO,2018-04-25,2018-06-30
2690,MDLZ,2017-08-02,2017-09-30
2691,MDLZ,2017-10-31,2017-12-31
2692,MDLZ,2018-02-01,2018-03-31
2693,MDLZ,2018-05-02,2018-06-30
2694,MDR,2017-07-25,2017-09-30
2695,MDR,2017-11-01,2017-12-31
2696,MDR,2018-02-21,2018-03-31
2697,MDR,2018-04-24,2018-06-30
2702,MGA,2017-08-11,2017-09-30
2703,MGA,2017-11-09,2017-12-31
2704,MGA,2018-02-22,2018-03-31
2705,MGA,2018-05-10,2018-06-30
2706,MGM,2017-07-27,2017-09-30
2707,MGM,2017-11-08,2017-12-31
2708,MGM,2018-02-20,2018-03-31
2709,MGM,2018-04-26,2018-06-30
2710,MHK,2017-07-27,2017-09-30
2711,MHK,2017-10-27,2017-12-31
2712,MHK,2018-02-09,2018-03-31
2713,MHK,2018-04-27,2018-06-30
2718,MIC,2017-08-03,2017-09-30
2719,MIC,2017-11-02,2017-12-31
2720,MIC,2018-02-22,2018-03-31
2721,MIC,2018-05-03,2018-06-30
2726,MKSI,2017-07-26,2017-09-30
2727,MKSI,2017-10-25,2017-12-31
2728,MKSI,2018-02-01,2018-03-31
2729,MKSI,2018-04-25,2018-06-30
2734,MLM,2017-08-01,2017-09-30
2735,MLM,2017-11-02,2017-12-31
2736,MLM,2018-02-13,2018-03-31
2737,MLM,2018-05-08,2018-06-30
2738,MMC,2017-07-27,2017-09-30
2739,MMC,2017-10-26,2017-12-31
2740,MMC,2018-02-01,2018-03-31
2741,MMC,2018-04-26,2018-06-30
2746,MMP,2017-08-02,2017-09-30
2747,MMP,2017-11-02,2017-12-31
2748,MMP,2018-02-01,2018-03-31
2749,MMP,2018-05-03,2018-06-30
2754,MNKD,2017-08-08,2017-09-30
2755,MNKD,2017-11-08,2017-12-31
2756,MNKD,2018-02-28,2018-03-31
2757,MNKD,2018-05-10,2018-06-30
2758,MNST,2017-08-09,2017-09-30
2759,MNST,2017-11-09,2017-12-31
2760,MNST,2018-03-01,2018-03-31
2761,MNST,2018-05-09,2018-06-30
2762,MO,2017-07-27,2017-09-30
2764,MO,2018-02-01,2018-03-31
2765,MO,2018-04-26,2018-06-30
2778,MS,2017-07-19,2017-09-30
2780,MS,2018-01-18,2018-03-31
2781,MS,2018-04-18,2018-06-30
2782,MSFT,2017-07-21,2017-09-30
2783,MSFT,2017-10-27,2017-12-31
2784,MSFT,2018-02-01,2018-03-31
2785,MSFT,2018-04-27,2018-06-30
2787,MT,2017-07-27,2017-09-30
2788,MT,2017-11-10,2017-12-31
2789,MT,2018-01-31,2018-06-30
2791,MTCH,2017-08-02,2017-09-30
2792,MTCH,2017-11-08,2017-12-31
2793,MTCH,2018-02-07,2018-03-31
2794,MTCH,2018-05-09,2018-06-30
2795,MTZ,2017-08-04,2017-09-30
2797,MTZ,2018-02-28,2018-03-31
2798,MTZ,2018-05-01,2018-06-30
2799,MU,2017-12-20,2017-08-31
2800,MU,2018-03-23,2017-11-30
2803,MX,2017-08-04,2017-09-30
2804,MX,2017-11-02,2017-12-31
2805,MX,2018-02-07,2018-03-31
2806,MX,2018-05-01,2018-06-30
2809,MXIM,2018-01-26,2018-03-31
2810,MXIM,2018-04-27,2018-06-30
2811,MYL,2017-08-09,2017-09-30
2813,MYL,2018-03-01,2018-03-31
2814,MYL,2018-05-09,2018-06-30
2815,MZOR,2017-08-01,2017-09-30
2816,MZOR,2017-11-07,2017-12-31
2817,MZOR,2018-02-14,2018-03-31
2818,MZOR,2018-05-14,2018-06-30
2819,NAV,2017-12-19,2017-07-31
2820,NAV,2018-03-08,2017-10-31
2823,NBR,2017-08-03,2017-09-30
2824,NBR,2017-10-25,2017-12-31
2825,NBR,2018-02-28,2018-03-31
2826,NBR,2018-05-02,2018-06-30
2827,NEM,2017-07-25,2017-09-30
2828,NEM,2017-10-26,2017-12-31
2829,NEM,2018-02-22,2018-03-31
2830,NEM,2018-04-26,2018-06-30
2834,NEPT,2017-08-15,2017-12-31
2840,NFX,2017-08-02,2017-09-30
2841,NFX,2017-11-01,2017-12-31
2842,NFX,2018-02-21,2018-03-31
2843,NFX,2018-05-02,2018-06-30
2849,NKE,2017-12-22,2017-08-31
2850,NKE,2018-03-23,2017-11-30
2853,NKTR,2017-08-09,2017-09-30
2855,NKTR,2018-03-02,2018-03-31
2856,NKTR,2018-05-11,2018-06-30
2857,NLSN,2017-07-27,2017-09-30
2858,NLSN,2017-10-25,2017-12-31
2859,NLSN,2018-02-08,2018-03-31
2860,NLSN,2018-04-26,2018-06-30
2861,NLY,2017-08-03,2017-09-30
2862,NLY,2017-11-02,2017-12-31
2863,NLY,2018-02-15,2018-03-31
2864,NLY,2018-05-03,2018-06-30
2865,NOC,2017-07-26,2017-09-30
2866,NOC,2017-10-25,2017-12-31
2867,NOC,2018-01-25,2018-03-31
2868,NOC,2018-04-25,2018-06-30
2869,NS,2017-07-28,2017-09-30
2870,NS,2017-11-07,2017-12-31
2871,NS,2018-02-08,2018-03-31
2872,NS,2018-04-26,2018-06-30
2873,NSC,2017-07-26,2017-09-30
2874,NSC,2017-10-25,2017-12-31
2875,NSC,2018-01-24,2018-03-31
2876,NSC,2018-04-25,2018-06-30
2881,NTES,2017-08-10,2017-09-30
2882,NTES,2017-11-16,2017-12-31
2883,NTES,2018-02-08,2018-03-31
2884,NTES,2018-05-17,2018-06-30
2887,NTNX,2018-03-02,2018-04-30
2889,NUE,2017-07-20,2017-09-30
2890,NUE,2017-10-19,2017-12-31
2891,NUE,2018-01-30,2018-03-31
2892,NUE,2018-04-19,2018-06-30
2905,NVS,2017-07-18,2017-09-30
2906,NVS,2017-10-24,2017-12-31
2907,NVS,2018-01-24,2018-03-31
2908,NVS,2018-04-19,2018-06-30
2909,NVTA,2017-08-08,2017-09-30
2910,NVTA,2017-11-07,2017-12-31
2911,NVTA,2018-02-13,2018-03-31
2912,NVTA,2018-05-10,2018-06-30
2913,NWL,2017-08-04,2017-09-30
2914,NWL,2017-11-02,2017-12-31
2915,NWL,2018-02-16,2018-03-31
2922,NXPI,2017-10-26,2017-12-31
2925,OCN,2017-08-02,2017-09-30
2926,OCN,2017-11-02,2017-12-31
2927,OCN,2018-02-28,2018-03-31
2928,OCN,2018-05-02,2018-06-30
2929,OCUL,2017-08-09,2017-09-30
2930,OCUL,2017-11-08,2017-12-31
2931,OCUL,2018-03-08,2018-03-31
2932,OCUL,2018-05-09,2018-06-30
2933,ODP,2017-08-09,2017-09-30
2935,ODP,2018-02-28,2018-03-31
2936,ODP,2018-05-09,2018-06-30
2937,OHI,2017-08-02,2017-09-30
2938,OHI,2017-10-31,2017-12-31
2939,OHI,2018-02-14,2018-03-31
2940,OHI,2018-05-08,2018-06-30
2941,OKE,2017-08-02,2017-09-30
2942,OKE,2017-11-01,2017-12-31
2943,OKE,2018-02-27,2018-03-31
2944,OKE,2018-05-02,2018-06-30
2949,OLED,2017-08-04,2017-09-30
2950,OLED,2017-11-03,2017-12-31
2951,OLED,2018-02-23,2018-03-31
2952,OLED,2018-05-04,2018-06-30
2957,OLN,2017-08-01,2017-09-30
2958,OLN,2017-10-31,2017-12-31
2959,OLN,2018-02-07,2018-03-31
2960,OLN,2018-05-02,2018-06-30
2961,OMC,2017-07-20,2017-09-30
2962,OMC,2017-10-17,2017-12-31
2963,OMC,2018-02-13,2018-03-31
2964,OMC,2018-04-17,2018-06-30
2965,OMER,2017-08-09,2017-09-30
2967,OMER,2018-03-02,2018-03-31
2968,OMER,2018-05-11,2018-06-30
2970,ON,2018-04-30,2017-12-31
2973,ONDK,2017-08-07,2017-09-30
2974,ONDK,2017-11-06,2017-12-31
2975,ONDK,2018-02-13,2018-03-31
2976,ONDK,2018-05-08,2018-06-30
2977,OPK,2017-08-09,2017-09-30
2979,OPK,2018-03-02,2018-03-31
2980,OPK,2018-05-09,2018-06-30
2981,ORCL,2017-12-15,2017-08-31
2982,ORCL,2018-03-20,2017-11-30
2985,ORLY,2017-07-27,2017-09-30
2986,ORLY,2017-10-26,2017-12-31
2987,ORLY,2018-02-08,2018-03-31
2988,ORLY,2018-04-26,2018-06-30
2989,OSTK,2017-08-04,2017-09-30
2990,OSTK,2017-11-09,2017-12-31
2991,OSTK,2018-03-16,2018-03-31
2992,OSTK,2018-05-09,2018-06-30
2993,OXY,2017-08-02,2017-09-30
2994,OXY,2017-11-02,2017-12-31
2995,OXY,2018-02-14,2018-03-31
2996,OXY,2018-05-09,2018-06-30
2997,OZM,2017-08-02,2017-09-30
2999,OZM,2018-02-16,2018-03-31
3000,OZM,2018-05-02,2018-06-30
3001,PDCE,2017-08-08,2017-09-30
3002,PDCE,2017-11-07,2017-12-31
3003,PDCE,2018-02-27,2018-03-31
3004,PDCE,2018-05-04,2018-06-30
3009,PDLI,2017-08-04,2017-09-30
3010,PDLI,2017-11-03,2017-12-31
3011,PDLI,2018-03-09,2018-03-31
3012,PDLI,2018-05-10,2018-06-30
3013,PE,2017-08-03,2017-09-30
3014,PE,2017-11-08,2017-12-31
3015,PE,2018-02-22,2018-03-31
3016,PE,2018-05-04,2018-06-30
3021,PG,2017-07-27,2017-09-30
3022,PG,2017-10-20,2017-12-31
3023,PG,2018-01-23,2018-03-31
3024,PG,2018-04-20,2018-06-30
3025,PH,2017-08-03,2017-09-30
3026,PH,2017-11-02,2017-12-31
3027,PH,2018-02-01,2018-03-31
3028,PH,2018-04-26,2018-06-30
3029,PHM,2017-07-25,2017-09-30
3030,PHM,2017-10-24,2017-12-31
3031,PHM,2018-01-30,2018-03-31
3032,PHM,2018-04-24,2018-06-30
3033,PLNT,2017-08-10,2017-09-30
3034,PLNT,2017-11-08,2017-12-31
3035,PLNT,2018-02-23,2018-03-31
3036,PLNT,2018-05-09,2018-06-30
3037,PLUG,2017-08-08,2017-09-30
3038,PLUG,2017-11-08,2017-12-31
3039,PLUG,2018-02-08,2018-03-31
3040,PLUG,2018-05-09,2018-06-30
3041,PPG,2017-07-20,2017-09-30
3042,PPG,2017-10-19,2017-12-31
3043,PPG,2018-01-18,2018-03-31
3044,PPG,2018-04-19,2018-06-30
3045,PRTY,2017-08-02,2017-09-30
3046,PRTY,2017-11-09,2017-12-31
3047,PRTY,2018-03-09,2018-03-31
3048,PRTY,2018-05-09,2018-06-30
3049,PTCT,2017-08-09,2017-09-30
3051,PTCT,2018-03-07,2018-03-31
3052,PTCT,2018-05-10,2018-06-30
3054,PTLA,2017-11-07,2017-12-31
3055,PTLA,2018-03-01,2018-03-31
3056,PTLA,2018-05-10,2018-06-30
3067,QSR,2017-08-02,2017-09-30
3068,QSR,2017-10-26,2017-12-31
3069,RACE,2017-08-03,2017-09-30
3070,RACE,2017-11-02,2017-12-31
3071,RACE,2018-02-01,2018-03-31
3072,RACE,2018-05-03,2018-06-30
3077,REI,2017-08-09,2017-09-30
3078,REI,2017-11-09,2017-12-31
3079,REI,2018-03-16,2018-03-31
3080,REI,2018-05-09,2018-06-30
3089,RHP,2017-08-08,2017-09-30
3090,RHP,2017-11-07,2017-12-31
3091,RHP,2018-02-23,2018-03-31
3092,RHP,2018-05-01,2018-06-30
3093,RHT,2017-12-20,2017-08-31
3094,RHT,2018-03-27,2017-11-30
3097,RIG,2017-08-03,2017-09-30
3098,RIG,2017-11-02,2017-12-31
3099,RIG,2018-02-21,2018-03-31
3100,RIG,2018-05-01,2018-06-30
3101,ROK,2017-07-26,2017-09-30
3102,ROK,2017-11-08,2017-12-31
3103,ROK,2018-01-24,2018-03-31
3104,ROK,2018-04-25,2018-06-30
3113,RP,2017-08-03,2017-09-30
3114,RP,2017-11-03,2017-12-31
3115,RP,2018-02-28,2018-03-31
3117,RTRX,2017-08-10,2017-09-30
3118,RTRX,2017-11-08,2017-12-31
3119,RTRX,2018-02-28,2018-03-31
3120,RTRX,2018-05-02,2018-06-30
3121,RUBI,2017-08-02,2017-09-30
3122,RUBI,2017-11-03,2017-12-31
3123,RUBI,2018-03-15,2018-03-31
3124,RUBI,2018-05-04,2018-06-30
3125,S,2017-08-01,2017-09-30
3126,S,2017-10-25,2017-12-31
3127,S,2018-02-02,2018-03-31
3128,S,2018-05-03,2018-06-30
3132,SAGE,2018-05-03,2018-06-30
3133,SENS,2017-08-04,2017-09-30
3134,SENS,2017-11-01,2017-12-31
3135,SENS,2018-03-14,2018-03-31
3136,SENS,2018-05-11,2018-06-30
3137,SFLY,2017-07-26,2017-09-30
3138,SFLY,2017-10-25,2017-12-31
3139,SFLY,2018-01-31,2018-03-31
3140,SFLY,2018-05-02,2018-06-30
3141,SGMO,2017-08-10,2017-09-30
3142,SGMO,2017-11-10,2017-12-31
3143,SGMO,2018-02-22,2018-03-31
3144,SGMO,2018-05-08,2018-06-30
3145,SGMS,2017-07-24,2017-09-30
3146,SGMS,2017-11-02,2017-12-31
3157,SHLX,2017-08-03,2017-09-30
3158,SHLX,2017-11-03,2017-12-31
3159,SHLX,2018-02-27,2018-03-31
3161,SHOP,2017-08-01,2017-09-30
3162,SHOP,2017-10-31,2017-12-31
3163,SHOP,2018-02-15,2018-03-31
3164,SHOP,2018-05-01,2018-06-30
3165,SLB,2017-07-21,2017-09-30
3166,SLB,2017-10-20,2017-12-31
3167,SLB,2018-01-19,2018-03-31
3168,SLB,2018-04-20,2018-06-30
3169,SM,2017-08-04,2017-09-30
3170,SM,2017-11-03,2017-12-31
3171,SM,2018-02-22,2018-03-31
3172,SM,2018-05-04,2018-06-30
3180,SNAP,2018-05-02,2018-06-30
3181,SPGI,2017-07-27,2017-09-30
3182,SPGI,2017-10-26,2017-12-31
3183,SPGI,2018-02-06,2018-03-31
3184,SPGI,2018-04-26,2018-06-30
3189,SPLK,2017-08-25,2017-10-31
3191,SPLK,2018-03-02,2018-04-30
3192,SPLK,2018-05-25,2018-07-31
3193,SRPT,2017-07-20,2017-09-30
3195,SRPT,2018-03-02,2018-03-31
3196,SRPT,2018-05-04,2018-06-30
3197,SSTK,2017-08-02,2017-09-30
3198,SSTK,2017-10-31,2017-12-31
3199,SSTK,2018-02-22,2018-03-31
3200,SSTK,2018-04-26,2018-06-30
3201,SSW,2017-08-01,2017-09-30
3202,SSW,2017-11-01,2017-12-31
3203,SSW,2018-02-28,2018-03-31
3204,SSW,2018-05-03,2018-06-30
3209,TSCO,2017-07-27,2017-09-30
3211,TSCO,2018-02-01,2018-03-31
3212,TSCO,2018-04-26,2018-06-30
3213,TSLA,2017-08-03,2017-09-30
3214,TSLA,2017-11-02,2017-12-31
3215,TSLA,2018-02-08,2018-03-31
3216,TSLA,2018-05-03,2018-06-30
3217,TSM,2017-07-13,2017-09-30
3218,TSM,2017-10-19,2017-12-31
3219,TSM,2018-01-18,2018-03-31
3220,TSM,2018-04-19,2018-06-30
3221,TSN,2017-08-07,2017-09-30
3223,TSN,2018-02-08,2018-03-31
3224,TSN,2018-05-07,2018-06-30
3225,TTGT,2017-08-10,2017-09-30
3226,TTGT,2017-11-09,2017-12-31
3227,TTGT,2018-02-08,2018-03-31
3228,TTGT,2018-05-10,2018-06-30
3229,TWLO,2017-08-08,2017-09-30
3230,TWLO,2017-11-09,2017-12-31
3231,TWLO,2018-02-14,2018-03-31
3232,TWLO,2018-05-09,2018-06-30
3233,TWTR,2017-07-27,2017-09-30
3234,TWTR,2017-10-26,2017-12-31
3235,TWTR,2018-02-08,2018-03-31
3236,TWTR,2018-04-25,2018-06-30
3237,UA,2017-08-01,2017-09-30
3238,UA,2017-10-31,2017-12-31
3239,UA,2018-02-13,2018-03-31
3240,UA,2018-05-01,2018-06-30
3241,UAA,2017-08-01,2017-09-30
3242,UAA,2017-10-31,2017-12-31
3243,UAA,2018-02-13,2018-03-31
3244,UAA,2018-05-01,2018-06-30
3245,UIS,2017-08-02,2017-09-30
3246,UIS,2017-10-31,2017-12-31
3247,UIS,2018-02-09,2018-03-31
3248,UIS,2018-05-02,2018-06-30
3249,UNM,2017-07-28,2017-09-30
3250,UNM,2017-10-26,2017-12-31
3251,UNM,2018-02-01,2018-03-31
3252,UNM,2018-05-02,2018-06-30
3253,UPS,2017-07-27,2017-09-30
3254,UPS,2017-10-26,2017-12-31
3255,UPS,2018-02-01,2018-03-31
3256,UPS,2018-04-26,2018-06-30
3257,URBN,2017-08-16,2017-10-31
3259,URBN,2018-03-07,2018-04-30
3261,URI,2017-07-20,2017-09-30
3262,URI,2017-10-19,2017-12-31
3263,URI,2018-01-25,2018-03-31
3264,URI,2018-04-19,2018-06-30
3269,USCR,2017-08-08,2017-09-30
3271,USCR,2018-03-01,2018-03-31
3272,USCR,2018-04-30,2018-06-30
3273,UTX,2017-07-26,2017-09-30
3274,UTX,2017-10-24,2017-12-31
3275,UTX,2018-01-24,2018-03-31
3276,UTX,2018-04-24,2018-06-30
3277,V,2017-07-21,2017-09-30
3278,V,2017-10-25,2017-12-31
3279,V,2018-02-02,2018-03-31
3280,V,2018-04-26,2018-06-30
3281,VAC,2017-08-03,2017-09-30
3282,VAC,2017-11-02,2017-12-31
3283,VAC,2018-02-27,2018-03-31
3284,VAC,2018-05-03,2018-06-30
3285,VALE,2017-07-27,2017-09-30
3287,VALE,2018-02-28,2018-03-31
3288,VALE,2018-04-25,2018-06-30
3289,VC,2017-07-27,2017-09-30
3290,VC,2017-10-26,2017-12-31
3291,VC,2018-02-22,2018-03-31
3293,VEEV,2017-08-25,2017-10-31
3294,VEEV,2017-12-06,2018-01-31
3295,VEEV,2018-02-28,2018-04-30
3296,VEEV,2018-05-25,2018-07-31
3297,VMC,2017-08-02,2017-09-30
3298,VMC,2017-11-02,2017-12-31
3299,VMC,2018-02-16,2018-03-31
3300,VMC,2018-05-03,2018-06-30
3301,VNO,2017-08-01,2017-09-30
3302,VNO,2017-10-31,2017-12-31
3303,VNO,2018-02-13,2018-03-31
3304,VNO,2018-05-01,2018-06-30
3305,VNOM,2017-08-02,2017-09-30
3306,VNOM,2017-10-25,2017-12-31
3307,VNOM,2018-02-07,2018-03-31
3308,VNOM,2018-05-02,2018-06-30
3309,VRNS,2017-08-04,2017-09-30
3310,VRNS,2017-11-03,2017-12-31
3311,VRNS,2018-02-13,2018-03-31
3312,VRNS,2018-05-01,2018-06-30
3313,VRSN,2017-07-28,2017-09-30
3314,VRSN,2017-10-27,2017-12-31
3315,VRSN,2018-02-09,2018-03-31
3316,VRSN,2018-04-27,2018-06-30
3317,VRTX,2017-07-27,2017-09-30
3318,VRTX,2017-10-26,2017-12-31
3319,VRTX,2018-02-01,2018-03-31
3320,VRTX,2018-04-27,2018-06-30
3321,VVUS,2017-08-04,2017-09-30
3322,VVUS,2017-11-08,2017-12-31
3323,VVUS,2018-03-14,2018-03-31
3324,VVUS,2018-05-09,2018-06-30
3325,VZ,2017-07-27,2017-09-30
3326,VZ,2017-10-19,2017-12-31
3327,VZ,2018-01-23,2018-03-31
3328,VZ,2018-04-24,2018-06-30
3329,W,2017-08-08,2017-09-30
3330,W,2017-11-02,2017-12-31
3331,W,2018-02-22,2018-03-31
3332,W,2018-05-02,2018-06-30
3333,WATT,2017-08-09,2017-09-30
3335,WATT,2018-02-16,2018-03-31
3336,WATT,2018-05-02,2018-06-30
3341,WBA,2017-06-29,2017-08-31
3342,WBA,2017-10-25,2017-11-30
3343,WBA,2018-01-04,2018-02-28
3344,WBA,2018-03-28,2018-05-31
3345,WDAY,2017-06-02,2017-07-31
3346,WDAY,2017-08-31,2017-10-31
3347,WDAY,2017-11-30,2018-01-31
3348,WDAY,2018-02-28,2018-04-30
3357,WHR,2017-07-27,2017-09-30
3358,WHR,2017-10-24,2017-12-31
3359,WHR,2018-01-25,2018-03-31
3360,WHR,2018-04-24,2018-06-30
3361,WIN,2017-08-03,2017-09-30
3362,WIN,2017-11-09,2017-12-31
3363,WIN,2018-02-22,2018-03-31
3364,WIN,2018-05-03,2018-06-30
3365,WIX,2017-07-28,2017-09-30
3366,WIX,2017-11-08,2017-12-31
3367,WIX,2018-02-14,2018-03-31
3368,WIX,2018-05-09,2018-06-30
3369,WLK,2017-08-03,2017-09-30
3370,WLK,2017-11-07,2017-12-31
3371,WLK,2018-02-20,2018-03-31
3372,WLK,2018-05-03,2018-06-30
3373,WLL,2017-07-27,2017-09-30
3374,WLL,2017-10-26,2017-12-31
3375,WLL,2018-02-22,2018-03-31
3376,WLL,2018-05-01,2018-06-30
3377,WM,2017-07-26,2017-09-30
3378,WM,2017-10-26,2017-12-31
3379,WM,2018-02-15,2018-03-31
3380,WM,2018-04-20,2018-06-30
3381,WMB,2017-08-03,2017-09-30
3382,WMB,2017-11-02,2017-12-31
3383,WMB,2018-02-15,2018-03-31
3384,WMB,2018-05-03,2018-06-30
3385,WMT,2017-08-17,2017-10-31
3386,WMT,2017-11-16,2018-01-31
3387,WMT,2018-02-20,2018-04-30
3388,WMT,2018-05-17,2018-07-31
3389,WPG,2017-07-27,2017-09-30
3390,WPG,2017-10-26,2017-12-31
3391,WPG,2018-02-22,2018-03-31
3392,WPG,2018-04-26,2018-06-30
3393,WPM,2017-08-11,2017-09-30
3394,WPM,2017-11-10,2017-12-31
3395,WPM,2018-03-22,2018-03-31
3396,WPM,2018-05-11,2018-06-30
3397,WPRT,2017-08-15,2017-09-30
3398,WPRT,2017-11-15,2017-12-31
3399,WPRT,2018-03-23,2018-03-31
3401,WPX,2017-08-03,2017-09-30
3402,WPX,2017-11-02,2017-12-31
3403,WPX,2018-02-22,2018-03-31
3404,WPX,2018-05-03,2018-06-30
3405,X,2017-07-26,2017-09-30
3406,X,2017-11-01,2017-12-31
3407,X,2018-02-01,2018-03-31
3408,X,2018-04-27,2018-06-30
3409,XEC,2017-08-09,2017-09-30
3410,XEC,2017-11-08,2017-12-31
3411,XEC,2018-02-15,2018-03-31
3412,XEC,2018-05-09,2018-06-30
3413,YRD,2017-08-01,2017-09-30
3414,YRD,2017-11-15,2017-12-31
3417,YUM,2017-08-03,2017-09-30
3418,YUM,2017-11-02,2017-12-31
3419,YUM,2018-02-08,2018-03-31
3420,YUM,2018-05-02,2018-06-30
3423,YUMC,2018-02-08,2018-03-31
3424,YUMC,2018-05-02,2018-06-30
3429,Z,2017-08-09,2017-09-30
3430,Z,2017-11-08,2017-12-31
3431,Z,2018-02-09,2018-03-31
3432,Z,2018-05-08,2018-06-30
3433,ZAYO,2017-08-22,2017-09-30
3434,ZAYO,2017-11-07,2017-12-31
3435,ZAYO,2018-02-08,2018-03-31
3436,ZAYO,2018-05-04,2018-06-30
3437,ZNGA,2017-08-03,2017-09-30
3438,ZNGA,2017-11-08,2017-12-31
3439,ZNGA,2018-02-08,2018-03-31
3440,ZNGA,2018-05-03,2018-06-30
3442,ZTO,2017-11-21,2017-12-31
3449,FTNT,2017-07-27,2017-09-30
3450,FTNT,2017-10-27,2017-12-31
3451,FTNT,2018-02-06,2018-03-31
3452,FTNT,2018-05-04,2018-06-30
3453,FTR,2017-08-02,2017-09-30
3454,FTR,2017-11-01,2017-12-31
3455,FTR,2018-02-28,2018-03-31
3456,FTR,2018-05-02,2018-06-30
3458,FTV,2017-10-27,2017-12-31
3461,GFN,2017-11-07,2017-06-30
3462,GFN,2018-02-06,2017-09-30
3465,GNRC,2017-08-02,2017-09-30
3466,GNRC,2017-11-01,2017-12-31
3467,GNRC,2018-02-13,2018-03-31
3468,GNRC,2018-05-02,2018-06-30
3473,GPC,2017-07-20,2017-09-30
3474,GPC,2017-10-19,2017-12-31
3475,GPC,2018-02-20,2018-03-31
3476,GPC,2018-04-19,2018-06-30
3477,HLF,2017-08-02,2017-09-30
3478,HLF,2017-11-03,2017-12-31
3479,HLF,2018-02-23,2018-03-31
3480,HLF,2018-05-04,2018-06-30
3481,HP,2017-07-27,2017-09-30
3482,HP,2017-11-16,2017-12-31
3483,HP,2018-01-25,2018-03-31
3484,HP,2018-04-26,2018-06-30
3489,ICPT,2017-07-31,2017-09-30
3491,ICPT,2018-02-14,2018-03-31
3492,ICPT,2018-05-08,2018-06-30
3493,IRT,2017-08-01,2017-09-30
3494,IRT,2017-10-31,2017-12-31
3495,IRT,2018-02-20,2018-03-31
3496,IRT,2018-04-25,2018-06-30
3501,KHC,2017-08-04,2017-09-30
3503,KHC,2018-02-16,2018-03-31
3504,KHC,2018-05-03,2018-06-30
3506,PFE,2017-10-31,2017-12-31
3513,PPL,2017-08-03,2017-09-30
3514,PPL,2017-11-01,2017-12-31
3515,PPL,2018-02-22,2018-03-31
3516,PPL,2018-05-03,2018-06-30
3517,PRGO,2017-08-10,2017-09-30
3519,PRGO,2018-05-08,2018-03-31
3521,PSTG,2017-08-25,2017-10-31
3523,PSTG,2018-03-02,2018-04-30
3524,PSTG,2018-05-22,2018-07-31
3525,PSX,2017-08-01,2017-09-30
3526,PSX,2017-10-27,2017-12-31
3527,PSX,2018-02-02,2018-03-31
3528,PSX,2018-04-27,2018-06-30
3529,RCL,2017-08-01,2017-09-30
3530,RCL,2017-11-07,2017-12-31
3531,RCL,2018-01-24,2018-03-31
3532,RCL,2018-04-26,2018-06-30
3533,RDUS,2017-08-04,2017-09-30
3535,RDUS,2018-03-02,2018-03-31
3536,RDUS,2018-05-10,2018-06-30
3537,RE,2017-07-25,2017-09-30
3538,RE,2017-10-31,2017-12-31
3539,RE,2018-02-06,2018-03-31
3540,RE,2018-04-26,2018-06-30
3541,RFP,2017-08-03,2017-09-30
3542,RFP,2017-11-02,2017-12-31
3543,RFP,2018-02-01,2018-03-31
3545,RGLD,2017-08-10,2017-09-30
3546,RGLD,2017-11-02,2017-12-31
3547,RGLD,2018-02-09,2018-03-31
3548,RGLD,2018-05-03,2018-06-30
3549,RGR,2017-08-03,2017-09-30
3550,RGR,2017-11-01,2017-12-31
3551,RGR,2018-02-22,2018-03-31
3558,RTN,2017-10-26,2017-12-31
3561,RUN,2017-08-08,2017-09-30
3563,RUN,2018-03-07,2018-03-31
3564,RUN,2018-05-10,2018-06-30
3567,RY,2017-08-23,2017-10-31
3570,SFM,2017-11-02,2017-12-31
3573,SLCA,2017-08-01,2017-09-30
3574,SLCA,2017-11-07,2017-12-31
3575,SLCA,2018-02-21,2018-03-31
3576,SLCA,2018-04-24,2018-06-30
3581,SN,2017-08-09,2017-09-30
3582,SN,2017-11-03,2017-12-31
3583,SN,2018-02-26,2018-03-31
3584,SN,2018-05-08,2018-06-30
3585,SNA,2017-07-20,2017-09-30
3587,SNA,2018-02-08,2018-03-31
3588,SNA,2018-04-19,2018-06-30
3589,SO,2017-08-02,2017-09-30
3590,SO,2017-11-01,2017-12-31
3591,SO,2018-02-21,2018-03-31
3592,SO,2018-05-02,2018-06-30
3593,SODA,2017-08-02,2017-09-30
3594,SODA,2017-11-01,2017-12-31
3595,SODA,2018-02-14,2018-03-31
3596,SODA,2018-05-02,2018-06-30
3597,SOHU,2017-07-31,2017-09-30
3598,SOHU,2017-10-27,2017-12-31
3599,SOHU,2018-01-29,2018-03-31
3601,SPG,2017-08-01,2017-09-30
3602,SPG,2017-10-27,2017-12-31
3603,SPG,2018-01-31,2018-03-31
3604,SPG,2018-04-27,2018-06-30
3605,SPPI,2017-08-04,2017-09-30
3607,SPPI,2018-03-07,2018-03-31
3608,SPPI,2018-05-04,2018-06-30
3610,SPWR,2017-11-02,2017-12-31
3613,SQ,2017-08-03,2017-09-30
3614,SQ,2017-11-09,2017-12-31
3615,SQ,2018-02-28,2018-03-31
3616,SQ,2018-05-03,2018-06-30
3621,STI,2017-07-21,2017-09-30
3622,STI,2017-10-20,2017-12-31
3623,STI,2018-01-19,2018-03-31
3624,STI,2018-04-20,2018-06-30
3625,STLD,2017-07-20,2017-09-30
3626,STLD,2017-10-19,2017-12-31
3627,STLD,2018-01-23,2018-03-31
3628,STLD,2018-04-19,2018-06-30
3629,STM,2017-07-26,2017-09-30
3630,STM,2017-10-26,2017-12-31
3631,STM,2018-01-25,2018-03-31
3632,STM,2018-04-25,2018-06-30
3637,TRN,2017-07-26,2017-09-30
3638,TRN,2017-10-26,2017-12-31
3639,TRN,2018-02-22,2018-03-31
3640,TRN,2018-04-26,2018-06-30
3641,TRXC,2017-08-03,2017-09-30
3643,TRXC,2018-03-07,2018-03-31
3644,TRXC,2018-05-09,2018-06-30
3645,TTPH,2017-11-03,2017-09-30
3649,TTWO,2017-08-03,2017-09-30
3650,TTWO,2017-11-08,2017-12-31
3651,TTWO,2018-02-08,2018-03-31
3652,TTWO,2018-05-17,2018-06-30
3653,TUP,2017-07-26,2017-09-30
3657,TXT,2017-07-19,2017-09-30
3659,TXT,2018-01-31,2018-03-31
3660,TXT,2018-04-18,2018-06-30
3665,UNH,2017-07-18,2017-09-30
3666,UNH,2017-10-17,2017-12-31
3667,UNH,2018-01-16,2018-03-31
3668,UNH,2018-04-17,2018-06-30
3669,UNIT,2017-08-04,2017-09-30
3671,UNIT,2018-03-02,2018-03-31
3672,UNIT,2018-05-11,2018-06-30
3673,UNP,2017-07-20,2017-09-30
3674,UNP,2017-10-26,2017-12-31
3675,UNP,2018-01-25,2018-03-31
3676,UNP,2018-04-26,2018-06-30
3681,VNET,2017-08-23,2017-09-30
3682,VNET,2017-12-06,2017-12-31
3683,VNET,2018-03-13,2018-03-31
3684,VNET,2018-05-18,2018-06-30
