Ticker,Beta,Div,EPS (TTM),Market Cap,PE Ratio (TTM),Yield
A,1.52,0.6,0.6,22.206B,114.77,0.9
AA,N/A,,1.16,10.029B,46.37,
AABA,1.98,,29.96,61.471B,2.53,
AAL,1.27,0.4,3.9,19.681B,10.78,0.92
AAP,0.89,0.24,6.42,8.75B,18.42,0.21
AAPL,1.11,2.92,10.34,934.073B,18.38,1.56
AAT,0.61,1.08,0.62,2.27B,56.67,3.26
AAXN,0.76,,0.1,2.955B,560,
AB,1.14,2.57,2.19,2.61B,12.21,9.79
ABB,1.12,0.83,1.03,51.35B,23.41,3.62
ABBV,1.64,3.84,3.3,163.211B,31.17,3.98
ABC,1.23,1.52,4.42,18.8B,19.35,1.65
ABCB,1.22,0.4,1.98,2.115B,27.88,0.76
ABEV,0.45,0.19,0.14,101.008B,44.85,2.81
ABLX,2.12,,-2.14,4.073B,N/A,
ABMD,-0.12,,1.99,16.369B,185.09,
ABT,1.67,1.12,0.27,106.173B,225.13,1.88
ABX,-0.28,0.12,1.23,15.807B,11,0.93
ACAD,3.91,,-2.36,2.279B,N/A,
ACC,0.37,1.76,0.5,5.528B,80.8,4.57
ACGL,0.47,,4.07,10.876B,19.55,
ACGLO,0.62,0.85,4.07,10.827B,5.91,3.52
ACGLP,0.62,1.37,4.07,10.854B,5.83,5.5
ACH,0.45,,0.35,8.657B,40.17,
ACHC,0.43,,2.3,3.711B,18.3,
ACIW,1.3,,0.04,2.716B,583.38,
ACM,1.54,,2.52,5.435B,13.46,
ACN,1.07,2.66,5.69,100.669B,27.51,1.75
ACXM,0.74,,0.12,2.137B,220.89,
ADBE,0.76,,3.75,118.759B,64.32,
ADI,1.08,1.92,2.12,34.518B,44.05,2.16
ADM,0.91,1.34,2.79,24.535B,15.73,2.92
ADNT,N/A,1.1,5.54,5.241B,10.14,1.76
ADP,0.86,2.76,3.87,56.118B,32.92,2.39
ADS,1.85,2.28,14.1,11.449B,14.66,1.12
ADSK,1.8,,-2.58,29.902B,N/A,
ADSW,N/A,,0.43,2.037B,53.49,
ADT,N/A,0.14,0.53,5.933B,14.94,1.54
AEB,0.82,,N/A,51.661B,N/A,
AED,0.82,,-0.31,53.695B,N/A,
AEE,0.21,1.83,2.14,13.71B,26.33,3.12
AEG,1.29,0.35,1.4,13.973B,4.94,4.84
AEH,0.82,,0.25,53.55B,102.38,
AEIS,1.15,,3.43,2.592B,19.19,
AEL,2.62,0.26,1.93,2.603B,14.97,0.84
AEM,-0.2,0.44,1.05,10.295B,42.53,1.01
AEO,0.56,0.55,1.13,3.543B,17.8,2.54
AEP,0.07,2.48,3.88,33.009B,17.27,3.6
AER,1.52,,6.43,8.173B,8.64,
AES,1.29,0.52,-1.76,8.142B,N/A,4.52
AET,0.68,2,5.68,55.8B,30.03,1.12
AEUA,1.31,,-7.45,17.849B,N/A,
AFC,N/A,,-1.167,4.593B,N/A,
AFG,0.62,1.4,5.28,9.935B,21.16,1.23
AFGE,0.76,,5.28,9.974B,4.88,
AFGH,N/A,,N/A,2.245B,4.83,
AFL,0.8,1.04,5.77,35.108B,7.86,2.28
AFSI,1.18,0.68,-2.23,2.612B,N/A,5.43
AFSS,1.34,,-2.23,2.559B,N/A,
AFST,1.34,,N/A,4.888B,N/A,
AGCO,0.52,0.6,2.32,5.13B,27.81,0.96
AGI,-0.56,0.02,0.09,2.074B,61.38,0.35
AGIO,2.53,,-6.75,4.889B,N/A,
AGN,1.23,2.88,-13.2,51.507B,N/A,1.73
AGNC,-0.05,2.16,2.04,7.439B,9.32,11.45
AGNCB,0.11,1.94,2.04,7.36B,12.53,7.54
AGNCN,N/A,1.75,2.04,7.374B,12.43,6.87
AGO,0.88,0.64,5.96,3.948B,5.9,1.75
AGR,0.17,1.73,1.23,16.201B,42.63,3.39
AHL,0.1,0.96,-5.22,2.574B,N/A,2.17
AIG,1.18,1.28,-6.54,47.353B,N/A,2.39
AIT,0.85,1.2,3.74,2.64B,18.25,1.69
AIV,0.76,1.52,1.96,6.774B,20.96,3.78
AIZ,0.38,2.24,9.39,4.614B,9.32,2.59
AIZP,0.54,,9.39,4.59B,10.82,
AJG,1.2,1.64,2.54,12.624B,27.27,2.39
AJRD,0.75,,-0.13,2.074B,N/A,
AKAM,-0.07,,1.26,13.029B,60.6,
AKR,0.5,1.08,0.73,2.071B,33.55,4.66
AL,1.61,0.4,6.82,4.652B,6.56,0.94
ALB,1.69,1.34,0.49,10.895B,200.8,1.32
ALE,0.07,2.24,3.38,3.965B,22.88,3.13
ALGN,1.69,,2.83,22.26B,98.14,
ALGT,0.13,2.8,11.93,2.602B,13.51,1.95
ALK,0.55,1.28,8.35,7.465B,7.25,1.94
ALKS,2.41,,-1.03,7.099B,N/A,
ALL,0.93,1.84,8.36,33.778B,11.5,1.89
ALLE,1.13,0.84,2.85,7.341B,27.13,0.98
ALLY,1.12,0.52,2.04,11.757B,13.42,1.99
ALNY,3.26,,-5.42,9.879B,N/A,
ALSN,1.28,0.6,3.36,5.766B,12.49,1.49
ALV,1.41,2.48,4.7,12.339B,30.17,1.78
ALXN,1.07,,1.97,25.839B,58.95,
AM,1.62,1.42,1.28,5.057B,21.13,5.29
AMAT,1.29,0.5,2.66,58.345B,20.91,1.01
AMC,0.68,0.8,-3.8,2.107B,N/A,4.65
AMCX,0.51,,7.18,3.375B,8.01,
AMD,3.28,,0.04,11.758B,303.25,
AME,0.92,0.56,2.94,17.297B,25.4,0.8
AMED,0.92,,0.88,2.448B,81.66,
AMG,1.67,1.2,12.03,8.946B,13.69,0.71
AMGN,1.71,5.28,2.69,113.733B,63.48,3.03
AMGP,N/A,0.27,0.04,3.216B,493.43,1.61
AMH,0.83,0.2,-0.08,7.337B,N/A,1.01
AMKR,1.36,,1.09,2.079B,7.96,
AMN,0.41,,2.68,2.639B,20.58,
AMOV,0.7,0.32,0.48,59.446B,36.02,1.65
AMP,1.93,3.6,9.44,19.597B,14.35,2.53
AMT,0.96,3,2.67,61.784B,52.39,2.1
AMTD,1.41,0.84,1.76,34.808B,34.94,1.45
AMX,0.62,0.31,0.48,59.125B,36.31,1.68
AMZN,1.72,,6.15,780.769B,261.64,
AN,1.54,,4.43,4.174B,10.38,
ANAB,N/A,,-1.52,2.109B,N/A,
ANAT,0.95,3.28,18.31,3.219B,6.53,2.69
ANDV,1.02,2.36,10.81,21.516B,13.02,1.89
ANDX,1.69,4.06,2.11,9.926B,21.45,8.53
ANET,1.54,,5.35,19.391B,48.73,
ANGI,1.78,,-0.24,6.813B,N/A,
ANSS,1.08,,2.98,14.477B,57.82,
ANTM,1.07,3,14.35,57.591B,15.73,1.26
AON,0.81,1.6,4.71,35.287B,30.65,1.12
AOS,1.49,0.72,1.7,10.967B,37.69,1.16
APA,1.66,1,3.41,15.913B,12.21,2.46
APAM,1.72,2.4,0.75,2.564B,44.28,7.37
APC,1.91,1,-0.85,35.227B,N/A,1.48
APD,1,4.4,12.97,36.296B,12.77,2.65
APH,0.91,0.92,2.06,26.306B,42.36,1.1
APO,1.44,2.06,3.1,12.35B,9.85,7.14
APTV,1.59,0.88,5.06,25.434B,18.98,1.01
APU,0.5,3.8,1.35,3.816B,30.4,9.54
AQN,0.59,0.47,0.24,4.676B,40.45,4.87
AQUA,N/A,,0.11,2.22B,172.65,
AR,0.34,,1.94,6.014B,9.78,
ARCC,N/A,,N/A,7.047B,12.25,
ARD,N/A,0.56,0.29,4.32B,63.25,2.85
ARE,1.21,3.6,1.58,13.322B,81.87,2.77
ARES,1.69,0.37,0.62,4.804B,35.56,1.7
ARGO,N/A,,N/A,2.094B,N/A,
ARGX,1.29,,-1.4,2.975B,N/A,
ARI,0.57,1.84,1.54,2.244B,11.88,10.34
ARLP,0.65,1.95,2.8,2.35B,6.41,12.4
ARMK,0.64,0.42,2.15,9.332B,17.64,1.12
ARNA,2.51,,-2.77,2.116B,N/A,
ARNC,N/A,0.24,-0.28,8.759B,N/A,1.02
ARRS,1.09,,0.49,5.1B,55.88,
ARRY,2.02,,-0.77,2.998B,N/A,
ASB,0.79,0.6,1.42,4.603B,19.01,2.26
ASGN,1.84,,2.97,4.431B,28.57,
ASH,1.21,0.9,-0.05,4.658B,N/A,1.23
ASML,1.15,1.72,6.35,86.038B,31.67,0.89
ASND,0.88,,-4.53,2.704B,N/A,
ASR,0.46,3.36,10.4,5.373B,16.62,1.9
ASX,0.59,0.23,0.44,11.696B,12,3.17
ATGE,0.93,,0.22,2.846B,218.75,
ATH,N/A,,7.3,9.315B,6.39,
ATHM,1.94,0.76,2.69,12.318B,39.01,0.8
ATHN,0.76,,1.31,6.075B,114.76,
ATI,2.33,,-0.83,3.56B,N/A,
ATO,0.15,1.94,5.47,9.84B,16.2,2.24
ATR,0.56,1.28,3.41,5.847B,27.5,1.38
ATUS,N/A,,2.18,13.348B,8.31,
ATVI,0.79,0.34,0.36,55.492B,202.5,0.51
AU,-0.78,0.06,-0.46,3.725B,N/A,0.66
AUO,0.91,0.18,1.46,4.126B,2.92,4.56
AUY,1.31,0.02,-0.21,2.811B,N/A,0.68
AVA,0.23,1.49,1.79,3.446B,29.32,2.85
AVAL,0.72,0.35,0.68,193.845B,12.79,4.02
AVB,0.52,5.88,6.35,23.179B,26.4,3.63
AVGO,0.63,7,18.35,99.958B,13.27,2.96
AVH,0.78,0.42,0.38,8.016B,20.94,5.11
AVT,0.71,0.76,3.66,4.802B,11.11,1.93
AVX,0.72,0.46,0.04,2.655B,394.25,3.14
AVXS,2.04,,-7.28,8.01B,N/A,
AVY,1.45,1.8,3.13,9.483B,34.42,1.69
AVYA,N/A,,5.65,2.361B,3.8,
AWI,1.89,,2.86,3.02B,20.37,
AWK,0.05,1.66,2.38,14.91B,35.18,2.01
AWR,-0.2,1.02,1.88,2.044B,29.65,1.77
AXE,2.18,,3.21,2.116B,19.72,
AXP,0.97,1.4,2.97,87.223B,34.13,1.4
AXS,0.27,1.56,-4.94,4.808B,N/A,2.75
AXTA,1.34,,0.15,7.778B,211.4,
AY,1.41,1.16,-1.12,2.021B,N/A,5.74
AYI,1.32,0.52,8.09,4.604B,14.03,0.39
AZN,0.57,1.4,1.18,90.45B,30.39,3.97
AZO,0.79,,47.22,17.715B,13.95,
AZPN,1.42,,2.19,6.731B,43.07,
AZUL,N/A,,1.49,3.298B,18.01,
B,1.03,0.64,1.11,3.077B,52.94,1.1
BA,1.71,6.84,13.43,202.046B,25.62,2
BABA,2.66,,4.09,503.515B,47.91,
BAC,1.62,0.48,1.56,313.206B,19.81,1.6
BAH,1.26,0.76,1.91,5.919B,21.38,1.9
BAK,0.77,2.22,3.04,10.391B,8.48,8.58
BAM,1.05,0.6,1.34,38.999B,30.31,1.53
BAP,1.07,,11.51,18.122B,19.82,
BAX,1.07,0.64,1.29,37.805B,54.86,0.97
BB,1.84,,0.74,6.379B,16.05,
BBBY,0.98,0.64,3.04,2.376B,5.56,3.68
BBD,1.62,0.06,0.65,62.005B,14.48,0.65
BBDO,1.59,0.06,0.65,62.033B,13.4,0.64
BBL,1.24,2.2,1.76,120.012B,25.71,5.14
BBT,1.13,1.5,2.74,42.918B,20.09,2.84
BBU,N/A,0.25,-0.51,4.913B,N/A,0.7
BBVA,0.87,0.75,0.59,54.828B,13.81,9.26
BBY,0.18,1.8,3.26,21.659B,23.55,2.36
BC,1.86,0.76,1.63,5.291B,37.24,1.27
BCE,0.29,2.39,2.43,37.519B,17.18,5.64
BCH,0.2,,6,15.519B,16.25,
BCO,1.73,0.6,0.33,3.823B,230.37,0.8
BCPC,0.51,0.42,2.79,3.016B,33.66,0.49
BCS,0.85,0.2,-0.57,49.26B,N/A,1.7
BDC,2.56,0.2,1.37,2.274B,40.83,0.33
BDN,1.23,0.72,0.65,2.997B,25.77,4.52
BDX,1.16,3,1.29,60.251B,175.07,1.29
BDXA,1.17,3.06,1.29,61.255B,46.58,5.11
BECN,0.92,,2.34,2.919B,18.35,
BEN,1.54,0.92,1.19,17.935B,27.81,2.76
BEP,0.21,1.96,-0.09,9.86B,N/A,6.43
BERY,1.41,,3.35,6.464B,14.64,
BFAM,0,,2.59,5.682B,37.9,
BFR,0.68,0.26,1,3.621B,17.78,1.19
BG,1.49,1.84,0.89,9.969B,79.49,2.55
BGCA,1.04,,0.38,5.072B,68.25,
BGCP,1.06,0.72,0.17,4.534B,74.1,5.31
BGNE,0.31,,-2.23,9.126B,N/A,
BHF,N/A,,-3.16,5.829B,N/A,
BHGE,0.67,0.72,-0.01,41.011B,N/A,2
BHP,1.19,2.2,1.76,131.055B,28.31,4.76
BID,1.93,,2.2,2.934B,25.74,
BIDU,1.94,,8.32,93.697B,32.31,
BIIB,1.13,,11.92,57.816B,22.99,
BILI,N/A,,-5.21,3.826B,N/A,
BIO,0.94,,3.82,8.305B,72.99,
BIP,0.83,1.88,-0.07,15.437B,N/A,4.61
BK,1.06,0.96,3.72,57.882B,15.4,1.68
BKH,0.12,1.9,3.21,3.115B,18.11,3.3
BKHU,0.51,3.88,3.21,3.339B,19.45,6.18
BKI,0.86,,1.47,7.5B,34.06,
BKNG,0.97,,46.86,100.261B,44.39,
BKU,0.8,0.84,5.58,4.355B,7.36,2.09
BL,N/A,,-0.73,2.27B,N/A,
BLD,0.54,,4.32,2.953B,19.17,
BLDR,2.34,,0.34,2.19B,56.21,
BLK,1.64,11.52,31.72,86.485B,16.91,2.2
BLKB,0.9,0.48,1.38,4.792B,73.46,0.45
BLL,0.52,0.4,1.05,13.554B,36.96,1.02
BLMN,0.21,0.36,1.01,2.212B,23.59,1.53
BLUE,2.88,,-7.71,8.931B,N/A,
BMA,1.03,1.51,7.4,5.238B,10.61,1.5
BMO,0.87,2.94,5.57,50.588B,14.12,3.87
BMRN,1.9,,-0.67,15.798B,N/A,
BMS,0.71,1.24,1.02,3.938B,42.44,2.83
BMY,1.04,1.6,0.61,83.631B,83.85,3.07
BNS,1.07,2.56,5.3,75.203B,11.84,4.16
BOFI,0.3,,2.11,2.618B,19.84,
BOH,0.55,2.4,4.33,3.577B,19.55,2.83
BOKF,0.98,1.8,5.11,6.757B,20.21,1.79
BOKFL,0.92,,5.11,6.685B,4.93,
BOX,1.3,,-1.16,3.99B,N/A,
BP,0.86,2.4,1.03,151.621B,44.72,5.57
BPL,1.58,5.05,3.32,6.136B,12.58,12.61
BPMC,0.94,,-3.92,3.331B,N/A,
BPMP,N/A,1.07,0.21,2.152B,98.75,5.91
BPOP,0.95,1,1.02,4.677B,44.87,2.12
BPY,0.82,1.26,0.48,13.754B,41.38,6.78
BR,0.6,1.46,3.12,13.828B,37.59,1.35
BRFS,0.74,,-0.42,5.509B,N/A,
BRKR,1.58,0.16,0.49,4.824B,63.08,0.54
BRKS,0.98,0.4,0.92,2.111B,32.59,1.54
BRO,0.83,0.3,1.4,7.591B,19.57,1.09
BRX,0.62,1.1,0.98,4.445B,14.92,7.31
BSAC,0.66,1.49,2,15.079B,16.64,4.47
BSBR,1.63,0.33,0.7,39.672B,14.74,3.07
BSM,0.41,1.25,0.79,3.768B,23.67,7.16
BSMX,1.48,0.25,0.06,10.025B,119.33,3.29
BSTI,N/A,,-0.52,4.292B,N/A,
BSX,0.99,,0.08,41.771B,398.42,
BT,0.76,0.63,1.2,28.836B,12.3,3.68
BTI,0.96,2.72,25.78,112.613B,2.04,4.92
BTU,N/A,0.46,3.12,4.815B,12.19,1.25
BUD,0.95,4.96,3.97,186.553B,24.01,4.86
BURL,-0.02,,5.48,9.404B,25.31,
BVN,1.56,0.06,0.24,3.985B,65.65,0.37
BWA,1.93,0.68,2.08,10.639B,24.27,1.31
BWP,1.16,0.4,1.16,2.568B,8.82,3.59
BWXT,0.47,0.64,1.47,6.726B,45.9,0.97
BX,1.59,2.18,2.21,37.876B,14.43,6.84
BXMT,0.54,2.48,2.27,3.416B,13.92,8.09
BXP,0.95,3.2,2.93,21.374B,42.62,2.61
BXS,1.19,0.56,1.67,3.403B,20.45,1.69
BYD,2.05,0.2,1.63,3.973B,21.57,0.59
BZUN,3.84,,0.57,2.866B,89.43,
C,1.49,1.28,-2.83,185.048B,N/A,1.85
CA,0.6,1.02,1.01,14.623B,34.68,2.95
CABO,N/A,7,42.19,3.831B,15.84,1.13
CACC,0.39,,24.04,6.614B,14.17,
CACI,1.76,,10.71,4.001B,15.13,
CADE,N/A,0.5,1.25,2.514B,24.05,1.68
CAE,0.68,0.28,0.9,5.139B,21.17,1.48
CAG,0.4,0.85,1.67,14.859B,22.64,2.29
CAH,1.22,1.85,5.35,17.227B,10.22,3.51
CAJ,0.81,1.35,2.11,37.705B,16.47,3.91
CAKE,0.21,1.16,3.27,2.366B,16.44,2.23
CALM,-0.06,,0.61,2.332B,78.74,
CAR,1.51,,4.25,3.499B,10.13,
CARG,N/A,,0.12,3.598B,277.75,
CASY,0.59,1.04,8.52,3.728B,11.66,1.08
CAT,1.49,3.12,1.26,92.059B,122.2,2.13
CATY,1.19,0.96,2.17,3.389B,19.23,2.4
CAVM,1.48,,-1.01,5.276B,N/A,
CB,0.89,2.84,8.19,63.135B,16.55,2.08
CBD,1.71,0.43,0.69,5.908B,32.72,1.91
CBOE,0.71,1.08,3.69,11.858B,28.57,1.02
CBPO,1.27,,2.38,2.772B,35.08,
CBRE,2.16,,2.07,15.687B,22.83,
CBRL,0.33,4.8,9.89,3.903B,16.44,2.93
CBS,1.32,0.72,0.88,19.836B,59.39,1.44
CBSH,0.54,0.94,3.16,6.977B,20.72,1.44
CBSHP,-0.01,1.5,3.16,7.001B,8.2,5.84
CBT,1.25,1.26,0.99,3.81B,62.46,2.29
CBU,0.8,1.36,3.03,3.062B,19.86,2.45
CC,2.75,0.68,3.91,9.047B,13.01,1.34
CCE,0.41,1.27,N/A,19.2B,22.49,3.33
CCI,0.32,4.2,1.01,43.523B,103.88,4.16
CCJ,0.93,0.06,-0.41,4.564B,N/A,0.63
CCK,1.2,,2.38,6.056B,18.95,
CCL,1.06,2,3.65,45.753B,17.53,3.11
CCMP,1.17,1,2.41,2.848B,46.86,1.02
CCOI,0.77,2,0.13,2.277B,387.69,4.24
CCT,N/A,,N/A,2.131B,N/A,
CCU,0.42,0.46,1.16,4.853B,23.51,1.64
CCZ,N/A,,N/A,50.203B,45.22,
CDAY,N/A,,N/A,4.516B,N/A,
CDEV,N/A,,0.32,5.393B,63.88,
CDK,0.9,0.6,2.25,8.543B,28.86,0.93
CDNS,1.27,,0.73,11.961B,57.85,
CDW,0.95,0.84,3.31,11.869B,23.63,1.1
CE,1.18,2.16,6.1,14.89B,17.98,1.95
CEA,2.29,0.36,3.5,15.794B,11.29,0.93
CELG,1.31,,3.64,59.835B,22.63,
CEO,0.89,5.12,8.7,78.723B,20.33,3.05
CEQP,3.27,2.4,-3.64,2.123B,N/A,8.65
CERN,1.04,,2.57,19.998B,23.45,
CF,1.3,1.2,1.53,9.197B,25.76,3.11
CFG,1.47,0.88,3.25,20.533B,13.03,2.1
CFR,1.53,2.28,5.51,7.589B,21.6,2.02
CFX,0.84,,1.23,4.029B,26.62,
CG,1.87,1.41,2.38,7.292B,9.14,6.88
CGNX,1.84,0.18,0.99,8.383B,48.96,0.37
CHA,0.88,1.47,3.6,39B,13.48,3.13
CHD,0.11,0.87,2.9,11.689B,16.47,1.88
CHDN,1.1,1.52,8.78,3.706B,31.88,0.6
CHE,1.36,1.12,5.86,5.202B,55.7,0.37
CHFC,1.04,1.12,2.08,4.016B,27.06,2.01
CHGG,0.89,,-0.2,2.841B,N/A,
CHH,0.97,0.86,2.02,4.736B,41.21,1.07
CHK,2.43,,-33.88,3.007B,N/A,
CHKP,0.41,,4.82,15.937B,20.79,
CHL,0.68,2.02,4.43,189.866B,10.6,4.34
CHRW,0.46,1.84,3.57,11.792B,23.69,1.99
CHT,0.25,1.63,1.71,28.595B,21.33,4.32
CHTR,1.31,,34.09,75.073B,8,
CHU,0.98,0.08,0.11,41.871B,125.82,0.59
CI,0.56,0.04,8.77,41.608B,19.51,0.02
CIB,0.63,1.43,3.7,46.35B,13.04,3.03
CIEN,1.18,,4.7,3.72B,5.51,
CIG,1.98,0.08,0.2,3.274B,10.88,3.18
CIGI,1.61,0.1,1.25,2.788B,56.92,0.15
CIM,0.62,2,2.61,3.36B,6.89,11.55
CINF,0.74,2.12,6.29,11.8B,11.43,2.83
CIT,1.34,0.64,2.79,6.839B,19.26,1.2
CJ,N/A,,0.37,2.071B,82.48,
CL,0.59,1.68,2.28,54.503B,27.4,2.52
CLB,1.21,2.2,1.88,5.423B,65.26,1.77
CLDR,N/A,,-3.38,2.421B,N/A,
CLF,1.17,,1.26,2.48B,6.63,
CLGX,0.24,,1.78,4.18B,28.75,
CLH,0.95,,1.76,2.933B,29.65,
CLNC,N/A,1.74,0.67,2.563B,29.21,9.11
CLNS,1.21,0.92,-0.64,3.294B,N/A,14.94
CLR,1.81,,2.11,25.356B,32.31,
CLVS,1.23,,-7.36,2.519B,N/A,
CLX,0.31,3.84,6.06,15.581B,19.85,3.31
CM,0.87,4.12,8.39,40.211B,10.72,4.74
CMA,1.47,1.36,4.14,16.834B,23.65,1.42
CMC,1.29,0.48,0.47,2.619B,48.03,2.21
CMCSA,1.27,0.76,4.75,145.228B,6.64,2.22
CMD,0.73,0.17,2.16,5.131B,57.05,0.15
CME,0.58,2.8,11.94,54.468B,13.4,1.74
CMG,0.49,,6.17,11.747B,68.5,
CMI,0.95,4.32,5.97,24.003B,24.48,2.67
CMP,N/A,,1.25,2.336B,55.29,
CMPR,-0.15,,-0.78,4.308B,N/A,
CMS,0.07,1.43,1.64,12.77B,27.57,3.08
CMSA,0.05,,1.64,7.006B,15.17,
CNA,1.02,1.2,3.3,13.233B,14.78,2.42
CNC,1.01,,4.69,22.924B,24.11,
CNDT,N/A,,0.83,3.978B,22.8,
CNHI,1.18,0.17,0.22,16.766B,57.18,1.44
CNI,0.89,1.41,5.66,59.224B,14.21,1.8
CNK,0.73,1.28,2.26,4.326B,16.39,3.33
CNO,0.86,0.36,1.02,3.377B,19.78,1.69
CNP,0.63,1.11,4.13,11.494B,6.45,4.42
CNQ,1.52,1.04,1.59,44.567B,22.84,2.88
CNX,0.52,,1.65,3.412B,9.49,
COF,1.17,1.6,3.48,45.077B,26.6,1.65
COG,0.48,0.24,0.22,10.588B,106.3,1.04
COHR,0.88,,8.78,4.431B,20.33,
COL,0.67,1.32,5.4,22.061B,24.89,0.99
COLB,0.92,1.04,1.86,3.049B,22.39,2.53
COLD,N/A,0.56,-0.43,3.054B,N/A,2.64
COLM,0.04,0.88,1.49,5.767B,55.29,1.07
COMM,0.92,,0.98,5.667B,30.1,
CONE,0.71,1.84,-0.12,5.282B,N/A,3.47
COO,1.01,0.06,3.54,11.345B,65.37,0.03
COP,1.32,1.14,-0.7,81.133B,N/A,1.64
COR,0.22,3.92,1.84,5.161B,58.09,3.77
COST,1.06,2.28,6.71,85.767B,29.13,1.16
COT,0.64,0.24,-0.01,2.27B,N/A,1.65
COTV,N/A,,1.45,3.18B,23.6,
COTY,-0.23,0.5,-0.51,10.873B,N/A,2.98
COUP,N/A,,-0.83,3.057B,N/A,
CP,0.92,1.74,12.84,26.993B,14.6,0.95
CPA,1.99,3.48,8.72,4.952B,13.38,2.82
CPB,0.07,1.4,3.47,12.383B,11.87,3.35
CPE,0.76,,0.56,2.86B,25.29,
CPG,1.62,0.29,-0.18,4.461B,N/A,3.17
CPL,1.08,,0.51,6.806B,25.55,
CPRT,0.85,,1.42,12.588B,38.18,
CPS,1.15,,7.21,2.242B,17.21,
CPT,0.51,3.08,2.13,8.358B,41.33,3.61
CR,1.13,1.4,2.84,5.149B,30.37,1.66
CREE,0.13,,-1.14,4.197B,N/A,
CRH,0.8,0.82,2.77,30.774B,13.26,2.33
CRI,0.33,1.8,6.24,4.907B,16.76,1.69
CRL,0.7,,2.54,5.014B,41.22,
CRM,1.2,,0.17,95.793B,768.35,
CRS,1.83,0.72,3.4,2.668B,16.74,1.58
CRSP,N/A,,-1.71,2.459B,N/A,
CRZO,2.57,,0.68,2.096B,37.56,
CS,1.42,0.26,-0.43,42.78B,N/A,1.51
CSCO,1.26,1.32,-0.29,223.051B,N/A,3.02
CSFL,0.34,0.4,0.95,2.599B,32.64,1.44
CSGP,1.55,,3.66,14.318B,107.5,
CSL,0.62,1.48,5.71,6.449B,18.52,1.37
CSOD,1.03,,-1.07,2.832B,N/A,
CSX,1.19,0.88,5.99,54.981B,10.49,1.58
CTAS,0.93,1.62,6.69,19.419B,27.19,0.94
CTL,0.69,2.16,2.21,20.931B,8.78,11.68
CTLT,1.87,,0.55,5.225B,71.5,
CTRP,2.23,,0.61,23.668B,71.63,
CTSH,0.82,0.8,2.53,44.499B,30.02,1.06
CTXS,1.4,,-0.14,14.662B,N/A,
CUBE,0.37,1.2,0.74,5.685B,41.68,4.23
CUK,1.05,2,3.65,46.507B,18.04,3.08
CUZ,1.1,0.26,0.52,3.875B,17.73,3.02
CVA,0.89,1,0.44,2.054B,36.19,6.73
CVBF,1.14,0.56,0.95,2.532B,24.17,2.49
CVE,0.7,0.15,2.38,13.588B,4.63,1.54
CVG,0.56,0.4,1.22,2.058B,18.41,1.83
CVI,1.51,2,2.7,3.527B,15.04,4.95
CVLT,1.12,,-1.3,3.207B,N/A,
CVNA,N/A,,-4.23,3.974B,N/A,
CVRR,1.98,1.39,0.6,2.782B,31.31,7.88
CVS,0.92,2,6.44,63.472B,9.69,3
CVX,1.2,4.48,4.85,246.17B,26.56,3.66
CW,0.89,0.6,4.8,5.909B,27.85,0.46
CWH,N/A,0.32,1.07,2.056B,21.74,1.14
CX,1.33,,0.55,9.393B,10.98,
CXO,1.32,,6.41,23.078B,24.34,
CXP,0.99,0.8,1.45,2.689B,15.63,3.75
CXW,1.4,1.72,1.5,2.465B,13.86,8.41
CY,2.61,0.44,-0.24,5.865B,N/A,2.91
CYBR,0.8,,0.44,2.117B,135.23,
CZR,-0.02,,-1.34,8.303B,N/A,
CZZ,2.19,0.08,0.61,2.393B,16.21,0.75
D,0.3,3.34,4.72,41.802B,13.59,5.14
DAL,0.96,1.22,4.95,36.384B,10.52,2.34
DAN,N/A,,N/A,3.49B,33.79,
DAR,1.33,,0.77,2.918B,23.01,
DATA,1.34,,-2.35,7.746B,N/A,
DB,1.63,,-0.66,28.945B,N/A,
DBX,N/A,,-0.57,12.75B,N/A,
DCI,1.18,0.72,1.02,6.105B,45.91,1.6
DCP,2.78,3.12,0.43,5.691B,91.36,8.49
DCT,0.94,1.44,1.11,6.438B,59.53,2.47
DCUD,0.25,,4.72,28.658B,9.44,
DDR,0.63,0.76,-0.74,2.739B,N/A,11.36
DE,0.86,2.4,4.4,47.471B,33.33,1.77
DECK,0.58,,2.42,3.1B,40.25,
DEI,0.87,1,0.58,7.643B,67.03,2.73
DEO,0.55,3.46,7.14,88.547B,20.18,2.48
DFS,1.35,1.4,5.42,26.131B,13.82,1.95
DG,0.78,1.16,5.63,24.959B,16.51,1.2
DGX,1.25,2,5.5,13.811B,18.49,1.98
DHI,0.95,0.5,2.68,16.557B,16.39,1.11
DHR,0.97,0.64,3.53,70.675B,28.64,0.66
DIS,1.18,1.68,7.01,151.556B,14.5,1.67
DISCA,1.56,,-0.59,15.047B,N/A,
DISCB,1.1,,-0.59,12.815B,N/A,
DISCK,1.42,,-0.59,15.047B,N/A,
DK,1.17,0.8,4,4.072B,12.13,1.65
DKS,0.06,0.9,3.01,3.273B,10.41,2.53
DLB,0.63,0.64,0.64,6.528B,97.21,1.06
DLPH,N/A,0.68,3.21,4.455B,15.64,1.39
DLR,0.5,4.04,0.99,23.262B,109.44,3.82
DLTR,0.72,,7.21,21.982B,12.85,
DLX,0.89,1.2,4.72,3.374B,14.93,1.72
DNB,1.07,2.09,3.79,4.483B,31.91,1.8
DNKN,0.25,1.39,3.8,5.298B,16.86,2.29
DNP,N/A,,N/A,3.164B,8.11,
DO,1.47,,0.13,2.76B,154.46,
DOC,0.53,0.92,0.23,2.895B,67.42,6.15
DOCU,N/A,,N/A,6.694B,N/A,
DORM,1.02,,3.13,2.178B,20.89,
DOV,1.23,1.88,5.15,11.861B,14.89,2
DOX,0.56,1,3.1,9.77B,21.97,1.5
DPS,0.86,2.32,5.89,21.556B,20.31,1.94
DPZ,0.15,2.2,5.83,10.559B,42.83,0.91
DRE,0.78,0.8,4.58,10.409B,6.3,2.99
DRH,1.5,0.5,0.46,2.385B,25.96,4.51
DRI,0.1,2.52,4.32,11.307B,21.13,2.67
DRUA,0.25,,N/A,15.804B,N/A,
DSGX,0.45,,0.35,2.305B,85.86,
DSXN,1.2,,-5.41,2.441B,N/A,
DTE,0.16,3.53,6.32,18.39B,16.03,3.39
DTJ,0.17,,6.32,4.409B,3.89,
DTQ,0.17,,6.32,4.404B,3.88,
DTV,0.17,,6.32,9.149B,8.07,
DTW,0.17,,6.32,4.314B,3.81,
DTY,0.17,,6.32,18.311B,4.15,
DUK,0.11,3.56,4.36,54.759B,17.92,4.55
DUKH,N/A,,3.041,17.682B,8.31,
DVA,1.42,,3.47,11.477B,18.95,
DVMT,-1,,-4.84,58.109B,N/A,
DVN,2.88,0.32,1.7,21.402B,24.05,0.9
DWDP,1.57,1.52,0.9,155.377B,74.22,2.3
DXC,1.14,0.72,4.17,29.789B,24.99,0.71
DXCM,-0.14,,-0.58,7.448B,N/A,
DY,1.05,,4.3,3.478B,25.93,
DYNC,N/A,,-0.59,40.173B,N/A,
E,0.71,1.29,2.3,71.322B,17.07,3.29
EA,1.01,,3.21,41.028B,41.72,
EAF,2.41,,N/A,5.437B,N/A,
EAT,-0.37,1.52,2.64,2.156B,17.64,3.74
EBAY,1.51,,-0.95,38.268B,N/A,
EBAYL,N/A,,-0.95,27.169B,N/A,
EBIX,1.32,0.3,3.17,2.503B,25.09,0.39
EBR,0.77,,-0.39,7.644B,N/A,
EBS,1.27,,1.71,2.457B,28.91,
EC,1.65,0.61,1.12,913.202B,19.83,2.79
ECA,2.39,0.06,0.85,12.755B,15.54,0.48
ECL,0.9,1.64,5.13,42.603B,28.78,1.16
ED,0.01,2.86,4.94,23.793B,15.5,3.6
EDN,1.41,,0.76,2.091B,60.16,
EDR,0.35,1.56,0.6,2.637B,57.87,4.74
EDU,1.22,,1.81,14.927B,52.15,
EE,0.37,1.34,2.42,2.293B,23.31,2.76
EEFT,0.97,,2.85,4.31B,29.37,
EEP,1.74,1.4,0.5,3.957B,18.66,13.7
EFX,0.96,1.56,4.83,13.811B,23.77,1.38
EGBN,0.82,,2.92,2.086B,20.82,
EGHT,0.58,,-1.03,2.078B,N/A,
EGN,1.76,,3.14,6.696B,21.89,
EGP,0.94,2.56,2.44,3.244B,38.18,2.89
EHC,0.26,1,2.69,6.293B,23.67,1.73
EIX,-0.03,2.42,1.72,20.106B,35.88,3.71
EL,0.34,1.52,2.87,50.835B,48.26,1.03
ELLI,0.3,,1.48,3.62B,71.22,
ELS,0.24,2.2,2.17,8.509B,41.47,2.46
EME,0.8,0.32,3.82,4.484B,20.1,0.43
EMN,0.98,2.24,9.47,15.375B,11.37,2.12
EMR,1.19,1.94,2.48,45.348B,29.01,2.81
ENB,0.75,2.09,1.26,56.74B,26.26,6.9
ENBA,0.76,,N/A,41.755B,N/A,
ENBL,1.92,1.27,0.92,6.379B,15.98,9.25
ENIA,0.72,0.23,0.6,11.625B,17.65,1.9
ENIC,N/A,0.25,0.6,5.677B,9.83,3.89
ENLC,2.64,1.05,1.15,2.951B,14.11,6.9
ENLK,2.56,1.56,0.14,5.749B,117.55,9.65
ENR,0.88,1.16,2.67,3.309B,20.76,2.1
ENS,1.32,0.7,2.28,3.091B,32.42,0.99
ENTG,1.2,0.28,0.59,5.11B,61.1,0.76
ENV,2.28,,-0.08,2.532B,N/A,
EOCC,0.73,1.2,2.52,5.789B,8.85,5.01
EOG,1.23,0.74,4.46,68.856B,26.67,0.63
EPAM,1.18,,1.32,6.833B,97.04,
EPC,0.61,,-0.38,2.331B,N/A,
EPD,1.07,1.71,1.3,59.475B,21.1,6.37
EPR,0.64,4.32,3.29,4.499B,18.4,7.97
EQC,0.28,,0.17,3.831B,182.25,
EQGP,1.25,1.03,0.98,6.228B,23.78,3.78
EQIX,0.7,9.12,3,31.677B,132.89,2.17
EQM,0.96,4.26,5.19,4.158B,9.94,7.58
EQR,0.54,2.16,1.63,24.047B,38.64,3.53
EQT,0.5,0.12,8.04,13.697B,6.42,0.24
ERF,1.53,0.09,0.75,2.981B,16.24,0.8
ERI,1,,1.09,3.345B,39.72,
ERIC,1.02,0.13,-1.28,26.093B,N/A,1.98
ERIE,0.33,3.36,3.76,5.953B,30.28,2.89
ERJ,0,0.11,1.28,4.579B,19.6,0.39
ES,0.31,2.02,3.11,18.364B,18.63,3.38
ESL,1.13,,2.03,2.222B,37.28,
ESLT,1.2,1.76,5.59,4.747B,19.99,1.5
ESNT,1.27,,3.99,3.442B,8.79,
ESRT,1.14,0.42,0.39,5.28B,44.17,2.46
ESRX,1.09,,7.74,39.86B,9.17,
ESS,0.53,7.44,6.57,16.664B,37.12,3.09
ESV,2.25,0.04,-0.92,2.942B,N/A,0.71
ETE,2.24,1.22,0.83,17.733B,19.83,7.72
ETFC,1.24,,2.15,16.969B,29.81,
ETN,1.16,2.64,6.68,33.432B,11.44,3.49
ETP,1.79,2.26,0.93,21.582B,19.94,12.46
ETR,0.54,3.56,2.28,14.278B,34.63,4.44
ETSY,0.19,,0.68,3.498B,43.38,
EV,1.76,1.24,2.52,6.594B,22.58,2.28
EVHC,-0.24,,-1.93,5.112B,N/A,
EVR,1.88,2,2.8,4.703B,38.52,1.87
EW,0.7,,2.7,28.83B,50.66,
EWBC,1.42,0.8,3.47,10.074B,20.04,1.15
EXAS,1.08,,-0.99,6.301B,N/A,
EXC,0.24,1.38,3.97,39.195B,10.23,3.44
EXEL,2.21,,0.49,5.51B,37.65,
EXP,1.07,0.4,5.27,5.084B,19.81,0.39
EXPD,0.5,0.84,2.69,12.521B,26.65,1.31
EXPE,1.13,1.2,2.42,17.106B,47.08,1.13
EXPO,0.41,1.04,1.53,2.312B,58.1,1.29
EXR,0.4,3.12,3.76,12.536B,25.28,3.48
EYE,N/A,,0.74,2.508B,45.09,
F,0.85,0.6,1.9,44.671B,5.9,5.34
FAF,N/A,,N/A,5.981B,14.26,
FANG,0.6,0.5,4.94,12.799B,26.27,0.37
FAST,0.9,1.48,2.15,14.767B,23.87,2.97
FB,0.77,,5.39,537.041B,34.42,
FBHS,1.28,0.8,3.03,8.144B,18.4,1.33
FBR,-0.25,0.14,0.58,10.955B,33.84,0.72
FCAU,2.26,,2.76,35.055B,8.17,
FCB,1.27,,2.71,2.79B,22.08,
FCFS,0.11,0.88,3,4.219B,29.7,1.07
FCN,-0.13,,2.75,2.215B,21.89,
FCNCA,1.13,1.4,26.96,5.313B,16.6,0.32
FCX,2.48,0.2,1.25,23.499B,12.94,1.3
FDC,1.44,,1.62,18.302B,12.12,
FDP,0.61,0.6,2.39,2.319B,19.9,1.22
FDS,0.98,2.24,6.28,7.679B,31.46,1.13
FDX,1.52,2,16.39,66.189B,15.11,0.81
FE,0.39,1.44,-3.88,16.172B,N/A,4.21
FELE,1.39,0.43,1.65,2.084B,27.15,1.02
FEYE,0.82,,-1.71,3.427B,N/A,
FFBC,0.94,0.76,1.56,3.159B,20.71,2.43
FFIN,1.09,0.84,1.81,3.547B,28.98,1.7
FFIV,0.81,,6.48,10.558B,26.66,
FGEN,2.17,,-1.73,3.787B,N/A,
FHB,N/A,0.96,1.32,3.949B,21.5,3.42
FHN,0.99,0.48,0.72,6.187B,26.15,2.5
FIBK,0.83,1.12,2.05,2.373B,20.41,2.71
FICO,0.92,,3.68,5.345B,48.69,
FII,1.32,1,2.87,2.506B,8.61,3.23
FIS,0.92,1.28,3.93,34.727B,26.69,1.33
FISV,0.78,,2.89,29.647B,25.08,
FITB,1.29,0.64,2.83,23.266B,11.99,1.93
FITBI,0.16,1.66,2.83,23.064B,9.98,5.83
FIVE,-0.1,,1.84,3.947B,38.66,
FIZZ,0.93,,3.04,4.162B,29.38,
FL,0.47,1.38,2.22,4.944B,18.86,3
FLEX,0.95,,1.01,7.678B,14.43,
FLIR,0.6,0.64,0.77,7.588B,71.82,1.23
FLO,0.44,0.68,0.71,4.718B,31.52,3.01
FLR,1.48,0.84,1.36,6.518B,34.09,1.42
FLS,1.19,0.76,0.02,6.264B,"2,394.00",1.68
FLT,1.33,,7.91,18.308B,25.82,
FMBI,0.86,0.44,0.96,2.617B,26.45,1.79
FMC,1.78,0.66,3.99,11.761B,21.91,0.83
FMI,1.48,,-4.5,2.743B,N/A,
FMS,1,0.51,2.56,31.404B,19.81,1.01
FMX,0.28,1.51,6.48,19.245B,13.31,1.75
FNB,0.81,0.48,0.63,4.331B,21.24,3.65
FND,N/A,,1.03,4.479B,45.07,
FNF,0.55,1.08,2.38,10.429B,15.96,2.9
FNGN,1.96,0.32,0.72,2.826B,61.81,0.91
FNV,0.25,0.92,1.06,13.94B,70.08,1.24
FOLD,1.34,,-1.85,2.608B,N/A,
FOX,1.21,0.36,2.13,69.884B,17.62,0.97
FOXA,1.23,0.36,2.13,69.879B,17.84,0.95
FR,0.75,0.87,1.79,4.164B,17.99,2.71
FRC,0.47,0.68,4.43,15.79B,22.03,0.75
FRME,0.75,0.72,2.12,2.197B,21.04,1.65
FRT,0.35,4,3.97,8.807B,29.98,3.51
FSLR,0.73,,-1.59,7.649B,N/A,
FSV,0.13,0.54,1.45,2.535B,48.61,0.77
FTI,0.77,0.52,0.24,14.623B,131.88,1.83
FTNT,0.5,,0.18,10.113B,334.22,
FTS,0.25,1.35,1.76,14.056B,18.84,4.1
FTSI,N/A,,-0.5,2.086B,N/A,
FTV,N/A,0.28,2.96,26.33B,25.52,0.38
FUL,1.13,0.6,1.13,2.618B,45.82,1.21
FULT,0.89,0.48,0.98,3.076B,17.86,2.84
FUN,0.62,3.56,3.79,3.696B,17.28,5.62
FWONA,1.4,,1.11,6.949B,26.02,
FWONK,1.51,,1.11,6.887B,27.16,
G,0.58,0.3,1.34,5.909B,23.13,0.95
GATX,1.32,1.76,12.75,2.725B,5.67,2.47
GBCI,1,0.92,1.57,3.267B,24.56,2.38
GBT,4.36,,-2.77,2.428B,N/A,
GCP,1.32,,7.74,2.107B,3.78,
GD,0.81,3.72,9.56,59.903B,21.1,1.73
GDDY,0.55,,0.79,11.735B,87.15,
GDI,N/A,,0.1,6.631B,334.7,
GDOT,0.58,,1.61,3.762B,45.07,
GDS,N/A,,-0.53,3.201B,N/A,
GE,0.71,0.48,-0.72,127.588B,N/A,3.42
GEF,1.1,1.68,3.55,2.991B,16.92,2.81
GEL,1.61,2.08,0.5,2.591B,42.36,10.09
GEO,1.81,1.88,1.21,2.933B,19.87,8.36
GFI,-1.05,0.07,-0.02,3.327B,N/A,1.94
GG,0.4,0.08,0.76,11.97B,18.11,0.56
GGAL,1.25,0.12,3.1,7.04B,16.87,0.18
GGB,3.3,0.04,-0.06,7.862B,N/A,0.78
GGG,0.77,0.53,1.45,7.67B,31.56,1.15
GGP,1.05,0.88,0.68,19.664B,30.03,4.43
GHC,0.4,5.32,53.9,3.194B,11.05,0.88
GIB,0.56,,2.73,17.129B,22.28,
GIL,0.91,0.45,1.61,6.176B,17.93,1.53
GILD,1.35,2.28,3.51,84.998B,18.62,3.47
GIS,0.77,1.96,3.74,25.269B,11.4,4.4
GLIBA,1.14,,14.17,4.704B,3.05,
GLIBP,1.07,,14.17,4.75B,1.68,
GLNG,0.83,0.2,-1.83,3.361B,N/A,0.62
GLPG,2.02,,-2.88,4.746B,N/A,
GLPI,0.57,2.52,1.79,7.498B,19.63,7.38
GLW,1.12,0.72,-0.67,22.718B,N/A,2.68
GM,1.53,1.52,-2.6,52.375B,N/A,4.01
GMED,1.11,,1.1,4.85B,45.37,
GNRC,0.83,,2.56,3.015B,19.01,
GNTX,1.26,0.44,1.41,6.337B,16.41,1.91
GOLD,0.28,2,2.92,7.449B,26.92,2.54
GOOG,1.29,,18,764.19B,60.99,
GOOGL,1.27,,18,765.315B,61.43,
GOOS,N/A,,0.45,4.014B,82.17,
GPC,1.13,2.88,4.18,13.29B,21.67,3.19
GPK,1.35,0.3,0.96,4.387B,14.73,2.1
GPN,1.21,0.04,3.01,18.507B,38.54,0.04
GPS,0.62,0.97,2.14,11.212B,13.46,3.19
GPT,0.93,1.5,0.52,4.451B,53.11,5.45
GRA,1.11,0.96,0.16,4.833B,448.88,1.45
GRFS,1.38,0.42,0.6,18.721B,37.2,2.02
GRMN,0.93,2.12,3.68,11.159B,16.08,3.61
GRPN,1.79,,0.03,2.922B,207.2,
GRUB,0.65,,1.12,9.42B,93.21,
GS,1.29,3,9.01,91.949B,27.02,1.16
GSH,1.47,,1.1,4.189B,27.06,
GSK,0.7,2.55,0.87,97.738B,45.68,6.29
GT,1.64,0.56,1.37,6.171B,18.78,2.01
GTES,N/A,,0.6,4.607B,26.37,
GTT,0.3,,-1.71,2.358B,N/A,
GVA,1.32,0.52,1.71,2.279B,33.28,0.91
GWB,1.32,0.8,2.31,2.521B,18.53,1.98
GWPH,2.64,,-9.01,4.069B,N/A,
GWR,1.49,,8.79,4.706B,8.8,
GWRE,0.9,,-0.4,7.388B,N/A,
GWW,0.64,5.12,10.02,16.815B,29.95,1.84
GXP,0.23,1.1,-0.67,6.948B,N/A,3.45
H,1.21,0.6,1.97,9.307B,41.22,0.77
HAE,0.95,,-0.33,4.592B,N/A,
HAIN,1.06,,0.95,3.055B,29.67,
HAL,1.33,0.72,-0.53,46.173B,N/A,1.37
HALO,2.96,,0.45,2.855B,44.38,
HAS,0.57,2.52,3.12,10.866B,27.88,2.94
HAWK,0.89,,-2.77,2.457B,N/A,
HBAN,1.45,0.44,1,16.681B,15.08,2.92
HBANN,1.35,1.47,N/A,27.37B,N/A,5.78
HBANO,1.35,1.56,1,16.62B,25.97,5.95
HBHC,0.82,0.96,2.48,4.388B,20.75,1.95
HBHCL,1.05,,2.48,2.165B,10.3,
HBI,0.25,0.6,0.16,5.975B,101.1,3.33
HCA,0.48,1.4,5.95,35.615B,17.05,1.47
HCM,1.2,,-0.22,4.373B,N/A,
HCP,0.6,1.48,0.88,11.462B,27.34,6.39
HCSG,0.88,0.77,1.19,2.796B,31.87,1.94
HD,1.07,4.12,7.29,215.743B,25.67,2.22
HDB,0.82,0.51,0.5,77.887B,191.68,0.55
HDS,1.33,,5.01,7.358B,7.92,
HE,0.33,1.24,1.52,3.718B,22.47,3.6
HEI,0.55,0.14,1.93,8.653B,47.71,0.15
HELE,0.71,,0.73,2.426B,124.69,
HEP,1.27,2.62,2.28,3.074B,12.81,8.79
HES,1.48,1,-13.12,18.997B,N/A,1.75
HFC,0.81,1.32,4.52,11.812B,14.92,2.13
HGH,0.95,,-8.61,10.415B,N/A,
HGV,N/A,,3.28,3.86B,12.16,
HHC,1.18,,3.91,5.694B,33.88,
HI,1.11,0.83,1.91,2.916B,24.42,1.76
HIG,0.75,1,-8.08,18.913B,N/A,1.9
HII,0.84,2.88,10.46,9.897B,21.26,1.23
HIW,0.96,1.85,1.78,4.955B,26.2,4.24
HLF,0.43,,2.58,9.272B,43.2,
HLI,0.56,0.8,2.54,3.235B,19.36,1.79
HLNE,N/A,0.7,0.23,2.455B,195.54,1.79
HLT,1.49,0.6,3.85,24.863B,21.5,0.73
HMC,1.27,0.94,5.45,58.27B,6.03,2.73
HNP,0.8,0.63,0.68,11.86B,39.5,2.41
HOG,0.61,1.48,3.02,6.755B,13.45,3.69
HOLX,0.85,,3.78,10.426B,10.11,
HOMB,0.78,0.44,0.89,4.09B,26.51,1.86
HOME,N/A,,0.5,2.251B,73.06,
HON,1.06,2.98,2.14,110.023B,68.83,2.03
HOPE,1.33,0.52,1.03,2.462B,17.64,2.96
HP,1.4,2.8,3.7,7.515B,18.65,4.15
HPE,1.72,0.45,0.92,27.414B,19.25,2.64
HPP,0.77,1,0.44,5.461B,79.61,3.04
HPQ,1.86,0.56,2.27,37.341B,10.02,2.56
HPT,1.16,2.12,1.24,4.579B,22.47,8.52
HQY,1.37,,0.77,4.281B,91.22,
HR,0.29,1.2,0.18,3.506B,157.3,4.43
HRB,-0.2,0.96,1.21,5.812B,23.02,3.36
HRC,0.61,0.8,2.94,5.832B,29.93,0.92
HRG,1.84,,2,2.354B,5.79,
HRL,-0.04,0.75,1.69,19.153B,21.39,2.07
HRS,0.98,2.28,4.21,18.606B,37.21,1.43
HRTX,0.99,,-3.65,2.141B,N/A,
HSBC,1.01,2.55,2.4,197.482B,20.8,5.09
HSIC,1.13,,2.57,11.185B,28.26,
HST,1.44,0.8,0.76,15.684B,27.53,4.29
HSY,0.11,2.62,4.73,19.439B,19.65,2.83
HTA,0.41,1.22,0.34,5.485B,77.12,5
HTGX,0.74,,N/A,2.095B,N/A,
HTH,1.05,0.28,1.36,2.188B,16.75,1.14
HTHT,1.66,0.64,2.69,10.918B,55.69,0.45
HUBB,1.21,3.08,4.39,5.721B,23.75,2.85
HUBS,1.84,,-1.08,4.506B,N/A,
HUM,0.77,2,16.81,38.813B,16.77,0.68
HUN,3.12,0.65,2.61,7.549B,12.1,2.18
HXL,1.11,0.5,3.09,6.204B,22.44,0.74
HYH,1.87,,1.69,2.482B,31.24,
HZNP,0.88,,-2.52,2.266B,N/A,
IAC,1.2,,3.18,11.907B,44.78,
IAG,-0.31,,1.07,2.893B,5.8,
IART,0.67,,0.82,5.086B,78.56,
IBA,0.11,0.83,5.29,2.982B,11.27,1.37
IBKC,1.26,1.52,2.59,4.389B,29.83,1.98
IBKCO,1.44,1.65,2.59,4.356B,10.32,6.12
IBKCP,1.44,1.66,2.59,4.424B,10.42,6.08
IBKR,1.09,0.4,1.07,32.763B,74.37,0.5
IBM,1.04,6.28,6.14,132.408B,23.51,4.33
IBN,1.8,0.07,0.49,29.637B,18.61,0.85
IBOC,1.26,0.66,2.36,2.783B,17.84,1.68
IBTX,0.82,0.56,2.97,2.163B,25.67,0.78
ICE,0.4,0.96,4.23,41.345B,16.87,1.31
ICL,1.27,0.22,0.28,5.823B,16.14,4.92
ICLR,0.27,,5.13,6.696B,24.14,
ICPT,2.04,,-14.38,2.107B,N/A,
ICUI,0.48,,3.29,5.333B,79.91,
IDA,0.19,2.36,4.21,4.608B,21.72,2.54
IDCC,0.88,1.4,4.87,2.773B,16.39,1.85
IDTI,1.34,,-0.02,4.046B,N/A,
IDXX,0.64,,2.94,18.163B,71.12,
IEP,1.7,7,14.8,12.59B,4.78,10.74
IEX,1.1,1.48,4.36,10.576B,31.62,1.04
IFF,1.12,2.76,3.72,10.061B,34.26,1.94
IGT,1.57,0.8,-5.26,5.825B,N/A,2.98
IHG,1.69,1.03,3.05,12.197B,21.61,1.7
IIVI,0.17,,1.32,2.855B,34.64,
ILG,1.34,0.7,1.34,4.212B,25.28,2.17
ILMN,0.9,,4.92,38.952B,53.86,
IMMU,3.61,,-1.89,3.08B,N/A,
INCY,1.12,,-1.53,13.835B,N/A,
INDB,0.71,1.52,3.19,2.056B,23.42,2.09
INFO,1.01,,1.43,20.275B,36.21,
INFY,0.19,0.4,1.1,38.019B,15.86,2.3
ING,1.04,0.57,1.55,62.828B,10.34,3.28
INGN,0.74,,0.96,3.862B,189.57,
INGR,0.52,2.4,7.06,8.043B,15.77,2.16
INSM,1.98,,-2.89,2.045B,N/A,
INTC,0.98,1.2,1.99,256.207B,27.63,2.25
INTU,1.19,1.56,3.65,49.762B,53.25,0.84
INVH,N/A,0.44,-0.26,12.327B,N/A,1.98
INXN,0.72,,0.73,4.689B,90.41,
IONS,3.34,,-0.05,5.372B,N/A,
IP,1.77,1.9,5.13,21.881B,10.3,3.69
IPG,1.15,0.84,1.46,9.333B,16.58,3.45
IPGP,1.66,,6.36,13.483B,39.48,
IQ,N/A,,-1.28,14.773B,N/A,
IQV,0.62,,5.88,20.962B,17.16,
IR,1.47,1.8,5.04,22.002B,17.6,2.15
IRM,0.54,2.35,0.69,9.641B,49.15,6.81
IRWD,1.48,,-0.79,2.697B,N/A,
ISBC,0.4,0.36,0.43,4.068B,31.35,2.69
ISF,0.05,1.59,1.55,100.116B,16.64,6.23
ISG,0.04,1.53,1.55,99.611B,16.55,5.92
ISRG,1.09,,6.55,53.067B,71.5,
IT,1.38,,0.04,12.26B,"3,631.62",
ITCB,0.74,0.11,0,5.124B,?,0.7
ITGR,0.53,,2.09,2.11B,31.53,
ITRI,0.97,,1.45,2.653B,46.76,
ITT,1.45,0.54,1.89,4.578B,27.64,1.02
ITUB,1.51,0.05,1.08,85.103B,12.7,0.37
ITW,1.24,3.12,4.86,49.398B,30,2.21
IVZ,1.72,1.2,2.75,11.559B,10.23,4.14
IX,1.23,,11.34,23.11B,7.9,
JACK,0.22,1.6,3.69,2.702B,24.83,1.84
JAG,N/A,,-0.45,3.018B,N/A,
JAZZ,1.31,,7.96,9.664B,20.24,
JBGS,N/A,0.9,-0.7,5.036B,N/A,2.63
JBHT,1.12,0.96,6.18,13.489B,19.89,0.82
JBL,0.24,0.32,0.67,4.731B,41.22,1.2
JBLU,0.16,,3.47,5.953B,5.42,
JBT,0.98,0.4,2.53,2.796B,34.82,0.35
JCI,1.09,1.04,1.61,33.878B,22.78,3.07
JCOM,0.34,1.62,2.83,4.313B,31.05,2.02
JD,1.68,,-0.02,52.593B,N/A,
JEC,1.44,0.6,1.92,9.041B,33.19,1.03
JELD,N/A,,0,3.007B,"9,423.33",
JHG,N/A,1.28,3.93,6.652B,8.62,4.07
JHX,0.95,0.38,0.56,7.944B,32.18,2.15
JJSF,0.43,1.8,5.42,2.54B,25.06,1.28
JKHY,0.8,1.48,4.42,9.51B,27.86,1.22
JLL,2.03,0.72,5.55,7.844B,31.07,0.41
JNJ,0.59,3.36,0.47,336.207B,264.45,2.57
JNPR,1.26,0.72,0.8,9.197B,32.92,2.92
JOBS,1.23,,0.96,6.118B,101.76,
JPM,1.12,2.24,6.31,389.079B,18.11,2.04
JSM,2.01,,1.04,5.915B,21.62,
JWN,0.61,1.48,2.59,8.152B,18.76,2.98
K,0.25,2.16,3.62,21.172B,16.86,3.54
KAR,0.94,1.4,2.62,7.241B,20.48,2.69
KB,1.27,,7.71,21.799B,7.13,
KBH,1.23,0.1,1,2.289B,26.19,0.38
KBR,1.32,0.32,3.06,2.382B,5.54,1.93
KEP,0.53,,0.95,21.659B,17.72,
KEX,0.81,,5.62,5.325B,15.88,
KEY,0.9,0.42,1.13,21.53B,18.01,2.07
KEYS,0.9,,0.47,9.957B,112.96,
KFY,1,0.4,2.1,3.144B,26.52,0.74
KGC,0.64,,0.35,4.687B,10.69,
KHC,0.76,2.5,8.95,71.98B,6.6,4.4
KIM,0.52,1.12,0.87,6.2B,16.74,7.96
KKR,2.11,0.68,1.95,18.523B,11.54,3.26
KL,-0.19,0.06,0.63,4.126B,31.01,0.36
KLAC,1.39,3,4.16,17.311B,26.7,2.98
KLXI,1.22,,1.04,3.7B,70.13,
KMB,0.59,4,6.4,36.271B,16.22,3.88
KMI,0.78,0.8,0.01,36.4B,"1,650.00",4.99
KMPR,1.03,0.96,2.33,3.796B,31.62,1.59
KMT,1.98,0.8,1.76,3.268B,22.78,2.19
KMX,1.61,,3.6,11.268B,17.58,
KNX,1.08,0.24,4.34,7.153B,9.25,0.57
KO,0.57,1.56,0.29,179.487B,144.45,3.5
KOF,0.9,1.84,-3.35,12.754B,N/A,2.71
KORS,-0.34,,3.33,9.571B,18.89,
KOS,1.9,,-0.57,2.793B,N/A,
KR,0.97,0.5,2.09,20.806B,11.66,1.95
KRC,0.89,1.7,1.51,7.539B,49.5,2.46
KRO,2.69,0.68,3.06,2.705B,7.63,2.87
KS,3.85,0.4,2.47,3.36B,13.91,1.16
KSS,1.06,2.44,5.12,10.183B,11.82,4.07
KSU,0.58,1.44,9.16,11.265B,11.99,1.32
KT,0.55,0.47,0.91,6.241B,14.86,3.48
KW,1.53,0.76,0.83,2.885B,23.92,3.98
KWR,1.07,1.42,1.52,2.005B,99,0.94
KYN,N/A,,N/A,2.146B,N/A,
KYO,0.78,1.06,3.13,22.761B,19.71,1.81
L,0.51,0.25,3.45,16.56B,15.03,0.48
LAD,1.72,1.08,9.75,2.396B,9.85,1.08
LAMR,1.08,3.64,3.23,6.551B,20.6,5.7
LANC,0.87,2.4,4.31,3.489B,29.46,1.92
LAUR,N/A,,-1.2,3.219B,N/A,
LAZ,1.88,1.76,1.91,7.205B,29.07,3.28
LB,0.23,2.4,3.42,8.832B,9.26,6.77
LBRDA,1.25,,11.1,12.99B,6.41,
LBRDK,1.22,,11.1,12.996B,6.46,
LBRT,N/A,,N/A,2.486B,N/A,
LBTYA,1.33,,-2.72,24.113B,N/A,
LBTYB,0.72,,-2.72,23.831B,N/A,
LBTYK,1.3,,-2.724,24.119B,N/A,
LCII,0.96,2.2,5.24,2.264B,17.14,2.38
LDOS,1.86,1.28,2.38,9.575B,26.5,2.05
LEA,1.33,2.8,18.59,12.89B,10.45,1.49
LECO,1.17,1.56,3.71,5.697B,23.4,1.85
LEG,0.81,1.44,2.13,5.494B,19.62,3.57
LEN,1.16,0.16,3.72,17.426B,14.56,0.29
LEXEA,N/A,,-3.37,2.33B,N/A,
LEXEB,N/A,,N/A,2.291B,N/A,
LFC,1.75,0.17,0.89,107.387B,15.74,1.23
LFIN,N/A,,-0.636,2.101B,N/A,
LFUS,0.82,1.48,5.21,5.488B,42.19,0.75
LGND,1.36,,0.53,3.659B,324.08,
LH,1.34,,12.21,17.8B,14.25,
LHCG,0.44,,2.79,2.38B,25.99,
LHO,1.22,1.8,1.54,3.563B,20.41,6
LII,1.27,2.04,7.14,8.424B,28.62,1.01
LILA,N/A,,-4.53,3.653B,N/A,
LILAK,N/A,,-4.53,3.667B,N/A,
LITE,0.01,,1.61,3.966B,39.35,
LIVN,0.44,,-0.52,4.182B,N/A,
LKQ,1.14,,1.72,9.378B,17.63,
LLL,1.35,3.2,8.51,15.348B,22.99,1.59
LLY,0.24,2.25,-0.19,82.532B,N/A,2.77
LM,2.24,1.18,3.62,3.337B,10.92,3.06
LMHA,N/A,,3.62,3.313B,7.19,
LMHB,N/A,,3.62,2.309B,6.67,
LMT,0.7,8,6.89,92.651B,47.09,2.43
LN,N/A,,0.32,8.855B,117.14,
LNC,2.02,1.32,9.22,14.802B,7.34,1.83
LNT,0.28,1.34,1.99,9.662B,20.96,3.12
LOGI,1.24,0.63,1.26,6.637B,31.78,1.7
LOGM,1.23,1.2,2.74,6.127B,42.77,1.03
LOMA,N/A,,0.69,2.144B,26.03,
LOPE,1.04,,4.22,5.246B,25.78,
LOW,1.34,1.64,4.09,70.248B,20.8,1.88
LOXO,2.95,,-4.39,3.895B,N/A,
LPI,1.76,,2.29,2.269B,4.24,
LPL,1.02,,2.35,7.49B,4.51,
LPLA,2.13,1,2.59,6.286B,26.91,1.64
LPNT,0.18,,2.51,2.141B,21.99,
LPT,1.04,1.6,1.91,6.629B,22.95,3.68
LPX,1.63,0.52,2.66,3.952B,10.23,1.73
LQ,1.74,,1.3,2.384B,15.64,
LRCX,1.35,2,9.1,33.467B,22.41,1.03
LSI,0.66,4,2.07,4.326B,44.88,4.65
LSTR,0.82,0.6,4.21,4.535B,25.61,0.55
LSXMA,N/A,,3.31,14.739B,13.23,
LSXMB,N/A,,3.31,15.006B,13.32,
LSXMK,N/A,,3.31,14.732B,13.25,
LTM,1.85,0.03,0.26,8.061B,54.37,0.22
LUK,1.35,0.4,0.45,8.541B,55.09,1.66
LULU,-0.12,,2.01,13.285B,48.64,
LUV,1.23,0.5,5.79,30.115B,8.97,0.93
LVS,1.88,3,3.54,62.346B,22.32,3.8
LW,N/A,0.77,2.66,9.948B,25.58,1.15
LX,N/A,,-0.07,2.816B,N/A,
LXP,1.12,0.71,0.33,2.037B,25.49,9.08
LYB,N/A,,N/A,44.076B,9.19,
LYG,0.85,0.17,0.27,64.874B,13.54,4.62
LYV,1.19,,-0.5,8.942B,N/A,
M,0.5,1.51,5.04,9.001B,5.84,4.76
MA,0.98,1,3.65,201.538B,52.89,0.52
MAA,0.52,3.69,2.86,10.969B,32.57,3.99
MAC,0.89,2.96,1.02,8.713B,56.44,5.31
MAIN,0.78,2.28,3.01,2.302B,12.87,6.1
MAN,1.24,1.86,8.04,6.299B,11.9,1.94
MANH,1.4,,1.68,3.018B,26.89,
MANT,0.96,1,2.91,2.136B,18.54,1.7
MANU,0.94,0.18,-0.01,3.161B,N/A,0.94
MAR,1.32,1.32,3.61,49.456B,38.39,0.96
MAS,1.48,0.42,1.66,11.755B,22.81,1.11
MASI,1.29,,2.36,5.1B,41.73,
MAT,0.71,,-3.07,4.992B,N/A,
MAXR,0.5,1.15,2.43,2.761B,20.14,2.28
MBFI,0.58,0.96,3.49,3.645B,12.53,2.25
MBFIO,1.03,1.55,3.49,3.624B,7.13,6.2
MBT,0.86,0.89,1.85,9.562B,5.5,9.01
MC,1.69,1.88,0.88,3.275B,64.52,3.41
MCD,0.73,4.04,6.37,129.609B,25.91,2.59
MCHP,1.01,1.45,1.01,21.831B,92.42,1.63
MCK,1.49,1.36,22.74,30.385B,6.48,0.9
MCO,1.07,1.76,5.15,33.348B,33.74,1.08
MCY,0.58,2.5,2.62,2.525B,17.42,5.06
MD,-0.02,,3.45,4.311B,13.39,
MDB,N/A,,-4.06,2.061B,N/A,
MDCO,0.44,,-9.79,2.148B,N/A,
MDLZ,0.62,0.88,1.91,57.675B,20.47,2.21
MDP,1.46,2.18,6.06,2.331B,8.56,4.21
MDR,2.22,,0.63,5.918B,32.86,
MDRX,1.37,,-1.09,2.26B,N/A,
MDSO,1.56,,0.74,4.627B,105.62,
MDT,0.73,1.84,2.04,116.128B,41.92,2.34
MDU,0.64,0.79,1.43,5.541B,19.83,2.84
MELI,2.21,,0.31,13.982B,"1,021.39",
MEOH,1.58,1.32,3.64,5.665B,18.91,1.97
MET,1.01,1.6,3.62,47.665B,12.97,3.48
MFA,0.21,0.8,0.79,3.064B,9.77,10.58
MFC,1.14,0.67,0.75,38.545B,25.94,3.57
MFG,1.44,0.13,0.42,46.259B,8.61,3.67
MFGP,0.58,0.69,0.66,7.457B,26.25,3.85
MFO,0.38,,0.798,10.22B,32.27,
MGA,1.32,1.32,5.9,22.539B,10.71,2.23
MGEE,0.03,1.29,2.82,2.032B,20.82,2.27
MGLN,0.52,,4.51,2.089B,19.14,
MGM,1.57,0.48,3.36,18.58B,9.95,1.36
MGP,N/A,1.68,0.67,7.582B,42.54,6.03
MHK,1.35,,49.9,15.78B,4.24,
MIC,1.49,5.76,5.13,3.322B,7.61,15.02
MIDD,1.83,,5.26,5.962B,20.36,
MIK,1,,2.1,3.395B,8.9,
MIME,0.21,,-0.15,2.453B,N/A,
MINI,1.52,1,2.76,2.017B,16.38,2.33
MKC,0.32,2.08,6.21,14.092B,17.3,1.97
MKL,0.82,,25.81,16.021B,44.68,
MKSI,0.89,0.72,6.16,6.291B,18.74,0.7
MKTX,0.59,1.68,3.89,7.695B,52.6,0.84
MLCO,1.97,0.54,0.7,15.742B,45.59,1.71
MLM,0.92,1.76,11.25,13.265B,18.73,0.9
MLNX,0.82,,-0.39,4.376B,N/A,
MMC,0.85,1.5,2.87,41.489B,28.45,1.83
MMM,1.06,5.44,7.93,121.725B,25.85,2.8
MMP,0.71,3.75,3.81,15.613B,17.96,5.7
MMS,1.25,0.18,3.35,4.073B,18.64,0.26
MMSI,0.59,,0.55,2.622B,94.73,
MMYT,0.12,,-2.63,3.53B,N/A,
MNST,0.93,,1.42,28.164B,35.25,
MO,0.48,2.8,5.31,106.165B,10.55,5
MOH,0.85,,-9.14,5.126B,N/A,
MOMO,1.24,,1.54,7.727B,24.95,
MON,0.92,2.16,5.58,55.112B,22.37,1.72
MOR,N/A,,N/A,3.451B,N/A,
MORN,0.79,1,3.18,4.725B,34.95,0.95
MOS,1.55,0.1,-0.31,10.167B,N/A,0.37
MPC,1.47,1.84,6.7,35.814B,11.57,2.22
MPLX,1.52,2.47,1.06,27.622B,32.82,7.07
MPW,0.81,1,0.82,4.905B,16.39,8
MPWR,1.31,1.2,1.5,5.428B,85.78,0.99
MRK,1.11,1.92,0.87,156.199B,66.74,3.22
MRO,2.98,0.2,-6.73,18.037B,N/A,1.08
MRVL,1.09,0.24,1.02,10.645B,20.98,1.15
MS,1.51,1,3.07,97.435B,17.93,1.92
MSA,1.04,1.4,0.67,3.504B,136.49,1.59
MSCC,1.33,,1.74,7.902B,38.54,
MSCI,1.24,1.52,3.31,14.231B,48.29,1.02
MSFT,1.28,1.68,1.23,752.262B,79.6,1.8
MSG,0.89,,3.24,5.984B,78.1,
MSI,0.18,2.08,-0.95,17.632B,N/A,1.89
MSM,0.57,2.32,5.28,5.191B,17.41,2.68
MT,3.24,0.1,4.46,36.012B,7.91,0.3
MTB,0.97,3,8.7,26.975B,21.34,1.65
MTCH,0.29,,1.18,10.772B,32.95,
MTD,1.46,,14.24,14.335B,39.55,
MTDR,2.13,,1.23,3.729B,27.75,
MTG,1.71,,0.95,3.862B,10.99,
MTN,0.43,5.88,7.99,9.46B,29.23,2.52
MTX,2.19,0.2,5.48,2.511B,12.96,0.29
MTZ,1.66,,4.22,3.832B,11.53,
MU,1.43,,6.4,61.073B,8.23,
MUFG,1.78,0.16,0.19,86.49B,34.2,2.36
MUR,2.62,1,-1.82,5.266B,N/A,3.32
MUSA,0.85,,6.78,2.244B,9.96,
MXIM,1.56,1.68,1.33,16.213B,43.52,2.9
MYGN,0.87,,1.86,2.361B,18.12,
MYL,1.33,,1.3,19.51B,29.15,
NAD,N/A,,N/A,2.671B,N/A,
NATI,0.99,0.92,0.4,5.55B,105.75,2.17
NAV,2.4,,0.19,3.761B,195.44,
NAVI,2.23,0.64,1.04,3.591B,13.05,4.83
NBIX,2.08,,-1.62,7.896B,N/A,
NBL,1.11,0.44,-2.38,16.969B,N/A,1.3
NBR,1.67,0.24,-1.9,2.514B,N/A,3.14
NCLH,1.71,,3.31,11.549B,15.53,
NCR,2.2,,0.97,3.622B,31.53,
NDAQ,0.47,1.76,4.33,15.089B,20.87,1.95
NDSN,1.23,1.2,6,7.673B,22.06,0.93
NEA,N/A,,N/A,3.408B,95.37,
NEE,0.26,4.44,11.38,75.538B,14.08,2.71
NEM,0.61,0.56,-0.18,21.564B,N/A,1.43
NEOG,1.24,,1.13,3.713B,63.93,
NEP,1.73,1.54,-1.2,2.431B,N/A,3.8
NEU,0.73,7,16.08,4.376B,23.09,1.77
NEWR,0.42,,-0.99,4.935B,N/A,
NEXA,N/A,,1.09,2.336B,16.09,
NFG,0.72,1.66,4.56,4.395B,11.21,3.21
NFLX,1.34,,1.25,143.275B,263.68,
NFX,1.77,,2.13,5.55B,13.19,
NGG,0.22,2.91,15.98,38.459B,3.6,4.98
NGHC,0.75,0.16,0.68,2.79B,38.37,0.62
NGHCN,0.93,1.88,0.68,2.779B,36.81,7.52
NGHCO,-0.01,1.88,0.68,2.785B,36.78,7.51
NGHCP,0,1.88,0.68,2.784B,37,7.5
NGHCZ,0.93,,0.68,2.784B,37.21,
NGVT,N/A,,2.97,3.43B,27.44,
NHI,0.49,4,3.87,2.95B,18.35,6.01
NI,0.21,0.78,0.39,8.413B,63.87,3.31
NICE,0.6,,2.31,6.08B,42.97,
NJR,0.09,1.09,2.54,3.83B,17.18,2.74
NKE,0.58,0.8,2.31,109.471B,29.39,1.15
NKTR,2.77,,-0.62,13.235B,N/A,
NLSN,0.91,1.36,1.2,10.794B,25.25,4.18
NLY,0.01,1.2,1.37,12.038B,7.58,11.65
NMR,1.67,0.16,0.67,18.981B,8.28,2.73
NMRK,N/A,,0.85,2.28B,17.39,
NNI,0.5,0.64,4.14,2.472B,14.64,1.22
NNN,0.26,1.9,1.72,6.242B,23.53,4.74
NOAH,1.63,,2.02,3.533B,29.82,
NOC,0.78,4.4,11.47,56.921B,28.46,1.29
NOK,0.53,0.24,-0.32,35.454B,N/A,3.97
NOMD,0.93,,0.91,3.006B,18.99,
NOV,0.64,0.2,-0.63,15.514B,N/A,0.52
NOVT,1.48,,1.13,2.2B,56.11,
NOW,1.64,,-0.87,31.621B,N/A,
NRG,1.03,0.12,-6.79,10.914B,N/A,0.39
NRZ,0.79,2,3.15,6.044B,5.71,11.44
NS,1.87,3.88,0.65,2.006B,33.17,17.92
NSA,0.58,1.12,0.16,2.205B,175.63,4.29
NSC,1.43,2.88,18.61,42.879B,8.16,1.99
NSP,0.99,0.8,2.35,3.648B,37.02,0.93
NTAP,1.76,0.8,-0.02,19.245B,N/A,1.19
NTB,-0.02,1.52,2.76,2.699B,17.73,3.13
NTCT,1.82,,0.94,2.443B,29.76,
NTES,1.57,3.01,12.75,35.049B,20.93,1.1
NTNX,N/A,,-2.38,9.716B,N/A,
NTR,0.71,1.6,0.39,31.11B,127.51,3.51
NTRS,1.03,1.68,4.92,24.277B,21.93,1.56
NTRSP,0.08,1.46,4.92,23.883B,5.33,5.56
NUAN,1.02,,-0.25,3.965B,N/A,
NUE,1.64,1.52,4.1,20.31B,15.58,2.52
NUS,0.3,1.46,2.36,4.28B,32.61,2.02
NUVA,0.69,,1.5,2.545B,33.09,
NVCR,3.15,,-0.7,2.68B,N/A,
NVDA,1.55,0.6,4.82,157.908B,53.97,0.23
NVG,N/A,,N/A,3.04B,30.08,
NVO,0.82,1.28,2.54,117.267B,18.97,2.73
NVR,0.66,,126.77,10.947B,23.84,
NVRO,0.01,,-1.25,2.326B,N/A,
NVS,0.88,2.98,3.25,180.914B,23.67,3.65
NWE,0.04,2.2,3.34,2.658B,16.08,4.02
NWL,0.62,0.92,5.63,13.317B,4.87,3.41
NWS,1.81,0.2,-0.779,9.669B,N/A,1.23
NWSA,1.98,0.2,-0.78,9.701B,N/A,1.25
NXPI,0.85,,6.41,34.155B,15.49,
NXST,1.76,1.5,10.07,2.908B,6.31,2.41
NYCB,0.51,0.68,0.9,5.747B,13.04,5.25
NYLD,1.85,1.19,-0.16,2.547B,N/A,6.64
NYT,1.4,0.16,0.03,3.718B,835.19,0.71
NZF,N/A,,N/A,2.057B,23.92,
O,0.26,2.63,1.1,15.242B,48.65,5.23
OA,0.78,1.28,5.34,7.731B,25.04,0.96
OAK,0.96,3.34,3.61,6.35B,11.19,8.26
OAS,2.5,,0.52,3.707B,22.46,
OC,1.17,0.84,2.55,7.44B,26.36,1.26
ODFL,1.23,0.52,5.63,11.925B,25.77,0.39
OFC,0.84,1.1,0.57,2.959B,49.26,4
OGE,0.82,1.33,3.1,6.839B,11.05,4.05
OGS,0.21,1.84,3.08,3.82B,23.64,2.69
OHI,0.48,2.64,0.51,5.935B,56.45,10.22
OI,1,,1.09,3.126B,17.7,
OII,1.13,0.6,1.68,2.324B,14.04,2.93
OIS,1.74,,-1.69,2.176B,N/A,
OKE,1.29,3.06,1.29,26.843B,50.62,5.08
OKTA,N/A,,-1.38,5.275B,N/A,
OLED,2.25,0.24,2.18,4.629B,45.09,0.23
OLLI,0.15,,1.96,4.056B,33.19,
OLN,1.73,0.8,3.26,5.525B,10.13,2.61
OMAB,0.7,1.69,2.36,2.079B,17.72,4.06
OMC,1.03,2.4,4.65,16.96B,16.05,3.22
OMF,2.66,,1.35,4.565B,24.92,
ON,2.08,,1.89,10.095B,12.49,
ONB,0.66,0.52,0.69,2.693B,25.65,3.02
ONCE,2.84,,-7.62,2.837B,N/A,
OPK,2.29,,-0.55,2.434B,N/A,
ORA,1.4,0.49,3.06,2.856B,18.42,0.89
ORAN,0.59,0.59,0.76,48.477B,23.84,3.22
ORBK,0.9,,2.71,2.954B,22.5,
ORCL,1.1,0.76,0.86,191.583B,54.89,1.65
ORI,0.97,0.78,1.92,6.238B,10.83,3.82
ORIG,1.35,,-0.21,2.324B,N/A,
ORLY,0.83,,12.67,21.723B,20.93,
OSB,2.86,1.84,5.03,3.524B,8.09,4.42
OSK,1.54,0.96,4.24,5.489B,17.49,1.32
OTEX,0.21,0.53,0.72,9.226B,48.41,1.47
OUT,1.15,1.44,0.9,2.777B,22.22,7.74
OXY,0.56,3.08,1.7,64.217B,49.33,4.18
OZRK,1.3,0.78,3.35,6.241B,14.42,1.67
PAA,0.89,1.2,0.95,19.162B,25.36,4.99
PAAS,0.6,0.14,0.79,2.771B,22.92,0.87
PAC,0.41,5.96,4.61,5.124B,20.65,5.73
PACW,1.29,2,2.91,6.698B,18.4,4.05
PAG,1.49,1.3,7.14,3.977B,6.56,2.85
PAGP,1.18,1.2,-5.04,13.703B,N/A,4.75
PAGS,N/A,,0.54,10.003B,58.56,
PAH,2.53,,-1.04,3.138B,N/A,
PAM,1.54,,2.9,3.772B,18.84,
PANW,0.63,,-2.18,18.911B,N/A,
PAY,1.69,,-1.34,2.54B,N/A,
PAYC,0.54,,1.13,6.469B,96.58,
PAYX,0.93,2,2.32,22.631B,27.15,3.22
PB,1.28,1.44,3.92,5.248B,19.18,1.96
PBA,0.46,1.68,1.43,17.348B,24.02,5.34
PBCT,0.92,0.7,0.97,6.367B,19.25,3.83
PBCTP,0.86,1.41,0.97,6.337B,26.29,5.5
PBF,1.11,1.2,3.73,4.775B,11.09,3.18
PBR,2.49,,-0.02,94.942B,N/A,
PCAR,1,1.12,4.75,22.432B,13.42,1.75
PCG,0,,3.21,22.403B,13.51,
PCH,1.42,1.6,2.1,3.04B,23.07,3.09
PCTY,1.24,,0.21,3.067B,277.38,
PDCE,0.59,,-1.94,3.96B,N/A,
PDCO,1.4,1.04,2.59,2.101B,8.79,4.47
PDM,0.81,0.84,0.92,2.408B,20.42,4.69
PE,-0.02,,0.42,10.405B,78.19,
PEB,1.24,1.52,1.19,2.626B,31.85,4.34
PEG,0.35,1.8,3.1,25.832B,16.49,3.52
PEGA,1.03,0.12,0.4,4.967B,158,0.2
PEN,0,,0.13,5.285B,"1,186.92",
PENN,1.5,,5.07,2.927B,6.32,
PEP,0.63,3.22,3.38,137.914B,28.8,3.25
PF,0.56,1.3,4.45,7.576B,14.29,2.13
PFE,0.95,1.36,3.52,208.439B,9.96,3.87
PFG,1.29,2.04,7.88,16.825B,7.46,3.39
PFGC,0.33,,1.55,3.58B,22.58,
PFPT,1.59,,-1.91,6.545B,N/A,
PG,0.38,2.87,3.75,183.943B,19.51,3.94
PGR,0.49,,2.72,36.323B,22.93,
PGRE,0.95,0.4,0.37,4.032B,41.56,2.8
PH,1.19,3.04,6.43,23.168B,27.11,1.85
PHG,1.23,0.99,2.15,39.221B,19.62,2.35
PHI,0.79,1.48,1.19,5.71B,22.28,5.48
PHM,0.73,0.36,1.44,8.866B,21.52,1.17
PII,0.91,2.4,2.69,6.748B,39.73,2.02
PINC,0.24,,-6.74,4.243B,N/A,
PJH,1.51,,8.96,10.767B,2.83,
PK,N/A,1.72,12.21,6.155B,2.51,5.97
PKG,1.97,2.52,7.07,10.878B,16.44,2.15
PKI,1.31,0.28,2.64,8.331B,28.48,0.38
PKX,1.48,1.37,8.05,26.596B,10.52,1.62
PLCE,0.42,2,4.67,2.114B,27.48,1.48
PLD,1.13,1.92,3.06,35.526B,21.46,3.11
PLNT,0.39,,0.42,3.909B,94.6,
PLT,1.16,0.6,0.27,2.164B,246.95,0.91
PM,0.73,4.28,3.88,129.021B,21.39,4.27
PNC,0.97,3,10.83,70.819B,13.93,2.06
PNFP,N/A,,N/A,5.054B,21.55,
PNM,0.08,1.06,1,3.063B,38.45,2.65
PNR,1.25,0.7,3.62,7.919B,12.25,1.57
PNW,0.15,2.78,4.35,8.745B,17.96,3.56
PODD,1.42,,-0.46,5.061B,N/A,
POL,1.47,0.7,-0.71,3.409B,N/A,1.6
POOL,0.74,1.48,4.51,6.004B,32.89,1.07
POR,0.01,1.36,2.1,3.678B,19.63,3.33
POST,-0.35,,3.3,5.168B,23.29,
POWI,0.89,0.64,0.9,2.13B,80,0.93
PPC,-0.14,,2.79,5.363B,7.72,
PPDF,N/A,,-2.03,2.053B,N/A,
PPG,1.52,1.8,6.29,26.456B,16.87,1.68
PPL,0.54,1.64,1.64,19.699B,17.18,5.75
PRA,0.57,1.24,2,2.187B,20.4,3.04
PRAH,0.27,,1.32,5.193B,61.39,
PRGO,0.8,0.76,0.84,10.459B,89.93,0.97
PRH,1.51,,17.86,10.725B,1.41,
PRI,0.92,1,7.61,4.164B,12.42,1.08
PRLB,1.42,,1.93,3.341B,64.27,
PRU,1.51,3.6,17.86,42.353B,5.65,3.39
PSA,0.36,8,6.73,36.96B,31.48,4.08
PSB,0.62,3.4,3.3,4.121B,36.07,2.91
PSEC,0.5,0.72,0.57,2.379B,11.53,11.32
PSMT,0.75,0.7,2.47,2.525B,33.62,0.79
PSO,-0.16,0.23,0.7,9.771B,17.68,2.07
PSTG,1.33,,-0.84,5.399B,N/A,
PSX,0.82,2.8,9.85,54.95B,11.98,2.49
PSXP,1.26,2.86,2.53,6.015B,19.51,5.76
PTC,1.24,,0.25,10.11B,353.31,
PTEN,1.54,0.08,0.03,5.017B,780,0.41
PTLA,1.85,,-4.81,2.711B,N/A,
PTR,1.49,2,1.9,225.498B,40.78,2.72
PUK,1.57,,2.62,67.111B,19.96,
PVH,0.63,0.15,6.84,11.79B,22.37,0.09
PVTL,N/A,,N/A,4.862B,N/A,
PWR,0.63,,2,5.442B,18.13,
PX,1.13,3.3,4.32,45.131B,36.35,2.16
PXD,1.29,0.32,4.85,34.629B,41.89,0.16
PYPL,N/A,,1.47,94.029B,53.87,
PZE,1.22,,-0.04,2.139B,N/A,
QCOM,1.49,2.48,-2.83,81.5B,N/A,4.97
QD,N/A,,1.12,3.571B,9.74,
QDEL,1.2,,-0.24,2.143B,N/A,
QEP,1.82,,1.12,3.018B,11.38,
QGEN,1.02,,0.23,7.94B,151.87,
QLYS,1.49,,1.01,3.064B,77.82,
QRTEA,1.07,,2.7,10.457B,8.11,
QRTEB,0.87,,2.7,11.728B,9.17,
QRVO,1.19,,0.22,10.371B,371,
QSR,1.32,1.8,2.54,26.436B,22.32,3.2
QTS,0.58,1.64,0.01,2.056B,"2,964.17",4.67
QTWO,1.12,,-0.63,2.482B,N/A,
R,1.23,2.08,14.87,3.644B,4.62,3.11
RACE,1.4,,3.47,25.616B,39.09,
RARE,2.47,,-7.12,2.974B,N/A,
RBA,0.62,0.68,0.69,3.657B,49.11,2.06
RBC,1.53,1.04,4.74,3.46B,16.6,1.41
RBS,1.32,,0.18,46.716B,44.44,
RCI,0.8,1.52,2.55,24.818B,18.83,3.19
RCL,1.38,2.4,7.53,22.714B,14.25,2.15
RDC,2.23,,0.57,2.057B,28.44,
RDN,1.47,0.01,0.55,3.408B,28.98,0.07
RDY,-0.09,0.31,0.92,5.054B,32.87,0.99
RE,0.27,5.2,11.36,9.351B,20.09,2.16
REG,0.51,2.22,1,9.955B,58.64,3.96
REGN,1.56,,10.34,31.13B,27.94,
RELX,0.49,0.54,1.15,42.751B,19.09,2.49
RENX,0.58,0.54,1.15,43.17B,18.8,2.54
RES,0.88,0.4,0.75,4.118B,25.51,2.24
REXR,0.89,0.64,0.48,2.695B,67.69,2.2
RF,1.35,0.36,1,21.71B,19.23,1.91
RFTA,N/A,,-0.242,2.126B,N/A,
RGA,0.66,2,27.71,9.714B,5.43,1.26
RGLD,0.82,1,0.88,5.89B,102.38,1.12
RH,2.18,,0.34,2.179B,301.31,
RHI,1.24,1.12,2.33,7.663B,27.06,1.84
RHP,1.41,3.4,3.43,4.188B,24.08,4.3
RIG,1.66,,-8,6.196B,N/A,
RIO,1.07,2.2,4.87,98.384B,11.78,3.89
RJF,1.8,1,4.12,13.112B,22.59,1.08
RL,0.46,2,-1.01,8.857B,N/A,1.8
RLGY,1.27,0.36,3.11,3.155B,7.95,1.44
RLI,1.04,0.84,2.36,2.959B,28.31,1.32
RLJ,1.41,1.32,0.47,3.872B,47.53,6.42
RMD,1.29,1.4,1.99,14.427B,50.87,1.44
RMR,-0.24,1,5.57,2.544B,14.67,1.32
RNG,0.47,,-0.34,6.073B,N/A,
RNR,0.32,1.32,-6.15,5.147B,N/A,0.97
RNST,0.66,0.8,1.96,2.338B,24.15,1.72
ROG,1.42,,4.34,2.137B,26.81,
ROIC,0.74,0.78,0.35,2.168B,50.09,4.53
ROK,1.06,3.68,2.89,22.356B,61.49,2.24
ROKU,N/A,,-2.24,3.545B,N/A,
ROL,0.02,0.56,0.82,10.848B,60.63,1.14
ROLL,1.44,,3.39,2.849B,35.62,
ROST,0.77,0.9,3.55,30.787B,22.9,1.12
RP,0.83,,0,5.136B,"12,170.00",
RPAI,0.44,0.66,1.03,2.573B,11.43,6.03
RPM,1.4,1.28,2.76,6.674B,18.06,2.65
RRC,0.19,0.08,1.34,3.593B,11,0.57
RRR,1.54,0.4,0.42,3.95B,80.86,1.2
RS,1.14,2,8.34,6.661B,11.04,2.15
RSG,0.53,1.38,3.77,22.312B,18.05,2.04
RSPP,1.74,,1.49,7.871B,33.13,
RTN,0.64,3.47,6.95,61.072B,30.6,1.64
RXN,1.22,,1.35,2.997B,21.29,
RY,0.95,2.93,5.93,113.398B,13.22,3.85
RYAAY,0.51,,7.35,21.642B,15.12,
RYN,0.68,1,1.2,4.906B,31.75,2.65
RZA,0.73,,27.71,9.703B,0.96,
RZB,0.73,,27.71,9.713B,0.92,
S,0.33,,1.73,20.75B,3,
SABR,0.65,0.56,0.87,6.388B,26.55,2.77
SAFM,0.06,1.28,13.47,2.609B,8.48,1.1
SAGE,3.74,,-7.09,7.582B,N/A,
SAIC,1.61,1.24,3.65,3.788B,24.57,1.45
SAIL,N/A,,-0.55,2.012B,N/A,
SAM,0.98,,8.09,2.734B,28.8,
SAN,1.42,0.29,0.5,105.919B,13.21,4.5
SANM,0.39,,-0.82,2.11B,N/A,
SAP,1.27,1.73,4.12,140.48B,28.27,1.55
SATS,0.52,,4.07,4.973B,12.75,
SAVE,-0.26,,6.06,2.48B,6,
SBAC,1.01,,0.86,18.654B,188.31,
SBBC,1.32,,-0.74,6.958B,N/A,
SBNA,1.37,,-0.74,6.654B,N/A,
SBNY,1.18,,7.12,6.999B,18.31,
SBRA,0.62,1.8,1.4,3.589B,14.38,10.23
SBRAP,0.04,1.78,1.4,3.507B,18.13,7.13
SBS,0.99,0.31,1.09,6.004B,7.85,3.13
SBUX,0.52,1.2,3.02,79.557B,19.11,2.08
SC,0.96,0.2,3.3,7.03B,5.9,1.24
SCCO,0.47,1.2,0.94,40.453B,55.55,2.27
SCG,0.19,2.45,-0.83,5.088B,N/A,6.66
SCHW,1.71,0.4,1.61,79.602B,36.65,0.72
SCI,1,0.68,2.84,6.753B,12.95,1.86
SE,N/A,,-2.72,3.671B,N/A,
SEDG,-0.56,,1.85,2.909B,35.05,
SEE,0.67,0.64,4.29,7.139B,10.33,1.46
SEIC,1.39,0.6,2.49,10.14B,25.76,0.95
SEM,1.39,,1.33,2.447B,13.73,
SEMG,2.04,1.89,-0.6,2.027B,N/A,7.7
SEP,1.02,2.88,0.77,16.306B,42.88,8.09
SERV,0.38,,3.76,7.588B,14.9,
SF,1.98,0.48,2.14,4.32B,28.21,0.83
SFBS,1.28,0.44,1.72,2.315B,25.33,1.04
SFIX,N/A,,-0.02,2.313B,N/A,
SFLY,1.24,,0.88,3.091B,106.03,
SFM,0.86,,1.15,2.894B,19.09,
SFNC,0.89,0.6,1.33,2.855B,23.27,2.09
SFUN,0.73,,0.04,2.342B,146.67,
SGEN,1.8,,-0.88,8.797B,N/A,
SGMS,2.35,,-2.72,4.836B,N/A,
SHAK,1.64,,-0.01,2.151B,N/A,
SHG,1.15,,5.71,21.141B,7.87,
SHI,0.74,3.63,9,7.937B,7.56,5.65
SHLX,1.44,1.25,1.28,5.13B,17.92,5.78
SHO,1.06,0.2,0.59,3.756B,28.12,1.2
SHOO,0.18,0.8,2.04,2.853B,23.92,1.7
SHOP,1.29,,-0.42,15.456B,N/A,
SHPG,1.47,1.05,14.04,48.798B,11.69,0.64
SHW,1.46,3.44,18.67,35.405B,20.38,0.87
SID,3.41,,0,3.41B,"1,250.00",
SIG,0.38,1.48,7.44,2.259B,5.15,3.64
SIGI,1.06,0.72,2.84,3.293B,19.74,1.28
SINA,0.92,,2.09,6.627B,44.36,
SIRI,1.18,0.04,0.14,30.545B,48.71,0.71
SITE,N/A,,1.29,3.044B,58.7,
SIVB,1.76,,9.2,16.966B,34.81,
SIX,0.97,3.12,3.09,5.173B,20.04,4.87
SJI,0.35,1.12,-0.04,2.838B,N/A,3.69
SJIU,N/A,,N/A,4.231B,N/A,
SJM,0.29,3.12,11.08,12.968B,10.3,2.7
SJR,0.87,0.95,0.92,10.339B,22.38,4.55
SKM,0.33,0.98,3.78,14.815B,6.14,4.21
SKT,0.87,1.4,0.71,2.089B,29.96,6.39
SKX,-0.1,,1.14,4.69B,25.72,
SKYW,1.44,0.4,8.08,2.933B,6.97,0.69
SLAB,1.49,,1.09,4.498B,95.46,
SLB,1.05,2,-1.08,98.51B,N/A,2.96
SLCA,1.92,0.25,1.77,2.513B,18.21,0.9
SLF,0.67,1.41,2.73,25.469B,15.31,3.45
SLG,1.4,3.25,0.87,9.606B,115.81,3.33
SLGN,0.25,0.4,2.42,3.024B,11.3,1.39
SLM,1.23,,0.62,5.022B,18.61,
SLMBP,0.43,3.3,0.62,5.001B,114.68,4.64
SM,3.77,0.1,-1.44,2.802B,N/A,0.4
SMAR,N/A,,N/A,2.052B,N/A,
SMFG,1.44,0.28,1.08,58.263B,7.71,3.43
SMG,0.04,2.12,4.4,4.473B,18.35,2.54
SMI,0.55,,0.26,6.747B,27.85,
SMTC,1.17,,0.54,2.866B,80.37,
SNA,0.95,3.28,9.52,8.362B,15.52,2.26
SNAP,N/A,,-2.95,13.852B,N/A,
SNDR,N/A,0.24,2.28,5.009B,12.42,0.93
SNE,1.71,0.2,3.88,59.138B,12.09,0.4
SNH,0.53,1.56,0.62,3.892B,26.42,10.28
SNHNI,0.38,,0.62,5.903B,40.06,
SNHNL,0.38,,0.62,3.831B,41.18,
SNN,0.34,0.7,1.75,15.543B,20.56,1.8
SNP,1.37,6.61,6.7,115.342B,15.26,6.83
SNPS,1.23,,0.31,13.562B,298.98,
SNV,0.96,1,2.17,6.411B,24.9,1.9
SNX,0.31,1.4,6.56,4.392B,16.69,1.4
SNY,0.83,1.86,4.09,98.737B,9.24,4.64
SO,0.03,2.4,0.84,45.23B,53.23,5.21
SODA,1.54,,3.29,2.049B,27.53,
SOGO,N/A,,0.2,3.663B,46.2,
SOJA,0.05,,0.84,26.014B,30.86,
SOJB,0.05,,0.84,24.649B,29.24,
SOJC,0.05,,0.84,24.318B,28.85,
SON,1.09,1.64,1.74,5.183B,29.92,3.11
SPB,0.97,1.68,6.69,4.081B,11.02,2.24
SPG,0.75,7.8,6.24,57.479B,25.84,4.88
SPGI,1.16,2,5.78,50.418B,34.71,1.05
SPLK,1.49,,-1.85,16.94B,N/A,
SPOT,N/A,,N/A,28.171B,N/A,
SPR,1.41,0.48,3.01,9.575B,27.96,0.6
SQ,4.21,,-0.17,21.898B,N/A,
SQM,1.21,1.6,1.62,14.876B,34.78,2.9
SR,-0.08,2.25,4.86,3.573B,14.6,3.19
SRC,0.6,0.72,0.16,3.638B,54.08,9.03
SRCL,0.39,,0.27,5.482B,237.26,
SRCLP,0.39,5.25,-0.105,5.489B,N/A,10.7
SRE,0.51,3.58,1.01,28.102B,105.34,3.4
SRG,1.07,1,-2.19,2.111B,N/A,2.81
SRPT,1.73,,-0.86,5.919B,N/A,
SSB,0.66,1.36,2.93,3.246B,30.22,1.55
SSD,1.16,0.84,1.94,2.823B,31.42,1.38
SSL,1.06,0.83,2.52,23.614B,14.71,2.33
SSNC,1.04,0.28,1.55,11.675B,31.64,0.57
SSWA,0.5,,N/A,2.953B,N/A,
ST,1.7,,2.37,8.929B,21.96,
STAG,1.34,1.42,0.23,2.629B,114.43,6.06
STAY,1.3,0.84,0.89,3.778B,22.37,4.26
STE,1.11,1.24,2.84,8.711B,36.16,1.29
STI,1.42,1.6,4.47,32.57B,15.51,2.38
STL,0.9,0.28,0.58,5.513B,42.3,1.18
STLD,1.3,0.75,3.36,11.285B,14.22,1.6
STM,1.16,0.24,0.24,21.663B,99.92,1.05
STMP,-0.5,,8.19,4.451B,30.38,
STN,1.76,0.44,0.66,2.98B,39.46,1.72
STO,0.91,0.92,1.4,90.089B,19.31,3.54
STOR,0.28,1.24,0.9,5.21B,29.23,5.01
STT,1.48,1.68,5.24,37.191B,19.42,1.67
STWD,0.38,1.92,1.52,5.633B,14.14,9.23
STX,1.58,2.52,2.2,16.44B,26.06,4.23
STZ,-0.03,2.96,11.55,42.423B,19.08,1.3
SU,0.97,1.12,2.09,64.712B,18.89,2.89
SUI,0.29,2.84,0.85,7.82B,111.34,3.03
SUM,1.71,,1.11,3.357B,26.28,
SUN,0.95,3.3,0.34,2.211B,77.71,11.9
SUPN,1.7,,1.08,2.584B,46.42,
SWCH,N/A,0.06,-1.88,3.818B,N/A,0.42
SWJ,1.02,,8.04,3.872B,3.14,
SWK,1.16,2.52,8.04,22.088B,17.8,1.78
SWKS,0.73,1.28,4.41,17.674B,21.99,1.28
SWN,0.66,,1.63,2.519B,2.66,
SWP,1.02,,8.04,16.677B,13.53,
SWX,0.36,2.08,4.04,3.526B,18.05,2.8
SXT,0.77,1.32,2.03,2.92B,33.97,1.98
SYF,1.07,0.6,2.42,25.586B,14.01,1.72
SYK,0.48,1.88,2.68,63.146B,63.05,1.19
SYMC,0.79,0.3,1.62,18.137B,18.03,1.04
SYNH,0.44,,-1.85,4.1B,N/A,
SYNT,0.21,,1.99,2.486B,15.06,
SYY,0.46,1.44,2.23,32.687B,28.17,2.33
T,0.39,2,4.76,195.775B,6.69,6.04
TAL,0.08,,0.28,21.036B,147.89,
TAP,0.57,1.64,6.53,13.25B,9.41,2.28
TARO,0.4,,5.15,4.316B,20.9,
TBB,0.37,,4.76,152.869B,5.23,
TCBI,1.81,,3.73,5.059B,27.31,
TCBIL,1.77,,3.73,5.035B,6.88,
TCBIP,0.07,1.62,3.73,5.019B,6.82,6.4
TCF,1.06,0.6,1.44,4.386B,17.98,2.66
TCGP,1.72,0.74,2.38,7.909B,9.91,3.14
TCO,0.89,2.62,0.91,4.831B,61.97,4.59
TD,0.72,2.13,4.18,107.879B,13.93,3.83
TDA,N/A,,N/A,2.652B,31.59,
TDC,1.39,,-0.53,4.787B,N/A,
TDE,0.82,,1.37,2.808B,18.5,
TDG,0.81,,12.18,17.601B,27.57,
TDI,0.82,,1.37,2.826B,18.62,
TDJ,0.82,,1.37,2.802B,18.46,
TDOC,0.35,,-1.93,2.93B,N/A,
TDS,1.07,0.64,1.37,2.91B,19.04,2.21
TDY,0.88,,6.26,7.116B,31.79,
TEAM,2.31,,-0.52,15.163B,N/A,
TECD,0.62,,3.05,3.139B,26.87,
TECH,0.85,1.28,3.04,5.632B,49.29,0.86
TECK,1.65,0.15,3.34,15.692B,8.18,0.59
TEF,1.19,0.48,0.69,51.369B,14.44,4.7
TEGP,1.85,1.95,-2.22,3.864B,N/A,9.12
TEL,1.11,1.6,3.46,33.011B,27.23,1.7
TELL,1.9,,-1.23,2.538B,N/A,
TEN,1.84,1,3.91,2.378B,11.83,1.99
TEP,1.34,3.9,3.9,3.126B,10.83,9.34
TER,1.11,0.36,1.28,7.143B,28.66,1.07
TEVA,1.02,,-16.26,19.591B,N/A,
TEX,1.12,0.4,1.35,3.097B,30.1,0.98
TFSL,0.1,0.68,0.32,4.222B,48.18,4.53
TFX,1.14,1.36,3.27,12.231B,82.1,0.51
TGNA,1.68,0.28,1.26,2.28B,8.4,2.55
TGS,1.6,,0.87,2.868B,20.33,
TGT,0.56,2.48,5.33,37.643B,13.18,3.45
THC,0.87,,-7,3.324B,N/A,
THG,0.76,2.16,4.34,5.079B,27.52,1.83
THO,1.46,1.48,8.31,5.269B,12.03,1.37
THS,0.35,,-5.01,2.636B,N/A,
TI,0.92,,0.64,19.505B,14.84,
TIF,1.59,2,2.96,12.896B,34.99,1.93
TJX,0.35,1.56,4.04,52.204B,20.61,1.84
TKC,1.17,0.29,0.75,6.977B,10.56,3.26
TKR,1.72,1.08,2.58,3.713B,18.55,2.53
TLK,0.31,0.73,1.6,26.111B,16.9,2.69
TM,0.97,3.59,14.99,204.611B,9.23,2.73
TMHC,0.94,,1.47,2.53B,15.34,
TMK,0.86,0.64,12.23,9.695B,6.98,0.74
TMO,1.34,0.68,5.59,86.025B,38.24,0.33
TMUS,0.22,,5.2,48.143B,10.93,
TNET,2.63,,2.49,3.712B,21.2,
TOL,1.31,0.44,3.59,6.457B,11.85,1.01
TOT,0.62,2.91,3.34,167.74B,18.86,4.82
TOWN,1.04,0.56,1.41,2.241B,22.06,1.87
TPH,1.16,,1.21,2.581B,14.04,
TPL,0.68,1.05,9.72,5.134B,67.52,0.18
TPR,0.14,1.35,1.12,13.09B,41.14,2.57
TPX,1.56,,2.77,2.512B,16.69,
TRCO,1.57,1,2.2,3.27B,16.92,2.51
TREE,1.75,,1.14,3.587B,252.15,
TREX,1.78,,3.22,3.36B,35.46,
TRGP,2.05,3.64,-0.31,10.55B,N/A,7.65
TRI,0.68,1.38,1.94,27.889B,20.24,3.43
TRIP,0.87,,-0.14,6.724B,N/A,
TRMB,2.45,,0.47,8.561B,73.09,
TRMK,0.66,0.92,1.56,2.191B,20.77,2.87
TRN,2.26,0.52,4.52,5.05B,7.48,1.64
TRNO,0.94,0.88,0.95,2.134B,40.52,2.28
TROW,1.11,2.8,5.97,28.473B,19.7,2.4
TROX,4.13,0.18,-2.39,2.152B,N/A,1.03
TRP,0.58,2.14,2.68,39.071B,16.32,4.98
TRQ,1.14,,0.09,5.978B,32.89,
TRTN,3.4,1.8,4.52,2.825B,7.73,5.8
TRU,0.73,,2.32,12.72B,29.8,
TRV,1.3,2.88,7.33,35.372B,17.86,2.1
TS,0.93,0.82,0.92,23.172B,41.95,2.17
TSCO,1.19,1.08,3.3,8.399B,20.55,1.59
TSE,1.99,1.44,7.3,3.275B,10.39,1.9
TSEM,1,,2.9,2.5B,8.75,
TSG,1.67,,1.27,5.41B,28.11,
TSLA,0.96,,-11.83,51.791B,N/A,
TSM,0.89,1.16,2.26,202.269B,17.64,3.04
TSN,0.14,1.2,7.61,24.895B,8.9,1.73
TSRO,1.34,,-9.17,2.527B,N/A,
TSS,1.36,0.52,3.16,16.174B,28.07,0.61
TSU,1.74,,0.75,10.833B,27.21,
TTC,0.54,0.8,2.21,6.339B,27.01,1.33
TTD,N/A,,1.15,2.216B,45.85,
TTEK,0.78,0.4,2.39,2.948B,22.2,0.78
TTM,2.28,,1.39,15.931B,17.71,
TTWO,1.63,,1.63,13.383B,71.82,
TU,0.71,1.57,1.92,21.29B,18.64,4.37
TUP,1.62,2.72,-5.22,2.228B,N/A,5.88
TV,1.35,0.09,0.4,10.626B,46.5,0.53
TVPT,0.1,0.3,1.13,2.193B,15.45,1.72
TWLO,N/A,,-0.7,5.257B,N/A,
TWO,0.34,1.88,1.81,2.73B,8.58,12.05
TWOU,-0.65,,-0.6,5.145B,N/A,
TWTR,0.73,,-0.15,24.649B,N/A,
TWX,0.83,1.61,6.64,72.396B,13.95,1.71
TX,1.56,1.1,4.51,7.872B,8.88,2.77
TXN,1.19,2.48,3.61,107.96B,30.5,2.41
TXRH,0.23,1,1.84,4.464B,33.97,1.62
TXT,1.4,0.08,1.14,16.806B,57.38,0.13
TYL,0.82,,4.18,8.774B,54.9,
UA,-0.25,,-0.11,7.697B,N/A,
UAA,-0.42,,-0.11,7.75B,N/A,
UAL,1.11,,7.36,18.305B,8.97,
UBNT,0.19,,1.82,6.327B,44.87,
UBS,1.49,0.68,0.28,61.194B,57.66,4.01
UBSH,0.92,0.84,1.67,2.663B,24.21,2.18
UBSI,0.91,1.36,1.54,3.68B,22.73,3.9
UCBI,0.84,0.48,0.92,2.631B,36.22,1.48
UDR,0.49,1.29,0.44,10.068B,83.14,3.66
UE,0.53,0.88,0.61,2.681B,34.45,4.24
UFPI,1.89,0.36,2.13,2.1B,16.02,1.07
UFS,1.65,1.74,-4.11,2.872B,N/A,3.85
UGI,0.57,1.04,3.23,8.597B,15.39,2.15
UGP,1.18,0.55,0.88,8.397B,17.04,3.13
UHAL,0.51,,40.29,6.683B,8.46,
UHS,0.71,0.4,7.81,11.101B,15.08,0.35
UL,0.86,1.92,2.66,152.858B,21,3.5
ULTA,0.83,,8.96,14.977B,27.62,
ULTI,1.01,,0.46,8.135B,565.35,
UMBF,0.53,1.16,4.96,3.956B,15.94,1.51
UMC,0.51,0.08,0.12,6.506B,21.6,3.15
UMPQ,0.9,0.8,1.11,5.275B,21.59,3.35
UN,0.92,1.78,2.64,159.497B,21.45,3.14
UNF,0.42,0.23,5.5,3.277B,31.15,0.13
UNFI,1.28,,3.07,2.275B,14.71,
UNH,0.76,3,10.72,224.591B,21.8,1.27
UNIT,0.74,2.4,-0.127,3.519B,N/A,14.35
UNM,1.43,0.92,4.37,8.408B,8.7,1.92
UNP,0.86,2.92,13.36,108.805B,10.57,2.09
UNVR,1.18,,0.85,3.753B,31.37,
UPS,0.91,3.64,5.61,98.224B,20.32,3.36
URBN,0.56,,0.96,4.242B,40.71,
URI,2.59,,15.73,13.907B,10.58,
USB,0.97,1.2,3.51,84.045B,14.58,2.36
USFD,N/A,,1.97,7.367B,17.35,
USG,1.12,,0.6,5.777B,69.07,
USM,0.63,,0.14,3.181B,266.64,
USNA,-0.13,,2.53,2.684B,43.87,
UTHR,1.2,,9.31,4.404B,10.86,
UTX,1.06,2.8,5.7,99.287B,21.77,2.33
UZA,0.55,,0.14,2.157B,181,
UZB,0.55,,0.14,2.205B,185,
UZC,0.55,,0.14,2.213B,185.71,
V,1.04,0.84,3.01,293.413B,43.52,0.69
VAC,1.59,1.6,8.18,3.145B,14.47,1.18
VALE,1.97,0.28,1.04,75.16B,13.88,2
VAR,1.1,,1.33,10.814B,88.79,
VC,1.1,,5.47,3.818B,23.63,
VEDL,2.55,2.61,1.22,15.775B,14.1,14.79
VEEV,1.26,,0.92,11.023B,83.7,
VEON,1.65,0.34,-0.28,4.688B,N/A,12.41
VER,0.83,0.55,-0.04,7.069B,N/A,8.35
VET,0.65,2.15,0.4,4.334B,87.71,6.16
VFC,0.66,1.84,1.53,30.931B,51.06,2.36
VG,0.39,,-0.15,2.765B,N/A,
VGR,0.4,1.6,0.59,2.577B,32.51,8.16
VHI,3.77,0.08,0.61,2.615B,12.7,1.03
VIA,1.38,0.8,5.01,12.528B,7.06,2.26
VIAB,1.68,0.8,5.01,12.53B,6.09,2.61
VIAV,1.06,,0.13,2.234B,77.87,
VICI,N/A,,N/A,7.077B,N/A,
VIPS,2.57,,0.5,9.997B,30.04,
VIRT,-0.6,0.96,0.03,5.56B,"1,136.54",2.62
VIV,1.84,0.82,0.83,22.167B,15.95,5.77
VLO,0.93,3.2,9.15,49.336B,12.51,2.89
VLP,0.77,1.97,2.78,2.781B,14.18,4.9
VLY,0.93,0.44,0.58,4.263B,22.31,3.56
VMC,1.02,1.12,4.46,16.614B,28.19,0.97
VMI,1.25,1.5,5.11,3.224B,27.97,1.04
VMW,0.47,,1.38,58.321B,104.28,
VNO,1.12,2.52,0.85,14.252B,82.87,3.59
VNOM,0.67,1.92,1.07,3.563B,29.27,7.25
VOD,0.91,1.69,-0.02,75.417B,N/A,5.66
VOYA,1.35,0.04,-16.25,8.888B,N/A,0.08
VR,1.02,1.52,-0.8,5.552B,N/A,2.25
VRNS,0.44,,-0.5,2.123B,N/A,
VRNT,1,,-0.1,2.723B,N/A,
VRSK,0.57,,3.29,17.501B,32.19,
VRSN,0.75,,3.68,15.335B,33.86,
VRTX,1.94,,1.04,38.482B,145.34,
VRX,-0.94,,6.83,6.98B,2.93,
VSAT,0.47,,-0.7,3.766B,N/A,
VSH,1.32,0.27,-0.14,3.041B,N/A,1.53
VSM,N/A,0.2,1.46,4.279B,26.9,0.57
VST,N/A,,-0.59,11.981B,N/A,
VTR,0.38,3.16,3.78,19.28B,14.22,6.66
VVC,0.47,1.8,2.6,5.827B,26.98,2.81
VVV,N/A,0.3,1.09,4.111B,19.24,1.45
VZ,0.75,2.36,7.36,195.026B,6.41,4.58
VZA,0.09,,7.36,191.513B,3.49,
W,1.52,,-2.81,7.45B,N/A,
WAB,0.6,0.48,2.72,9.034B,34.5,0.54
WAFD,0.99,0.68,2.07,2.729B,15.61,2.09
WAL,1.53,,3.1,6.499B,19.8,
WALA,N/A,,N/A,2.68B,8.29,
WAT,1.48,,0.25,15.369B,784.68,
WB,2.74,,1.56,25.108B,72.27,
WBA,0.85,1.6,3.99,63.278B,16,2.45
WBC,1.55,,7.5,6.953B,17.3,
WBK,1.3,1.44,1.76,77.659B,12.77,6.53
WBS,1.07,1.32,2.67,5.849B,23.79,2.09
WBT,1.33,,0.95,2.663B,20.03,
WCC,1.77,,3.38,2.846B,17.88,
WCG,0.47,,8.31,9.612B,25.84,
WCN,0.52,0.56,2.18,20.029B,34.87,0.78
WDAY,2.09,,-1.55,29.689B,N/A,
WDC,0.76,2,1.28,23.652B,61.61,2.31
WEC,0.01,2.21,3.79,19.623B,16.41,3.47
WELL,0.45,3.48,1.26,20.883B,44.56,6.61
WEN,0.9,0.34,0.77,3.988B,21.58,2.03
WERN,0.98,0.28,2.8,2.606B,12.88,0.78
WES,1.53,3.74,1.3,7.921B,39.26,8.02
WEX,1.51,,3.72,7.537B,47.04,
WF,1.05,1.31,5.6,10.077B,8.02,3.28
WFC,1.24,1.56,4.19,266.302B,13.05,3
WFT,2.57,,-2.84,3.329B,N/A,
WGL,0.47,2.06,5.29,4.522B,16.64,2.41
WGP,2.01,2.27,1.72,7.726B,20.52,6.65
WHD,N/A,,"1,258.36",2.329B,0.02,
WHR,1.73,4.4,4.7,11.017B,33.11,2.88
WINS,1.92,,1.01,2.975B,148.5,
WIT,0.51,0.03,0.27,18.214B,17.3,0.63
WIX,2.04,,-1.235,3.902B,N/A,
WLK,1.68,0.84,10,15.085B,11.64,0.77
WLL,3.56,,-13.65,4.303B,N/A,
WLTW,0.94,2.4,4.18,20.607B,37.23,1.6
WM,0.67,1.86,4.41,35.935B,18.89,2.29
WMB,1.72,1.36,2.62,22.089B,10.19,5.32
WMGI,0.99,,-1.94,2.496B,N/A,
WMT,0.46,2.08,3.28,244.141B,25.21,2.4
WNS,1.26,,1.08,2.479B,45.6,
WOR,0.86,0.84,2.74,2.779B,16.71,1.82
WP,0.59,,0.8,25.557B,102.17,
WPC,0.84,4.06,2.56,7.093B,25.85,6.5
WPM,0.57,0.36,0.13,9.665B,167.54,1.69
WPP,N/A,,N/A,21.929B,8.76,
WPX,2.89,,-0.08,7.349B,N/A,
WPXP,2.3,3.12,-0.08,7.394B,N/A,4.4
WPZ,1.73,2.46,0.9,36.109B,41.12,6.67
WR,0.35,1.6,2.27,7.592B,23.52,2.97
WRB,0.67,0.56,4.26,9.263B,17.87,0.75
WRD,N/A,,0.32,2.8B,88.03,
WRE,0.95,1.2,0.25,2.289B,116.4,4.3
WRI,0.63,1.58,2.6,3.588B,10.65,6.13
WRK,1.72,1.72,6.86,15.349B,8.82,2.88
WSBC,0.57,1.16,2.14,2.141B,21.49,2.65
WSM,0.71,1.72,3.02,3.997B,15.9,3.52
WSO,0.7,5.8,5.81,6.077B,30.54,3.28
WST,1.09,0.56,1.99,6.561B,44.81,0.62
WTFC,0.69,0.76,4.4,5.241B,21.16,0.83
WTFCM,N/A,1.64,4.4,5.229B,6.11,6.09
WTM,0.3,1,147.78,3.294B,5.94,0.12
WTR,0.24,0.82,1.35,6.159B,25.64,2.31
WTS,0.84,0.76,2.12,2.626B,36.27,1.02
WTTR,N/A,,-0.23,2.466B,N/A,
WU,0.88,0.76,-1.19,9.242B,N/A,3.97
WUBA,1.81,,1.38,15.082B,63.77,
WWD,1.19,0.57,2.72,4.544B,27.16,0.78
WWE,0.95,0.48,0.42,3.324B,102.57,1.3
WWW,0.7,0.32,0,3.012B,"31,790.00",1.09
WY,1.6,1.28,0.77,27.843B,47.77,3.58
WYN,1.41,2.64,8.4,11.211B,13.37,2.28
WYNN,1.93,2,7.28,21.855B,27.68,1.05
X,4.27,0.2,2.19,6.347B,16.39,0.62
XEC,0.97,0.64,5.2,9.335B,18.83,0.65
XEL,0.05,1.52,2.25,23.026B,20.11,3.27
XHR,0.93,1.1,0.92,2.463B,25.05,5.37
XL,0.17,0.88,-2.16,14.162B,N/A,1.58
XLNX,0.7,1.4,1.92,17.766B,36.26,2.01
XOG,N/A,,-0.35,2.569B,N/A,
XOM,0.81,3.28,4.63,345.989B,17.65,4.22
XON,1.53,,-0.98,2.409B,N/A,
XPO,2.74,,2.45,13.09B,44.25,
XRAY,1.26,0.35,-6.76,10.585B,N/A,0.7
XRX,1.15,1,0.71,7.47B,41.19,3.29
XYL,0.74,0.84,1.83,13.064B,39.68,1.11
Y,0.81,,5.85,8.864B,99.12,
YELP,1.01,,1.75,3.992B,27.29,
YNDX,2.78,,0.85,11.518B,41.3,
YPF,1.58,0.11,1.56,7.964B,13.34,0.5
YUM,0.5,1.44,3.77,27.809B,22.46,1.65
YUMC,N/A,0.4,1.01,14.663B,37.6,1.06
YY,1.53,,6.53,6.557B,15.89,
Z,0.91,,-0.51,10.662B,N/A,
ZAYO,0.31,,0.34,8.565B,99.88,
ZBH,1.2,0.96,8.9,23.844B,13.18,0.89
ZBK,1.38,,2.6,11.299B,10.74,
ZBRA,1.6,,0.32,8.176B,478.5,
ZEN,0.97,,-1.11,5.95B,N/A,
ZG,0.8,,-0.51,10.65B,N/A,
ZION,1.44,0.96,2.6,11.386B,22.22,1.75
ZIONZ,1.38,,N/A,4.304B,N/A,
ZNGA,0.54,,0.03,3.371B,131,
ZNH,2.5,0.73,4.75,14.807B,11.06,1.35
ZS,N/A,,-1.6,3.306B,N/A,
ZTO,N/A,,0.7,12.305B,24.21,
ZTS,1.02,0.5,1.99,40.383B,41.96,0.59
